[2026-05-31 12:40:09] testing.ERROR: Vite manifest not found at: /Users/huzai/Documents/GitHub/LR-ProjectManager/public/build/manifest.json (View: /Users/huzai/Documents/GitHub/LR-ProjectManager/resources/views/app.blade.php) {"exception":"[object] (Illuminate\\View\\ViewException(code: 0): Vite manifest not found at: /Users/huzai/Documents/GitHub/LR-ProjectManager/public/build/manifest.json (View: /Users/huzai/Documents/GitHub/LR-ProjectManager/resources/views/app.blade.php) at /Users/huzai/Documents/GitHub/LR-ProjectManager/vendor/laravel/framework/src/Illuminate/Foundation/Vite.php:960)
[stacktrace]
#0 /Users/huzai/Documents/GitHub/LR-ProjectManager/vendor/laravel/framework/src/Illuminate/View/Engines/PhpEngine.php(59): Illuminate\\View\\Engines\\CompilerEngine->handleViewException(Object(Illuminate\\Foundation\\ViteManifestNotFoundException), 1)
#1 /Users/huzai/Documents/GitHub/LR-ProjectManager/vendor/laravel/framework/src/Illuminate/View/Engines/CompilerEngine.php(76): Illuminate\\View\\Engines\\PhpEngine->evaluatePath('/Users/huzai/Do...', Array)
#2 /Users/huzai/Documents/GitHub/LR-ProjectManager/vendor/laravel/framework/src/Illuminate/View/View.php(208): Illuminate\\View\\Engines\\CompilerEngine->get('/Users/huzai/Do...', Array)
#3 /Users/huzai/Documents/GitHub/LR-ProjectManager/vendor/laravel/framework/src/Illuminate/View/View.php(191): Illuminate\\View\\View->getContents()
#4 /Users/huzai/Documents/GitHub/LR-ProjectManager/vendor/laravel/framework/src/Illuminate/View/View.php(160): Illuminate\\View\\View->renderContents()
#5 /Users/huzai/Documents/GitHub/LR-ProjectManager/vendor/laravel/framework/src/Illuminate/Http/Response.php(78): Illuminate\\View\\View->render()
#6 /Users/huzai/Documents/GitHub/LR-ProjectManager/vendor/laravel/framework/src/Illuminate/Http/Response.php(34): Illuminate\\Http\\Response->setContent(Object(Illuminate\\View\\View))
#7 /Users/huzai/Documents/GitHub/LR-ProjectManager/vendor/laravel/framework/src/Illuminate/Routing/ResponseFactory.php(61): Illuminate\\Http\\Response->__construct(Object(Illuminate\\View\\View), 200, Array)
#8 /Users/huzai/Documents/GitHub/LR-ProjectManager/vendor/laravel/framework/src/Illuminate/Routing/ResponseFactory.php(91): Illuminate\\Routing\\ResponseFactory->make(Object(Illuminate\\View\\View), 200, Array)
#9 /Users/huzai/Documents/GitHub/LR-ProjectManager/vendor/laravel/framework/src/Illuminate/Support/Facades/Facade.php(363): Illuminate\\Routing\\ResponseFactory->view('app', Array)
#10 /Users/huzai/Documents/GitHub/LR-ProjectManager/vendor/inertiajs/inertia-laravel/src/Response.php(211): Illuminate\\Support\\Facades\\Facade::__callStatic('view', Array)
#11 /Users/huzai/Documents/GitHub/LR-ProjectManager/vendor/laravel/fortify/src/Http/Responses/SimpleViewResponse.php(56): Inertia\\Response->toResponse(Object(Illuminate\\Http\\Request))
#12 /Users/huzai/Documents/GitHub/LR-ProjectManager/vendor/laravel/framework/src/Illuminate/Routing/Router.php(921): Laravel\\Fortify\\Http\\Responses\\SimpleViewResponse->toResponse(Object(Illuminate\\Http\\Request))
#13 /Users/huzai/Documents/GitHub/LR-ProjectManager/vendor/laravel/framework/src/Illuminate/Routing/Router.php(906): Illuminate\\Routing\\Router::toResponse(Object(Illuminate\\Http\\Request), Object(Laravel\\Fortify\\Http\\Responses\\SimpleViewResponse))
#14 /Users/huzai/Documents/GitHub/LR-ProjectManager/vendor/laravel/framework/src/Illuminate/Routing/Router.php(821): Illuminate\\Routing\\Router->prepareResponse(Object(Illuminate\\Http\\Request), Object(Laravel\\Fortify\\Http\\Responses\\SimpleViewResponse))
#15 /Users/huzai/Documents/GitHub/LR-ProjectManager/vendor/laravel/framework/src/Illuminate/Pipeline/Pipeline.php(180): Illuminate\\Routing\\Router->{closure:Illuminate\\Routing\\Router::runRouteWithinStack():821}(Object(Illuminate\\Http\\Request))
#16 /Users/huzai/Documents/GitHub/LR-ProjectManager/vendor/laravel/framework/src/Illuminate/Auth/Middleware/RedirectIfAuthenticated.php(47): Illuminate\\Pipeline\\Pipeline->{closure:Illuminate\\Pipeline\\Pipeline::prepareDestination():178}(Object(Illuminate\\Http\\Request))
#17 /Users/huzai/Documents/GitHub/LR-ProjectManager/vendor/laravel/framework/src/Illuminate/Pipeline/Pipeline.php(219): Illuminate\\Auth\\Middleware\\RedirectIfAuthenticated->handle(Object(Illuminate\\Http\\Request), Object(Closure), 'web')
#18 /Users/huzai/Documents/GitHub/LR-ProjectManager/vendor/laravel/framework/src/Illuminate/Http/Middleware/AddLinkHeadersForPreloadedAssets.php(32): Illuminate\\Pipeline\\Pipeline->{closure:{closure:Illuminate\\Pipeline\\Pipeline::carry():194}:195}(Object(Illuminate\\Http\\Request))
#19 /Users/huzai/Documents/GitHub/LR-ProjectManager/vendor/laravel/framework/src/Illuminate/Pipeline/Pipeline.php(219): Illuminate\\Http\\Middleware\\AddLinkHeadersForPreloadedAssets->handle(Object(Illuminate\\Http\\Request), Object(Closure))
#20 /Users/huzai/Documents/GitHub/LR-ProjectManager/vendor/inertiajs/inertia-laravel/src/Middleware.php(138): Illuminate\\Pipeline\\Pipeline->{closure:{closure:Illuminate\\Pipeline\\Pipeline::carry():194}:195}(Object(Illuminate\\Http\\Request))
#21 /Users/huzai/Documents/GitHub/LR-ProjectManager/vendor/laravel/framework/src/Illuminate/Pipeline/Pipeline.php(219): Inertia\\Middleware->handle(Object(Illuminate\\Http\\Request), Object(Closure))
#22 /Users/huzai/Documents/GitHub/LR-ProjectManager/app/Http/Middleware/HandleAppearance.php(21): Illuminate\\Pipeline\\Pipeline->{closure:{closure:Illuminate\\Pipeline\\Pipeline::carry():194}:195}(Object(Illuminate\\Http\\Request))
#23 /Users/huzai/Documents/GitHub/LR-ProjectManager/vendor/laravel/framework/src/Illuminate/Pipeline/Pipeline.php(219): App\\Http\\Middleware\\HandleAppearance->handle(Object(Illuminate\\Http\\Request), Object(Closure))
#24 /Users/huzai/Documents/GitHub/LR-ProjectManager/vendor/laravel/framework/src/Illuminate/Routing/Middleware/SubstituteBindings.php(52): Illuminate\\Pipeline\\Pipeline->{closure:{closure:Illuminate\\Pipeline\\Pipeline::carry():194}:195}(Object(Illuminate\\Http\\Request))
#25 /Users/huzai/Documents/GitHub/LR-ProjectManager/vendor/laravel/framework/src/Illuminate/Pipeline/Pipeline.php(219): Illuminate\\Routing\\Middleware\\SubstituteBindings->handle(Object(Illuminate\\Http\\Request), Object(Closure))
#26 /Users/huzai/Documents/GitHub/LR-ProjectManager/vendor/laravel/framework/src/Illuminate/Foundation/Http/Middleware/PreventRequestForgery.php(104): Illuminate\\Pipeline\\Pipeline->{closure:{closure:Illuminate\\Pipeline\\Pipeline::carry():194}:195}(Object(Illuminate\\Http\\Request))
#27 /Users/huzai/Documents/GitHub/LR-ProjectManager/vendor/laravel/framework/src/Illuminate/Pipeline/Pipeline.php(219): Illuminate\\Foundation\\Http\\Middleware\\PreventRequestForgery->handle(Object(Illuminate\\Http\\Request), Object(Closure))
#28 /Users/huzai/Documents/GitHub/LR-ProjectManager/vendor/laravel/framework/src/Illuminate/View/Middleware/ShareErrorsFromSession.php(48): Illuminate\\Pipeline\\Pipeline->{closure:{closure:Illuminate\\Pipeline\\Pipeline::carry():194}:195}(Object(Illuminate\\Http\\Request))
#29 /Users/huzai/Documents/GitHub/LR-ProjectManager/vendor/laravel/framework/src/Illuminate/Pipeline/Pipeline.php(219): Illuminate\\View\\Middleware\\ShareErrorsFromSession->handle(Object(Illuminate\\Http\\Request), Object(Closure))
#30 /Users/huzai/Documents/GitHub/LR-ProjectManager/vendor/laravel/framework/src/Illuminate/Session/Middleware/StartSession.php(120): Illuminate\\Pipeline\\Pipeline->{closure:{closure:Illuminate\\Pipeline\\Pipeline::carry():194}:195}(Object(Illuminate\\Http\\Request))
#31 /Users/huzai/Documents/GitHub/LR-ProjectManager/vendor/laravel/framework/src/Illuminate/Session/Middleware/StartSession.php(63): Illuminate\\Session\\Middleware\\StartSession->handleStatefulRequest(Object(Illuminate\\Http\\Request), Object(Illuminate\\Session\\Store), Object(Closure))
#32 /Users/huzai/Documents/GitHub/LR-ProjectManager/vendor/laravel/framework/src/Illuminate/Pipeline/Pipeline.php(219): Illuminate\\Session\\Middleware\\StartSession->handle(Object(Illuminate\\Http\\Request), Object(Closure))
#33 /Users/huzai/Documents/GitHub/LR-ProjectManager/vendor/laravel/framework/src/Illuminate/Cookie/Middleware/AddQueuedCookiesToResponse.php(36): Illuminate\\Pipeline\\Pipeline->{closure:{closure:Illuminate\\Pipeline\\Pipeline::carry():194}:195}(Object(Illuminate\\Http\\Request))
#34 /Users/huzai/Documents/GitHub/LR-ProjectManager/vendor/laravel/framework/src/Illuminate/Pipeline/Pipeline.php(219): Illuminate\\Cookie\\Middleware\\AddQueuedCookiesToResponse->handle(Object(Illuminate\\Http\\Request), Object(Closure))
#35 /Users/huzai/Documents/GitHub/LR-ProjectManager/vendor/laravel/framework/src/Illuminate/Cookie/Middleware/EncryptCookies.php(74): Illuminate\\Pipeline\\Pipeline->{closure:{closure:Illuminate\\Pipeline\\Pipeline::carry():194}:195}(Object(Illuminate\\Http\\Request))
#36 /Users/huzai/Documents/GitHub/LR-ProjectManager/vendor/laravel/framework/src/Illuminate/Pipeline/Pipeline.php(219): Illuminate\\Cookie\\Middleware\\EncryptCookies->handle(Object(Illuminate\\Http\\Request), Object(Closure))
#37 /Users/huzai/Documents/GitHub/LR-ProjectManager/vendor/laravel/framework/src/Illuminate/Pipeline/Pipeline.php(137): Illuminate\\Pipeline\\Pipeline->{closure:{closure:Illuminate\\Pipeline\\Pipeline::carry():194}:195}(Object(Illuminate\\Http\\Request))
#38 /Users/huzai/Documents/GitHub/LR-ProjectManager/vendor/laravel/framework/src/Illuminate/Routing/Router.php(821): Illuminate\\Pipeline\\Pipeline->then(Object(Closure))
#39 /Users/huzai/Documents/GitHub/LR-ProjectManager/vendor/laravel/framework/src/Illuminate/Routing/Router.php(800): Illuminate\\Routing\\Router->runRouteWithinStack(Object(Illuminate\\Routing\\Route), Object(Illuminate\\Http\\Request))
#40 /Users/huzai/Documents/GitHub/LR-ProjectManager/vendor/laravel/framework/src/Illuminate/Routing/Router.php(764): Illuminate\\Routing\\Router->runRoute(Object(Illuminate\\Http\\Request), Object(Illuminate\\Routing\\Route))
#41 /Users/huzai/Documents/GitHub/LR-ProjectManager/vendor/laravel/framework/src/Illuminate/Routing/Router.php(753): Illuminate\\Routing\\Router->dispatchToRoute(Object(Illuminate\\Http\\Request))
#42 /Users/huzai/Documents/GitHub/LR-ProjectManager/vendor/laravel/framework/src/Illuminate/Foundation/Http/Kernel.php(200): Illuminate\\Routing\\Router->dispatch(Object(Illuminate\\Http\\Request))
#43 /Users/huzai/Documents/GitHub/LR-ProjectManager/vendor/laravel/framework/src/Illuminate/Pipeline/Pipeline.php(180): Illuminate\\Foundation\\Http\\Kernel->{closure:Illuminate\\Foundation\\Http\\Kernel::dispatchToRouter():197}(Object(Illuminate\\Http\\Request))
#44 /Users/huzai/Documents/GitHub/LR-ProjectManager/vendor/inertiajs/inertia-laravel/src/Middleware/EnsureGetOnRedirect.php(19): Illuminate\\Pipeline\\Pipeline->{closure:Illuminate\\Pipeline\\Pipeline::prepareDestination():178}(Object(Illuminate\\Http\\Request))
#45 /Users/huzai/Documents/GitHub/LR-ProjectManager/vendor/laravel/framework/src/Illuminate/Pipeline/Pipeline.php(219): Inertia\\Middleware\\EnsureGetOnRedirect->handle(Object(Illuminate\\Http\\Request), Object(Closure))
#46 /Users/huzai/Documents/GitHub/LR-ProjectManager/vendor/laravel/framework/src/Illuminate/Foundation/Http/Middleware/TransformsRequest.php(21): Illuminate\\Pipeline\\Pipeline->{closure:{closure:Illuminate\\Pipeline\\Pipeline::carry():194}:195}(Object(Illuminate\\Http\\Request))
#47 /Users/huzai/Documents/GitHub/LR-ProjectManager/vendor/laravel/framework/src/Illuminate/Foundation/Http/Middleware/ConvertEmptyStringsToNull.php(31): Illuminate\\Foundation\\Http\\Middleware\\TransformsRequest->handle(Object(Illuminate\\Http\\Request), Object(Closure))
#48 /Users/huzai/Documents/GitHub/LR-ProjectManager/vendor/laravel/framework/src/Illuminate/Pipeline/Pipeline.php(219): Illuminate\\Foundation\\Http\\Middleware\\ConvertEmptyStringsToNull->handle(Object(Illuminate\\Http\\Request), Object(Closure))
#49 /Users/huzai/Documents/GitHub/LR-ProjectManager/vendor/laravel/framework/src/Illuminate/Foundation/Http/Middleware/TransformsRequest.php(21): Illuminate\\Pipeline\\Pipeline->{closure:{closure:Illuminate\\Pipeline\\Pipeline::carry():194}:195}(Object(Illuminate\\Http\\Request))
#50 /Users/huzai/Documents/GitHub/LR-ProjectManager/vendor/laravel/framework/src/Illuminate/Foundation/Http/Middleware/TrimStrings.php(51): Illuminate\\Foundation\\Http\\Middleware\\TransformsRequest->handle(Object(Illuminate\\Http\\Request), Object(Closure))
#51 /Users/huzai/Documents/GitHub/LR-ProjectManager/vendor/laravel/framework/src/Illuminate/Pipeline/Pipeline.php(219): Illuminate\\Foundation\\Http\\Middleware\\TrimStrings->handle(Object(Illuminate\\Http\\Request), Object(Closure))
#52 /Users/huzai/Documents/GitHub/LR-ProjectManager/vendor/laravel/framework/src/Illuminate/Http/Middleware/ValidatePostSize.php(27): Illuminate\\Pipeline\\Pipeline->{closure:{closure:Illuminate\\Pipeline\\Pipeline::carry():194}:195}(Object(Illuminate\\Http\\Request))
#53 /Users/huzai/Documents/GitHub/LR-ProjectManager/vendor/laravel/framework/src/Illuminate/Pipeline/Pipeline.php(219): Illuminate\\Http\\Middleware\\ValidatePostSize->handle(Object(Illuminate\\Http\\Request), Object(Closure))
#54 /Users/huzai/Documents/GitHub/LR-ProjectManager/vendor/laravel/framework/src/Illuminate/Foundation/Http/Middleware/PreventRequestsDuringMaintenance.php(109): Illuminate\\Pipeline\\Pipeline->{closure:{closure:Illuminate\\Pipeline\\Pipeline::carry():194}:195}(Object(Illuminate\\Http\\Request))
#55 /Users/huzai/Documents/GitHub/LR-ProjectManager/vendor/laravel/framework/src/Illuminate/Pipeline/Pipeline.php(219): Illuminate\\Foundation\\Http\\Middleware\\PreventRequestsDuringMaintenance->handle(Object(Illuminate\\Http\\Request), Object(Closure))
#56 /Users/huzai/Documents/GitHub/LR-ProjectManager/vendor/laravel/framework/src/Illuminate/Http/Middleware/HandleCors.php(61): Illuminate\\Pipeline\\Pipeline->{closure:{closure:Illuminate\\Pipeline\\Pipeline::carry():194}:195}(Object(Illuminate\\Http\\Request))
#57 /Users/huzai/Documents/GitHub/LR-ProjectManager/vendor/laravel/framework/src/Illuminate/Pipeline/Pipeline.php(219): Illuminate\\Http\\Middleware\\HandleCors->handle(Object(Illuminate\\Http\\Request), Object(Closure))
#58 /Users/huzai/Documents/GitHub/LR-ProjectManager/vendor/laravel/framework/src/Illuminate/Http/Middleware/TrustProxies.php(58): Illuminate\\Pipeline\\Pipeline->{closure:{closure:Illuminate\\Pipeline\\Pipeline::carry():194}:195}(Object(Illuminate\\Http\\Request))
#59 /Users/huzai/Documents/GitHub/LR-ProjectManager/vendor/laravel/framework/src/Illuminate/Pipeline/Pipeline.php(219): Illuminate\\Http\\Middleware\\TrustProxies->handle(Object(Illuminate\\Http\\Request), Object(Closure))
#60 /Users/huzai/Documents/GitHub/LR-ProjectManager/vendor/laravel/framework/src/Illuminate/Foundation/Http/Middleware/InvokeDeferredCallbacks.php(22): Illuminate\\Pipeline\\Pipeline->{closure:{closure:Illuminate\\Pipeline\\Pipeline::carry():194}:195}(Object(Illuminate\\Http\\Request))
#61 /Users/huzai/Documents/GitHub/LR-ProjectManager/vendor/laravel/framework/src/Illuminate/Pipeline/Pipeline.php(219): Illuminate\\Foundation\\Http\\Middleware\\InvokeDeferredCallbacks->handle(Object(Illuminate\\Http\\Request), Object(Closure))
#62 /Users/huzai/Documents/GitHub/LR-ProjectManager/vendor/laravel/framework/src/Illuminate/Http/Middleware/ValidatePathEncoding.php(28): Illuminate\\Pipeline\\Pipeline->{closure:{closure:Illuminate\\Pipeline\\Pipeline::carry():194}:195}(Object(Illuminate\\Http\\Request))
#63 /Users/huzai/Documents/GitHub/LR-ProjectManager/vendor/laravel/framework/src/Illuminate/Pipeline/Pipeline.php(219): Illuminate\\Http\\Middleware\\ValidatePathEncoding->handle(Object(Illuminate\\Http\\Request), Object(Closure))
#64 /Users/huzai/Documents/GitHub/LR-ProjectManager/vendor/laravel/framework/src/Illuminate/Pipeline/Pipeline.php(137): Illuminate\\Pipeline\\Pipeline->{closure:{closure:Illuminate\\Pipeline\\Pipeline::carry():194}:195}(Object(Illuminate\\Http\\Request))
#65 /Users/huzai/Documents/GitHub/LR-ProjectManager/vendor/laravel/framework/src/Illuminate/Foundation/Http/Kernel.php(175): Illuminate\\Pipeline\\Pipeline->then(Object(Closure))
#66 /Users/huzai/Documents/GitHub/LR-ProjectManager/vendor/laravel/framework/src/Illuminate/Foundation/Http/Kernel.php(144): Illuminate\\Foundation\\Http\\Kernel->sendRequestThroughRouter(Object(Illuminate\\Http\\Request))
#67 /Users/huzai/Documents/GitHub/LR-ProjectManager/vendor/laravel/framework/src/Illuminate/Foundation/Testing/Concerns/MakesHttpRequests.php(607): Illuminate\\Foundation\\Http\\Kernel->handle(Object(Illuminate\\Http\\Request))
#68 /Users/huzai/Documents/GitHub/LR-ProjectManager/vendor/laravel/framework/src/Illuminate/Foundation/Testing/Concerns/MakesHttpRequests.php(368): Illuminate\\Foundation\\Testing\\TestCase->call('GET', 'http://127.0.0....', Array, Array, Array, Array)
#69 /Users/huzai/Documents/GitHub/LR-ProjectManager/tests/Feature/Auth/AuthenticationTest.php(17): Illuminate\\Foundation\\Testing\\TestCase->get('http://127.0.0....')
#70 /Users/huzai/Documents/GitHub/LR-ProjectManager/vendor/phpunit/phpunit/src/Framework/TestCase.php(1314): Tests\\Feature\\Auth\\AuthenticationTest->test_login_screen_can_be_rendered()
#71 /Users/huzai/Documents/GitHub/LR-ProjectManager/vendor/phpunit/phpunit/src/Framework/TestCase.php(1351): PHPUnit\\Framework\\TestCase->invokeTestMethod('test_login_scre...', Array)
#72 /Users/huzai/Documents/GitHub/LR-ProjectManager/vendor/phpunit/phpunit/src/Framework/TestCase.php(521): PHPUnit\\Framework\\TestCase->runTest()
#73 /Users/huzai/Documents/GitHub/LR-ProjectManager/vendor/phpunit/phpunit/src/Framework/TestRunner/TestRunner.php(99): PHPUnit\\Framework\\TestCase->runBare()
#74 /Users/huzai/Documents/GitHub/LR-ProjectManager/vendor/phpunit/phpunit/src/Framework/TestCase.php(361): PHPUnit\\Framework\\TestRunner->run(Object(Tests\\Feature\\Auth\\AuthenticationTest))
#75 /Users/huzai/Documents/GitHub/LR-ProjectManager/vendor/phpunit/phpunit/src/Framework/TestSuite.php(374): PHPUnit\\Framework\\TestCase->run()
#76 /Users/huzai/Documents/GitHub/LR-ProjectManager/vendor/phpunit/phpunit/src/Framework/TestSuite.php(374): PHPUnit\\Framework\\TestSuite->run()
#77 /Users/huzai/Documents/GitHub/LR-ProjectManager/vendor/phpunit/phpunit/src/Framework/TestSuite.php(374): PHPUnit\\Framework\\TestSuite->run()
#78 /Users/huzai/Documents/GitHub/LR-ProjectManager/vendor/phpunit/phpunit/src/TextUI/TestRunner.php(64): PHPUnit\\Framework\\TestSuite->run()
#79 /Users/huzai/Documents/GitHub/LR-ProjectManager/vendor/phpunit/phpunit/src/TextUI/Application.php(229): PHPUnit\\TextUI\\TestRunner->run(Object(PHPUnit\\TextUI\\Configuration\\Configuration), Object(PHPUnit\\Runner\\ResultCache\\DefaultResultCache), Object(PHPUnit\\Framework\\TestSuite))
#80 /Users/huzai/Documents/GitHub/LR-ProjectManager/vendor/phpunit/phpunit/phpunit(104): PHPUnit\\TextUI\\Application->run(Array)
#81 {main}

[previous exception] [object] (Illuminate\\Foundation\\ViteManifestNotFoundException(code: 0): Vite manifest not found at: /Users/huzai/Documents/GitHub/LR-ProjectManager/public/build/manifest.json at /Users/huzai/Documents/GitHub/LR-ProjectManager/vendor/laravel/framework/src/Illuminate/Foundation/Vite.php:960)
[stacktrace]
#0 /Users/huzai/Documents/GitHub/LR-ProjectManager/vendor/laravel/framework/src/Illuminate/Foundation/Vite.php(398): Illuminate\\Foundation\\Vite->manifest('build')
#1 /Users/huzai/Documents/GitHub/LR-ProjectManager/storage/framework/views/cc980059043f8a994bd2e0d5afbf0963.php(40): Illuminate\\Foundation\\Vite->__invoke(Object(Illuminate\\Support\\Collection))
#2 /Users/huzai/Documents/GitHub/LR-ProjectManager/vendor/laravel/framework/src/Illuminate/Filesystem/Filesystem.php(123): require('/Users/huzai/Do...')
#3 /Users/huzai/Documents/GitHub/LR-ProjectManager/vendor/laravel/framework/src/Illuminate/Filesystem/Filesystem.php(124): Illuminate\\Filesystem\\Filesystem::{closure:Illuminate\\Filesystem\\Filesystem::getRequire():120}()
#4 /Users/huzai/Documents/GitHub/LR-ProjectManager/vendor/laravel/framework/src/Illuminate/View/Engines/PhpEngine.php(57): Illuminate\\Filesystem\\Filesystem->getRequire('/Users/huzai/Do...', Array)
#5 /Users/huzai/Documents/GitHub/LR-ProjectManager/vendor/laravel/framework/src/Illuminate/View/Engines/CompilerEngine.php(76): Illuminate\\View\\Engines\\PhpEngine->evaluatePath('/Users/huzai/Do...', Array)
#6 /Users/huzai/Documents/GitHub/LR-ProjectManager/vendor/laravel/framework/src/Illuminate/View/View.php(208): Illuminate\\View\\Engines\\CompilerEngine->get('/Users/huzai/Do...', Array)
#7 /Users/huzai/Documents/GitHub/LR-ProjectManager/vendor/laravel/framework/src/Illuminate/View/View.php(191): Illuminate\\View\\View->getContents()
#8 /Users/huzai/Documents/GitHub/LR-ProjectManager/vendor/laravel/framework/src/Illuminate/View/View.php(160): Illuminate\\View\\View->renderContents()
#9 /Users/huzai/Documents/GitHub/LR-ProjectManager/vendor/laravel/framework/src/Illuminate/Http/Response.php(78): Illuminate\\View\\View->render()
#10 /Users/huzai/Documents/GitHub/LR-ProjectManager/vendor/laravel/framework/src/Illuminate/Http/Response.php(34): Illuminate\\Http\\Response->setContent(Object(Illuminate\\View\\View))
#11 /Users/huzai/Documents/GitHub/LR-ProjectManager/vendor/laravel/framework/src/Illuminate/Routing/ResponseFactory.php(61): Illuminate\\Http\\Response->__construct(Object(Illuminate\\View\\View), 200, Array)
#12 /Users/huzai/Documents/GitHub/LR-ProjectManager/vendor/laravel/framework/src/Illuminate/Routing/ResponseFactory.php(91): Illuminate\\Routing\\ResponseFactory->make(Object(Illuminate\\View\\View), 200, Array)
#13 /Users/huzai/Documents/GitHub/LR-ProjectManager/vendor/laravel/framework/src/Illuminate/Support/Facades/Facade.php(363): Illuminate\\Routing\\ResponseFactory->view('app', Array)
#14 /Users/huzai/Documents/GitHub/LR-ProjectManager/vendor/inertiajs/inertia-laravel/src/Response.php(211): Illuminate\\Support\\Facades\\Facade::__callStatic('view', Array)
#15 /Users/huzai/Documents/GitHub/LR-ProjectManager/vendor/laravel/fortify/src/Http/Responses/SimpleViewResponse.php(56): Inertia\\Response->toResponse(Object(Illuminate\\Http\\Request))
#16 /Users/huzai/Documents/GitHub/LR-ProjectManager/vendor/laravel/framework/src/Illuminate/Routing/Router.php(921): Laravel\\Fortify\\Http\\Responses\\SimpleViewResponse->toResponse(Object(Illuminate\\Http\\Request))
#17 /Users/huzai/Documents/GitHub/LR-ProjectManager/vendor/laravel/framework/src/Illuminate/Routing/Router.php(906): Illuminate\\Routing\\Router::toResponse(Object(Illuminate\\Http\\Request), Object(Laravel\\Fortify\\Http\\Responses\\SimpleViewResponse))
#18 /Users/huzai/Documents/GitHub/LR-ProjectManager/vendor/laravel/framework/src/Illuminate/Routing/Router.php(821): Illuminate\\Routing\\Router->prepareResponse(Object(Illuminate\\Http\\Request), Object(Laravel\\Fortify\\Http\\Responses\\SimpleViewResponse))
#19 /Users/huzai/Documents/GitHub/LR-ProjectManager/vendor/laravel/framework/src/Illuminate/Pipeline/Pipeline.php(180): Illuminate\\Routing\\Router->{closure:Illuminate\\Routing\\Router::runRouteWithinStack():821}(Object(Illuminate\\Http\\Request))
#20 /Users/huzai/Documents/GitHub/LR-ProjectManager/vendor/laravel/framework/src/Illuminate/Auth/Middleware/RedirectIfAuthenticated.php(47): Illuminate\\Pipeline\\Pipeline->{closure:Illuminate\\Pipeline\\Pipeline::prepareDestination():178}(Object(Illuminate\\Http\\Request))
#21 /Users/huzai/Documents/GitHub/LR-ProjectManager/vendor/laravel/framework/src/Illuminate/Pipeline/Pipeline.php(219): Illuminate\\Auth\\Middleware\\RedirectIfAuthenticated->handle(Object(Illuminate\\Http\\Request), Object(Closure), 'web')
#22 /Users/huzai/Documents/GitHub/LR-ProjectManager/vendor/laravel/framework/src/Illuminate/Http/Middleware/AddLinkHeadersForPreloadedAssets.php(32): Illuminate\\Pipeline\\Pipeline->{closure:{closure:Illuminate\\Pipeline\\Pipeline::carry():194}:195}(Object(Illuminate\\Http\\Request))
#23 /Users/huzai/Documents/GitHub/LR-ProjectManager/vendor/laravel/framework/src/Illuminate/Pipeline/Pipeline.php(219): Illuminate\\Http\\Middleware\\AddLinkHeadersForPreloadedAssets->handle(Object(Illuminate\\Http\\Request), Object(Closure))
#24 /Users/huzai/Documents/GitHub/LR-ProjectManager/vendor/inertiajs/inertia-laravel/src/Middleware.php(138): Illuminate\\Pipeline\\Pipeline->{closure:{closure:Illuminate\\Pipeline\\Pipeline::carry():194}:195}(Object(Illuminate\\Http\\Request))
#25 /Users/huzai/Documents/GitHub/LR-ProjectManager/vendor/laravel/framework/src/Illuminate/Pipeline/Pipeline.php(219): Inertia\\Middleware->handle(Object(Illuminate\\Http\\Request), Object(Closure))
#26 /Users/huzai/Documents/GitHub/LR-ProjectManager/app/Http/Middleware/HandleAppearance.php(21): Illuminate\\Pipeline\\Pipeline->{closure:{closure:Illuminate\\Pipeline\\Pipeline::carry():194}:195}(Object(Illuminate\\Http\\Request))
#27 /Users/huzai/Documents/GitHub/LR-ProjectManager/vendor/laravel/framework/src/Illuminate/Pipeline/Pipeline.php(219): App\\Http\\Middleware\\HandleAppearance->handle(Object(Illuminate\\Http\\Request), Object(Closure))
#28 /Users/huzai/Documents/GitHub/LR-ProjectManager/vendor/laravel/framework/src/Illuminate/Routing/Middleware/SubstituteBindings.php(52): Illuminate\\Pipeline\\Pipeline->{closure:{closure:Illuminate\\Pipeline\\Pipeline::carry():194}:195}(Object(Illuminate\\Http\\Request))
#29 /Users/huzai/Documents/GitHub/LR-ProjectManager/vendor/laravel/framework/src/Illuminate/Pipeline/Pipeline.php(219): Illuminate\\Routing\\Middleware\\SubstituteBindings->handle(Object(Illuminate\\Http\\Request), Object(Closure))
#30 /Users/huzai/Documents/GitHub/LR-ProjectManager/vendor/laravel/framework/src/Illuminate/Foundation/Http/Middleware/PreventRequestForgery.php(104): Illuminate\\Pipeline\\Pipeline->{closure:{closure:Illuminate\\Pipeline\\Pipeline::carry():194}:195}(Object(Illuminate\\Http\\Request))
#31 /Users/huzai/Documents/GitHub/LR-ProjectManager/vendor/laravel/framework/src/Illuminate/Pipeline/Pipeline.php(219): Illuminate\\Foundation\\Http\\Middleware\\PreventRequestForgery->handle(Object(Illuminate\\Http\\Request), Object(Closure))
#32 /Users/huzai/Documents/GitHub/LR-ProjectManager/vendor/laravel/framework/src/Illuminate/View/Middleware/ShareErrorsFromSession.php(48): Illuminate\\Pipeline\\Pipeline->{closure:{closure:Illuminate\\Pipeline\\Pipeline::carry():194}:195}(Object(Illuminate\\Http\\Request))
#33 /Users/huzai/Documents/GitHub/LR-ProjectManager/vendor/laravel/framework/src/Illuminate/Pipeline/Pipeline.php(219): Illuminate\\View\\Middleware\\ShareErrorsFromSession->handle(Object(Illuminate\\Http\\Request), Object(Closure))
#34 /Users/huzai/Documents/GitHub/LR-ProjectManager/vendor/laravel/framework/src/Illuminate/Session/Middleware/StartSession.php(120): Illuminate\\Pipeline\\Pipeline->{closure:{closure:Illuminate\\Pipeline\\Pipeline::carry():194}:195}(Object(Illuminate\\Http\\Request))
#35 /Users/huzai/Documents/GitHub/LR-ProjectManager/vendor/laravel/framework/src/Illuminate/Session/Middleware/StartSession.php(63): Illuminate\\Session\\Middleware\\StartSession->handleStatefulRequest(Object(Illuminate\\Http\\Request), Object(Illuminate\\Session\\Store), Object(Closure))
#36 /Users/huzai/Documents/GitHub/LR-ProjectManager/vendor/laravel/framework/src/Illuminate/Pipeline/Pipeline.php(219): Illuminate\\Session\\Middleware\\StartSession->handle(Object(Illuminate\\Http\\Request), Object(Closure))
#37 /Users/huzai/Documents/GitHub/LR-ProjectManager/vendor/laravel/framework/src/Illuminate/Cookie/Middleware/AddQueuedCookiesToResponse.php(36): Illuminate\\Pipeline\\Pipeline->{closure:{closure:Illuminate\\Pipeline\\Pipeline::carry():194}:195}(Object(Illuminate\\Http\\Request))
#38 /Users/huzai/Documents/GitHub/LR-ProjectManager/vendor/laravel/framework/src/Illuminate/Pipeline/Pipeline.php(219): Illuminate\\Cookie\\Middleware\\AddQueuedCookiesToResponse->handle(Object(Illuminate\\Http\\Request), Object(Closure))
#39 /Users/huzai/Documents/GitHub/LR-ProjectManager/vendor/laravel/framework/src/Illuminate/Cookie/Middleware/EncryptCookies.php(74): Illuminate\\Pipeline\\Pipeline->{closure:{closure:Illuminate\\Pipeline\\Pipeline::carry():194}:195}(Object(Illuminate\\Http\\Request))
#40 /Users/huzai/Documents/GitHub/LR-ProjectManager/vendor/laravel/framework/src/Illuminate/Pipeline/Pipeline.php(219): Illuminate\\Cookie\\Middleware\\EncryptCookies->handle(Object(Illuminate\\Http\\Request), Object(Closure))
#41 /Users/huzai/Documents/GitHub/LR-ProjectManager/vendor/laravel/framework/src/Illuminate/Pipeline/Pipeline.php(137): Illuminate\\Pipeline\\Pipeline->{closure:{closure:Illuminate\\Pipeline\\Pipeline::carry():194}:195}(Object(Illuminate\\Http\\Request))
#42 /Users/huzai/Documents/GitHub/LR-ProjectManager/vendor/laravel/framework/src/Illuminate/Routing/Router.php(821): Illuminate\\Pipeline\\Pipeline->then(Object(Closure))
#43 /Users/huzai/Documents/GitHub/LR-ProjectManager/vendor/laravel/framework/src/Illuminate/Routing/Router.php(800): Illuminate\\Routing\\Router->runRouteWithinStack(Object(Illuminate\\Routing\\Route), Object(Illuminate\\Http\\Request))
#44 /Users/huzai/Documents/GitHub/LR-ProjectManager/vendor/laravel/framework/src/Illuminate/Routing/Router.php(764): Illuminate\\Routing\\Router->runRoute(Object(Illuminate\\Http\\Request), Object(Illuminate\\Routing\\Route))
#45 /Users/huzai/Documents/GitHub/LR-ProjectManager/vendor/laravel/framework/src/Illuminate/Routing/Router.php(753): Illuminate\\Routing\\Router->dispatchToRoute(Object(Illuminate\\Http\\Request))
#46 /Users/huzai/Documents/GitHub/LR-ProjectManager/vendor/laravel/framework/src/Illuminate/Foundation/Http/Kernel.php(200): Illuminate\\Routing\\Router->dispatch(Object(Illuminate\\Http\\Request))
#47 /Users/huzai/Documents/GitHub/LR-ProjectManager/vendor/laravel/framework/src/Illuminate/Pipeline/Pipeline.php(180): Illuminate\\Foundation\\Http\\Kernel->{closure:Illuminate\\Foundation\\Http\\Kernel::dispatchToRouter():197}(Object(Illuminate\\Http\\Request))
#48 /Users/huzai/Documents/GitHub/LR-ProjectManager/vendor/inertiajs/inertia-laravel/src/Middleware/EnsureGetOnRedirect.php(19): Illuminate\\Pipeline\\Pipeline->{closure:Illuminate\\Pipeline\\Pipeline::prepareDestination():178}(Object(Illuminate\\Http\\Request))
#49 /Users/huzai/Documents/GitHub/LR-ProjectManager/vendor/laravel/framework/src/Illuminate/Pipeline/Pipeline.php(219): Inertia\\Middleware\\EnsureGetOnRedirect->handle(Object(Illuminate\\Http\\Request), Object(Closure))
#50 /Users/huzai/Documents/GitHub/LR-ProjectManager/vendor/laravel/framework/src/Illuminate/Foundation/Http/Middleware/TransformsRequest.php(21): Illuminate\\Pipeline\\Pipeline->{closure:{closure:Illuminate\\Pipeline\\Pipeline::carry():194}:195}(Object(Illuminate\\Http\\Request))
#51 /Users/huzai/Documents/GitHub/LR-ProjectManager/vendor/laravel/framework/src/Illuminate/Foundation/Http/Middleware/ConvertEmptyStringsToNull.php(31): Illuminate\\Foundation\\Http\\Middleware\\TransformsRequest->handle(Object(Illuminate\\Http\\Request), Object(Closure))
#52 /Users/huzai/Documents/GitHub/LR-ProjectManager/vendor/laravel/framework/src/Illuminate/Pipeline/Pipeline.php(219): Illuminate\\Foundation\\Http\\Middleware\\ConvertEmptyStringsToNull->handle(Object(Illuminate\\Http\\Request), Object(Closure))
#53 /Users/huzai/Documents/GitHub/LR-ProjectManager/vendor/laravel/framework/src/Illuminate/Foundation/Http/Middleware/TransformsRequest.php(21): Illuminate\\Pipeline\\Pipeline->{closure:{closure:Illuminate\\Pipeline\\Pipeline::carry():194}:195}(Object(Illuminate\\Http\\Request))
#54 /Users/huzai/Documents/GitHub/LR-ProjectManager/vendor/laravel/framework/src/Illuminate/Foundation/Http/Middleware/TrimStrings.php(51): Illuminate\\Foundation\\Http\\Middleware\\TransformsRequest->handle(Object(Illuminate\\Http\\Request), Object(Closure))
#55 /Users/huzai/Documents/GitHub/LR-ProjectManager/vendor/laravel/framework/src/Illuminate/Pipeline/Pipeline.php(219): Illuminate\\Foundation\\Http\\Middleware\\TrimStrings->handle(Object(Illuminate\\Http\\Request), Object(Closure))
#56 /Users/huzai/Documents/GitHub/LR-ProjectManager/vendor/laravel/framework/src/Illuminate/Http/Middleware/ValidatePostSize.php(27): Illuminate\\Pipeline\\Pipeline->{closure:{closure:Illuminate\\Pipeline\\Pipeline::carry():194}:195}(Object(Illuminate\\Http\\Request))
#57 /Users/huzai/Documents/GitHub/LR-ProjectManager/vendor/laravel/framework/src/Illuminate/Pipeline/Pipeline.php(219): Illuminate\\Http\\Middleware\\ValidatePostSize->handle(Object(Illuminate\\Http\\Request), Object(Closure))
#58 /Users/huzai/Documents/GitHub/LR-ProjectManager/vendor/laravel/framework/src/Illuminate/Foundation/Http/Middleware/PreventRequestsDuringMaintenance.php(109): Illuminate\\Pipeline\\Pipeline->{closure:{closure:Illuminate\\Pipeline\\Pipeline::carry():194}:195}(Object(Illuminate\\Http\\Request))
#59 /Users/huzai/Documents/GitHub/LR-ProjectManager/vendor/laravel/framework/src/Illuminate/Pipeline/Pipeline.php(219): Illuminate\\Foundation\\Http\\Middleware\\PreventRequestsDuringMaintenance->handle(Object(Illuminate\\Http\\Request), Object(Closure))
#60 /Users/huzai/Documents/GitHub/LR-ProjectManager/vendor/laravel/framework/src/Illuminate/Http/Middleware/HandleCors.php(61): Illuminate\\Pipeline\\Pipeline->{closure:{closure:Illuminate\\Pipeline\\Pipeline::carry():194}:195}(Object(Illuminate\\Http\\Request))
#61 /Users/huzai/Documents/GitHub/LR-ProjectManager/vendor/laravel/framework/src/Illuminate/Pipeline/Pipeline.php(219): Illuminate\\Http\\Middleware\\HandleCors->handle(Object(Illuminate\\Http\\Request), Object(Closure))
#62 /Users/huzai/Documents/GitHub/LR-ProjectManager/vendor/laravel/framework/src/Illuminate/Http/Middleware/TrustProxies.php(58): Illuminate\\Pipeline\\Pipeline->{closure:{closure:Illuminate\\Pipeline\\Pipeline::carry():194}:195}(Object(Illuminate\\Http\\Request))
#63 /Users/huzai/Documents/GitHub/LR-ProjectManager/vendor/laravel/framework/src/Illuminate/Pipeline/Pipeline.php(219): Illuminate\\Http\\Middleware\\TrustProxies->handle(Object(Illuminate\\Http\\Request), Object(Closure))
#64 /Users/huzai/Documents/GitHub/LR-ProjectManager/vendor/laravel/framework/src/Illuminate/Foundation/Http/Middleware/InvokeDeferredCallbacks.php(22): Illuminate\\Pipeline\\Pipeline->{closure:{closure:Illuminate\\Pipeline\\Pipeline::carry():194}:195}(Object(Illuminate\\Http\\Request))
#65 /Users/huzai/Documents/GitHub/LR-ProjectManager/vendor/laravel/framework/src/Illuminate/Pipeline/Pipeline.php(219): Illuminate\\Foundation\\Http\\Middleware\\InvokeDeferredCallbacks->handle(Object(Illuminate\\Http\\Request), Object(Closure))
#66 /Users/huzai/Documents/GitHub/LR-ProjectManager/vendor/laravel/framework/src/Illuminate/Http/Middleware/ValidatePathEncoding.php(28): Illuminate\\Pipeline\\Pipeline->{closure:{closure:Illuminate\\Pipeline\\Pipeline::carry():194}:195}(Object(Illuminate\\Http\\Request))
#67 /Users/huzai/Documents/GitHub/LR-ProjectManager/vendor/laravel/framework/src/Illuminate/Pipeline/Pipeline.php(219): Illuminate\\Http\\Middleware\\ValidatePathEncoding->handle(Object(Illuminate\\Http\\Request), Object(Closure))
#68 /Users/huzai/Documents/GitHub/LR-ProjectManager/vendor/laravel/framework/src/Illuminate/Pipeline/Pipeline.php(137): Illuminate\\Pipeline\\Pipeline->{closure:{closure:Illuminate\\Pipeline\\Pipeline::carry():194}:195}(Object(Illuminate\\Http\\Request))
#69 /Users/huzai/Documents/GitHub/LR-ProjectManager/vendor/laravel/framework/src/Illuminate/Foundation/Http/Kernel.php(175): Illuminate\\Pipeline\\Pipeline->then(Object(Closure))
#70 /Users/huzai/Documents/GitHub/LR-ProjectManager/vendor/laravel/framework/src/Illuminate/Foundation/Http/Kernel.php(144): Illuminate\\Foundation\\Http\\Kernel->sendRequestThroughRouter(Object(Illuminate\\Http\\Request))
#71 /Users/huzai/Documents/GitHub/LR-ProjectManager/vendor/laravel/framework/src/Illuminate/Foundation/Testing/Concerns/MakesHttpRequests.php(607): Illuminate\\Foundation\\Http\\Kernel->handle(Object(Illuminate\\Http\\Request))
#72 /Users/huzai/Documents/GitHub/LR-ProjectManager/vendor/laravel/framework/src/Illuminate/Foundation/Testing/Concerns/MakesHttpRequests.php(368): Illuminate\\Foundation\\Testing\\TestCase->call('GET', 'http://127.0.0....', Array, Array, Array, Array)
#73 /Users/huzai/Documents/GitHub/LR-ProjectManager/tests/Feature/Auth/AuthenticationTest.php(17): Illuminate\\Foundation\\Testing\\TestCase->get('http://127.0.0....')
#74 /Users/huzai/Documents/GitHub/LR-ProjectManager/vendor/phpunit/phpunit/src/Framework/TestCase.php(1314): Tests\\Feature\\Auth\\AuthenticationTest->test_login_screen_can_be_rendered()
#75 /Users/huzai/Documents/GitHub/LR-ProjectManager/vendor/phpunit/phpunit/src/Framework/TestCase.php(1351): PHPUnit\\Framework\\TestCase->invokeTestMethod('test_login_scre...', Array)
#76 /Users/huzai/Documents/GitHub/LR-ProjectManager/vendor/phpunit/phpunit/src/Framework/TestCase.php(521): PHPUnit\\Framework\\TestCase->runTest()
#77 /Users/huzai/Documents/GitHub/LR-ProjectManager/vendor/phpunit/phpunit/src/Framework/TestRunner/TestRunner.php(99): PHPUnit\\Framework\\TestCase->runBare()
#78 /Users/huzai/Documents/GitHub/LR-ProjectManager/vendor/phpunit/phpunit/src/Framework/TestCase.php(361): PHPUnit\\Framework\\TestRunner->run(Object(Tests\\Feature\\Auth\\AuthenticationTest))
#79 /Users/huzai/Documents/GitHub/LR-ProjectManager/vendor/phpunit/phpunit/src/Framework/TestSuite.php(374): PHPUnit\\Framework\\TestCase->run()
#80 /Users/huzai/Documents/GitHub/LR-ProjectManager/vendor/phpunit/phpunit/src/Framework/TestSuite.php(374): PHPUnit\\Framework\\TestSuite->run()
#81 /Users/huzai/Documents/GitHub/LR-ProjectManager/vendor/phpunit/phpunit/src/Framework/TestSuite.php(374): PHPUnit\\Framework\\TestSuite->run()
#82 /Users/huzai/Documents/GitHub/LR-ProjectManager/vendor/phpunit/phpunit/src/TextUI/TestRunner.php(64): PHPUnit\\Framework\\TestSuite->run()
#83 /Users/huzai/Documents/GitHub/LR-ProjectManager/vendor/phpunit/phpunit/src/TextUI/Application.php(229): PHPUnit\\TextUI\\TestRunner->run(Object(PHPUnit\\TextUI\\Configuration\\Configuration), Object(PHPUnit\\Runner\\ResultCache\\DefaultResultCache), Object(PHPUnit\\Framework\\TestSuite))
#84 /Users/huzai/Documents/GitHub/LR-ProjectManager/vendor/phpunit/phpunit/phpunit(104): PHPUnit\\TextUI\\Application->run(Array)
#85 {main}
"} 
[2026-05-31 12:40:17] testing.ERROR: Vite manifest not found at: /Users/huzai/Documents/GitHub/LR-ProjectManager/public/build/manifest.json (View: /Users/huzai/Documents/GitHub/LR-ProjectManager/resources/views/app.blade.php) {"userId":1,"exception":"[object] (Illuminate\\View\\ViewException(code: 0): Vite manifest not found at: /Users/huzai/Documents/GitHub/LR-ProjectManager/public/build/manifest.json (View: /Users/huzai/Documents/GitHub/LR-ProjectManager/resources/views/app.blade.php) at /Users/huzai/Documents/GitHub/LR-ProjectManager/vendor/laravel/framework/src/Illuminate/Foundation/Vite.php:960)
[stacktrace]
#0 /Users/huzai/Documents/GitHub/LR-ProjectManager/vendor/laravel/framework/src/Illuminate/View/Engines/PhpEngine.php(59): Illuminate\\View\\Engines\\CompilerEngine->handleViewException(Object(Illuminate\\Foundation\\ViteManifestNotFoundException), 1)
#1 /Users/huzai/Documents/GitHub/LR-ProjectManager/vendor/laravel/framework/src/Illuminate/View/Engines/CompilerEngine.php(76): Illuminate\\View\\Engines\\PhpEngine->evaluatePath('/Users/huzai/Do...', Array)
#2 /Users/huzai/Documents/GitHub/LR-ProjectManager/vendor/laravel/framework/src/Illuminate/View/View.php(208): Illuminate\\View\\Engines\\CompilerEngine->get('/Users/huzai/Do...', Array)
#3 /Users/huzai/Documents/GitHub/LR-ProjectManager/vendor/laravel/framework/src/Illuminate/View/View.php(191): Illuminate\\View\\View->getContents()
#4 /Users/huzai/Documents/GitHub/LR-ProjectManager/vendor/laravel/framework/src/Illuminate/View/View.php(160): Illuminate\\View\\View->renderContents()
#5 /Users/huzai/Documents/GitHub/LR-ProjectManager/vendor/laravel/framework/src/Illuminate/Http/Response.php(78): Illuminate\\View\\View->render()
#6 /Users/huzai/Documents/GitHub/LR-ProjectManager/vendor/laravel/framework/src/Illuminate/Http/Response.php(34): Illuminate\\Http\\Response->setContent(Object(Illuminate\\View\\View))
#7 /Users/huzai/Documents/GitHub/LR-ProjectManager/vendor/laravel/framework/src/Illuminate/Routing/ResponseFactory.php(61): Illuminate\\Http\\Response->__construct(Object(Illuminate\\View\\View), 200, Array)
#8 /Users/huzai/Documents/GitHub/LR-ProjectManager/vendor/laravel/framework/src/Illuminate/Routing/ResponseFactory.php(91): Illuminate\\Routing\\ResponseFactory->make(Object(Illuminate\\View\\View), 200, Array)
#9 /Users/huzai/Documents/GitHub/LR-ProjectManager/vendor/laravel/framework/src/Illuminate/Support/Facades/Facade.php(363): Illuminate\\Routing\\ResponseFactory->view('app', Array)
#10 /Users/huzai/Documents/GitHub/LR-ProjectManager/vendor/inertiajs/inertia-laravel/src/Response.php(211): Illuminate\\Support\\Facades\\Facade::__callStatic('view', Array)
#11 /Users/huzai/Documents/GitHub/LR-ProjectManager/vendor/laravel/fortify/src/Http/Responses/SimpleViewResponse.php(56): Inertia\\Response->toResponse(Object(Illuminate\\Http\\Request))
#12 /Users/huzai/Documents/GitHub/LR-ProjectManager/vendor/laravel/framework/src/Illuminate/Routing/Router.php(921): Laravel\\Fortify\\Http\\Responses\\SimpleViewResponse->toResponse(Object(Illuminate\\Http\\Request))
#13 /Users/huzai/Documents/GitHub/LR-ProjectManager/vendor/laravel/framework/src/Illuminate/Routing/Router.php(906): Illuminate\\Routing\\Router::toResponse(Object(Illuminate\\Http\\Request), Object(Laravel\\Fortify\\Http\\Responses\\SimpleViewResponse))
#14 /Users/huzai/Documents/GitHub/LR-ProjectManager/vendor/laravel/framework/src/Illuminate/Routing/Router.php(821): Illuminate\\Routing\\Router->prepareResponse(Object(Illuminate\\Http\\Request), Object(Laravel\\Fortify\\Http\\Responses\\SimpleViewResponse))
#15 /Users/huzai/Documents/GitHub/LR-ProjectManager/vendor/laravel/framework/src/Illuminate/Pipeline/Pipeline.php(180): Illuminate\\Routing\\Router->{closure:Illuminate\\Routing\\Router::runRouteWithinStack():821}(Object(Illuminate\\Http\\Request))
#16 /Users/huzai/Documents/GitHub/LR-ProjectManager/vendor/laravel/framework/src/Illuminate/Http/Middleware/AddLinkHeadersForPreloadedAssets.php(32): Illuminate\\Pipeline\\Pipeline->{closure:Illuminate\\Pipeline\\Pipeline::prepareDestination():178}(Object(Illuminate\\Http\\Request))
#17 /Users/huzai/Documents/GitHub/LR-ProjectManager/vendor/laravel/framework/src/Illuminate/Pipeline/Pipeline.php(219): Illuminate\\Http\\Middleware\\AddLinkHeadersForPreloadedAssets->handle(Object(Illuminate\\Http\\Request), Object(Closure))
#18 /Users/huzai/Documents/GitHub/LR-ProjectManager/vendor/inertiajs/inertia-laravel/src/Middleware.php(138): Illuminate\\Pipeline\\Pipeline->{closure:{closure:Illuminate\\Pipeline\\Pipeline::carry():194}:195}(Object(Illuminate\\Http\\Request))
#19 /Users/huzai/Documents/GitHub/LR-ProjectManager/vendor/laravel/framework/src/Illuminate/Pipeline/Pipeline.php(219): Inertia\\Middleware->handle(Object(Illuminate\\Http\\Request), Object(Closure))
#20 /Users/huzai/Documents/GitHub/LR-ProjectManager/app/Http/Middleware/HandleAppearance.php(21): Illuminate\\Pipeline\\Pipeline->{closure:{closure:Illuminate\\Pipeline\\Pipeline::carry():194}:195}(Object(Illuminate\\Http\\Request))
#21 /Users/huzai/Documents/GitHub/LR-ProjectManager/vendor/laravel/framework/src/Illuminate/Pipeline/Pipeline.php(219): App\\Http\\Middleware\\HandleAppearance->handle(Object(Illuminate\\Http\\Request), Object(Closure))
#22 /Users/huzai/Documents/GitHub/LR-ProjectManager/vendor/laravel/framework/src/Illuminate/Routing/Middleware/SubstituteBindings.php(52): Illuminate\\Pipeline\\Pipeline->{closure:{closure:Illuminate\\Pipeline\\Pipeline::carry():194}:195}(Object(Illuminate\\Http\\Request))
#23 /Users/huzai/Documents/GitHub/LR-ProjectManager/vendor/laravel/framework/src/Illuminate/Pipeline/Pipeline.php(219): Illuminate\\Routing\\Middleware\\SubstituteBindings->handle(Object(Illuminate\\Http\\Request), Object(Closure))
#24 /Users/huzai/Documents/GitHub/LR-ProjectManager/vendor/laravel/framework/src/Illuminate/Auth/Middleware/Authenticate.php(63): Illuminate\\Pipeline\\Pipeline->{closure:{closure:Illuminate\\Pipeline\\Pipeline::carry():194}:195}(Object(Illuminate\\Http\\Request))
#25 /Users/huzai/Documents/GitHub/LR-ProjectManager/vendor/laravel/framework/src/Illuminate/Pipeline/Pipeline.php(219): Illuminate\\Auth\\Middleware\\Authenticate->handle(Object(Illuminate\\Http\\Request), Object(Closure), 'web')
#26 /Users/huzai/Documents/GitHub/LR-ProjectManager/vendor/laravel/framework/src/Illuminate/Foundation/Http/Middleware/PreventRequestForgery.php(104): Illuminate\\Pipeline\\Pipeline->{closure:{closure:Illuminate\\Pipeline\\Pipeline::carry():194}:195}(Object(Illuminate\\Http\\Request))
#27 /Users/huzai/Documents/GitHub/LR-ProjectManager/vendor/laravel/framework/src/Illuminate/Pipeline/Pipeline.php(219): Illuminate\\Foundation\\Http\\Middleware\\PreventRequestForgery->handle(Object(Illuminate\\Http\\Request), Object(Closure))
#28 /Users/huzai/Documents/GitHub/LR-ProjectManager/vendor/laravel/framework/src/Illuminate/View/Middleware/ShareErrorsFromSession.php(48): Illuminate\\Pipeline\\Pipeline->{closure:{closure:Illuminate\\Pipeline\\Pipeline::carry():194}:195}(Object(Illuminate\\Http\\Request))
#29 /Users/huzai/Documents/GitHub/LR-ProjectManager/vendor/laravel/framework/src/Illuminate/Pipeline/Pipeline.php(219): Illuminate\\View\\Middleware\\ShareErrorsFromSession->handle(Object(Illuminate\\Http\\Request), Object(Closure))
#30 /Users/huzai/Documents/GitHub/LR-ProjectManager/vendor/laravel/framework/src/Illuminate/Session/Middleware/StartSession.php(120): Illuminate\\Pipeline\\Pipeline->{closure:{closure:Illuminate\\Pipeline\\Pipeline::carry():194}:195}(Object(Illuminate\\Http\\Request))
#31 /Users/huzai/Documents/GitHub/LR-ProjectManager/vendor/laravel/framework/src/Illuminate/Session/Middleware/StartSession.php(63): Illuminate\\Session\\Middleware\\StartSession->handleStatefulRequest(Object(Illuminate\\Http\\Request), Object(Illuminate\\Session\\Store), Object(Closure))
#32 /Users/huzai/Documents/GitHub/LR-ProjectManager/vendor/laravel/framework/src/Illuminate/Pipeline/Pipeline.php(219): Illuminate\\Session\\Middleware\\StartSession->handle(Object(Illuminate\\Http\\Request), Object(Closure))
#33 /Users/huzai/Documents/GitHub/LR-ProjectManager/vendor/laravel/framework/src/Illuminate/Cookie/Middleware/AddQueuedCookiesToResponse.php(36): Illuminate\\Pipeline\\Pipeline->{closure:{closure:Illuminate\\Pipeline\\Pipeline::carry():194}:195}(Object(Illuminate\\Http\\Request))
#34 /Users/huzai/Documents/GitHub/LR-ProjectManager/vendor/laravel/framework/src/Illuminate/Pipeline/Pipeline.php(219): Illuminate\\Cookie\\Middleware\\AddQueuedCookiesToResponse->handle(Object(Illuminate\\Http\\Request), Object(Closure))
#35 /Users/huzai/Documents/GitHub/LR-ProjectManager/vendor/laravel/framework/src/Illuminate/Cookie/Middleware/EncryptCookies.php(74): Illuminate\\Pipeline\\Pipeline->{closure:{closure:Illuminate\\Pipeline\\Pipeline::carry():194}:195}(Object(Illuminate\\Http\\Request))
#36 /Users/huzai/Documents/GitHub/LR-ProjectManager/vendor/laravel/framework/src/Illuminate/Pipeline/Pipeline.php(219): Illuminate\\Cookie\\Middleware\\EncryptCookies->handle(Object(Illuminate\\Http\\Request), Object(Closure))
#37 /Users/huzai/Documents/GitHub/LR-ProjectManager/vendor/laravel/framework/src/Illuminate/Pipeline/Pipeline.php(137): Illuminate\\Pipeline\\Pipeline->{closure:{closure:Illuminate\\Pipeline\\Pipeline::carry():194}:195}(Object(Illuminate\\Http\\Request))
#38 /Users/huzai/Documents/GitHub/LR-ProjectManager/vendor/laravel/framework/src/Illuminate/Routing/Router.php(821): Illuminate\\Pipeline\\Pipeline->then(Object(Closure))
#39 /Users/huzai/Documents/GitHub/LR-ProjectManager/vendor/laravel/framework/src/Illuminate/Routing/Router.php(800): Illuminate\\Routing\\Router->runRouteWithinStack(Object(Illuminate\\Routing\\Route), Object(Illuminate\\Http\\Request))
#40 /Users/huzai/Documents/GitHub/LR-ProjectManager/vendor/laravel/framework/src/Illuminate/Routing/Router.php(764): Illuminate\\Routing\\Router->runRoute(Object(Illuminate\\Http\\Request), Object(Illuminate\\Routing\\Route))
#41 /Users/huzai/Documents/GitHub/LR-ProjectManager/vendor/laravel/framework/src/Illuminate/Routing/Router.php(753): Illuminate\\Routing\\Router->dispatchToRoute(Object(Illuminate\\Http\\Request))
#42 /Users/huzai/Documents/GitHub/LR-ProjectManager/vendor/laravel/framework/src/Illuminate/Foundation/Http/Kernel.php(200): Illuminate\\Routing\\Router->dispatch(Object(Illuminate\\Http\\Request))
#43 /Users/huzai/Documents/GitHub/LR-ProjectManager/vendor/laravel/framework/src/Illuminate/Pipeline/Pipeline.php(180): Illuminate\\Foundation\\Http\\Kernel->{closure:Illuminate\\Foundation\\Http\\Kernel::dispatchToRouter():197}(Object(Illuminate\\Http\\Request))
#44 /Users/huzai/Documents/GitHub/LR-ProjectManager/vendor/inertiajs/inertia-laravel/src/Middleware/EnsureGetOnRedirect.php(19): Illuminate\\Pipeline\\Pipeline->{closure:Illuminate\\Pipeline\\Pipeline::prepareDestination():178}(Object(Illuminate\\Http\\Request))
#45 /Users/huzai/Documents/GitHub/LR-ProjectManager/vendor/laravel/framework/src/Illuminate/Pipeline/Pipeline.php(219): Inertia\\Middleware\\EnsureGetOnRedirect->handle(Object(Illuminate\\Http\\Request), Object(Closure))
#46 /Users/huzai/Documents/GitHub/LR-ProjectManager/vendor/laravel/framework/src/Illuminate/Foundation/Http/Middleware/TransformsRequest.php(21): Illuminate\\Pipeline\\Pipeline->{closure:{closure:Illuminate\\Pipeline\\Pipeline::carry():194}:195}(Object(Illuminate\\Http\\Request))
#47 /Users/huzai/Documents/GitHub/LR-ProjectManager/vendor/laravel/framework/src/Illuminate/Foundation/Http/Middleware/ConvertEmptyStringsToNull.php(31): Illuminate\\Foundation\\Http\\Middleware\\TransformsRequest->handle(Object(Illuminate\\Http\\Request), Object(Closure))
#48 /Users/huzai/Documents/GitHub/LR-ProjectManager/vendor/laravel/framework/src/Illuminate/Pipeline/Pipeline.php(219): Illuminate\\Foundation\\Http\\Middleware\\ConvertEmptyStringsToNull->handle(Object(Illuminate\\Http\\Request), Object(Closure))
#49 /Users/huzai/Documents/GitHub/LR-ProjectManager/vendor/laravel/framework/src/Illuminate/Foundation/Http/Middleware/TransformsRequest.php(21): Illuminate\\Pipeline\\Pipeline->{closure:{closure:Illuminate\\Pipeline\\Pipeline::carry():194}:195}(Object(Illuminate\\Http\\Request))
#50 /Users/huzai/Documents/GitHub/LR-ProjectManager/vendor/laravel/framework/src/Illuminate/Foundation/Http/Middleware/TrimStrings.php(51): Illuminate\\Foundation\\Http\\Middleware\\TransformsRequest->handle(Object(Illuminate\\Http\\Request), Object(Closure))
#51 /Users/huzai/Documents/GitHub/LR-ProjectManager/vendor/laravel/framework/src/Illuminate/Pipeline/Pipeline.php(219): Illuminate\\Foundation\\Http\\Middleware\\TrimStrings->handle(Object(Illuminate\\Http\\Request), Object(Closure))
#52 /Users/huzai/Documents/GitHub/LR-ProjectManager/vendor/laravel/framework/src/Illuminate/Http/Middleware/ValidatePostSize.php(27): Illuminate\\Pipeline\\Pipeline->{closure:{closure:Illuminate\\Pipeline\\Pipeline::carry():194}:195}(Object(Illuminate\\Http\\Request))
#53 /Users/huzai/Documents/GitHub/LR-ProjectManager/vendor/laravel/framework/src/Illuminate/Pipeline/Pipeline.php(219): Illuminate\\Http\\Middleware\\ValidatePostSize->handle(Object(Illuminate\\Http\\Request), Object(Closure))
#54 /Users/huzai/Documents/GitHub/LR-ProjectManager/vendor/laravel/framework/src/Illuminate/Foundation/Http/Middleware/PreventRequestsDuringMaintenance.php(109): Illuminate\\Pipeline\\Pipeline->{closure:{closure:Illuminate\\Pipeline\\Pipeline::carry():194}:195}(Object(Illuminate\\Http\\Request))
#55 /Users/huzai/Documents/GitHub/LR-ProjectManager/vendor/laravel/framework/src/Illuminate/Pipeline/Pipeline.php(219): Illuminate\\Foundation\\Http\\Middleware\\PreventRequestsDuringMaintenance->handle(Object(Illuminate\\Http\\Request), Object(Closure))
#56 /Users/huzai/Documents/GitHub/LR-ProjectManager/vendor/laravel/framework/src/Illuminate/Http/Middleware/HandleCors.php(61): Illuminate\\Pipeline\\Pipeline->{closure:{closure:Illuminate\\Pipeline\\Pipeline::carry():194}:195}(Object(Illuminate\\Http\\Request))
#57 /Users/huzai/Documents/GitHub/LR-ProjectManager/vendor/laravel/framework/src/Illuminate/Pipeline/Pipeline.php(219): Illuminate\\Http\\Middleware\\HandleCors->handle(Object(Illuminate\\Http\\Request), Object(Closure))
#58 /Users/huzai/Documents/GitHub/LR-ProjectManager/vendor/laravel/framework/src/Illuminate/Http/Middleware/TrustProxies.php(58): Illuminate\\Pipeline\\Pipeline->{closure:{closure:Illuminate\\Pipeline\\Pipeline::carry():194}:195}(Object(Illuminate\\Http\\Request))
#59 /Users/huzai/Documents/GitHub/LR-ProjectManager/vendor/laravel/framework/src/Illuminate/Pipeline/Pipeline.php(219): Illuminate\\Http\\Middleware\\TrustProxies->handle(Object(Illuminate\\Http\\Request), Object(Closure))
#60 /Users/huzai/Documents/GitHub/LR-ProjectManager/vendor/laravel/framework/src/Illuminate/Foundation/Http/Middleware/InvokeDeferredCallbacks.php(22): Illuminate\\Pipeline\\Pipeline->{closure:{closure:Illuminate\\Pipeline\\Pipeline::carry():194}:195}(Object(Illuminate\\Http\\Request))
#61 /Users/huzai/Documents/GitHub/LR-ProjectManager/vendor/laravel/framework/src/Illuminate/Pipeline/Pipeline.php(219): Illuminate\\Foundation\\Http\\Middleware\\InvokeDeferredCallbacks->handle(Object(Illuminate\\Http\\Request), Object(Closure))
#62 /Users/huzai/Documents/GitHub/LR-ProjectManager/vendor/laravel/framework/src/Illuminate/Http/Middleware/ValidatePathEncoding.php(28): Illuminate\\Pipeline\\Pipeline->{closure:{closure:Illuminate\\Pipeline\\Pipeline::carry():194}:195}(Object(Illuminate\\Http\\Request))
#63 /Users/huzai/Documents/GitHub/LR-ProjectManager/vendor/laravel/framework/src/Illuminate/Pipeline/Pipeline.php(219): Illuminate\\Http\\Middleware\\ValidatePathEncoding->handle(Object(Illuminate\\Http\\Request), Object(Closure))
#64 /Users/huzai/Documents/GitHub/LR-ProjectManager/vendor/laravel/framework/src/Illuminate/Pipeline/Pipeline.php(137): Illuminate\\Pipeline\\Pipeline->{closure:{closure:Illuminate\\Pipeline\\Pipeline::carry():194}:195}(Object(Illuminate\\Http\\Request))
#65 /Users/huzai/Documents/GitHub/LR-ProjectManager/vendor/laravel/framework/src/Illuminate/Foundation/Http/Kernel.php(175): Illuminate\\Pipeline\\Pipeline->then(Object(Closure))
#66 /Users/huzai/Documents/GitHub/LR-ProjectManager/vendor/laravel/framework/src/Illuminate/Foundation/Http/Kernel.php(144): Illuminate\\Foundation\\Http\\Kernel->sendRequestThroughRouter(Object(Illuminate\\Http\\Request))
#67 /Users/huzai/Documents/GitHub/LR-ProjectManager/vendor/laravel/framework/src/Illuminate/Foundation/Testing/Concerns/MakesHttpRequests.php(607): Illuminate\\Foundation\\Http\\Kernel->handle(Object(Illuminate\\Http\\Request))
#68 /Users/huzai/Documents/GitHub/LR-ProjectManager/vendor/laravel/framework/src/Illuminate/Foundation/Testing/Concerns/MakesHttpRequests.php(368): Illuminate\\Foundation\\Testing\\TestCase->call('GET', 'http://127.0.0....', Array, Array, Array, Array)
#69 /Users/huzai/Documents/GitHub/LR-ProjectManager/tests/Feature/Auth/EmailVerificationTest.php(28): Illuminate\\Foundation\\Testing\\TestCase->get('http://127.0.0....')
#70 /Users/huzai/Documents/GitHub/LR-ProjectManager/vendor/phpunit/phpunit/src/Framework/TestCase.php(1314): Tests\\Feature\\Auth\\EmailVerificationTest->test_email_verification_screen_can_be_rendered()
#71 /Users/huzai/Documents/GitHub/LR-ProjectManager/vendor/phpunit/phpunit/src/Framework/TestCase.php(1351): PHPUnit\\Framework\\TestCase->invokeTestMethod('test_email_veri...', Array)
#72 /Users/huzai/Documents/GitHub/LR-ProjectManager/vendor/phpunit/phpunit/src/Framework/TestCase.php(521): PHPUnit\\Framework\\TestCase->runTest()
#73 /Users/huzai/Documents/GitHub/LR-ProjectManager/vendor/phpunit/phpunit/src/Framework/TestRunner/TestRunner.php(99): PHPUnit\\Framework\\TestCase->runBare()
#74 /Users/huzai/Documents/GitHub/LR-ProjectManager/vendor/phpunit/phpunit/src/Framework/TestCase.php(361): PHPUnit\\Framework\\TestRunner->run(Object(Tests\\Feature\\Auth\\EmailVerificationTest))
#75 /Users/huzai/Documents/GitHub/LR-ProjectManager/vendor/phpunit/phpunit/src/Framework/TestSuite.php(374): PHPUnit\\Framework\\TestCase->run()
#76 /Users/huzai/Documents/GitHub/LR-ProjectManager/vendor/phpunit/phpunit/src/Framework/TestSuite.php(374): PHPUnit\\Framework\\TestSuite->run()
#77 /Users/huzai/Documents/GitHub/LR-ProjectManager/vendor/phpunit/phpunit/src/Framework/TestSuite.php(374): PHPUnit\\Framework\\TestSuite->run()
#78 /Users/huzai/Documents/GitHub/LR-ProjectManager/vendor/phpunit/phpunit/src/TextUI/TestRunner.php(64): PHPUnit\\Framework\\TestSuite->run()
#79 /Users/huzai/Documents/GitHub/LR-ProjectManager/vendor/phpunit/phpunit/src/TextUI/Application.php(229): PHPUnit\\TextUI\\TestRunner->run(Object(PHPUnit\\TextUI\\Configuration\\Configuration), Object(PHPUnit\\Runner\\ResultCache\\DefaultResultCache), Object(PHPUnit\\Framework\\TestSuite))
#80 /Users/huzai/Documents/GitHub/LR-ProjectManager/vendor/phpunit/phpunit/phpunit(104): PHPUnit\\TextUI\\Application->run(Array)
#81 {main}

[previous exception] [object] (Illuminate\\Foundation\\ViteManifestNotFoundException(code: 0): Vite manifest not found at: /Users/huzai/Documents/GitHub/LR-ProjectManager/public/build/manifest.json at /Users/huzai/Documents/GitHub/LR-ProjectManager/vendor/laravel/framework/src/Illuminate/Foundation/Vite.php:960)
[stacktrace]
#0 /Users/huzai/Documents/GitHub/LR-ProjectManager/vendor/laravel/framework/src/Illuminate/Foundation/Vite.php(398): Illuminate\\Foundation\\Vite->manifest('build')
#1 /Users/huzai/Documents/GitHub/LR-ProjectManager/storage/framework/views/cc980059043f8a994bd2e0d5afbf0963.php(40): Illuminate\\Foundation\\Vite->__invoke(Object(Illuminate\\Support\\Collection))
#2 /Users/huzai/Documents/GitHub/LR-ProjectManager/vendor/laravel/framework/src/Illuminate/Filesystem/Filesystem.php(123): require('/Users/huzai/Do...')
#3 /Users/huzai/Documents/GitHub/LR-ProjectManager/vendor/laravel/framework/src/Illuminate/Filesystem/Filesystem.php(124): Illuminate\\Filesystem\\Filesystem::{closure:Illuminate\\Filesystem\\Filesystem::getRequire():120}()
#4 /Users/huzai/Documents/GitHub/LR-ProjectManager/vendor/laravel/framework/src/Illuminate/View/Engines/PhpEngine.php(57): Illuminate\\Filesystem\\Filesystem->getRequire('/Users/huzai/Do...', Array)
#5 /Users/huzai/Documents/GitHub/LR-ProjectManager/vendor/laravel/framework/src/Illuminate/View/Engines/CompilerEngine.php(76): Illuminate\\View\\Engines\\PhpEngine->evaluatePath('/Users/huzai/Do...', Array)
#6 /Users/huzai/Documents/GitHub/LR-ProjectManager/vendor/laravel/framework/src/Illuminate/View/View.php(208): Illuminate\\View\\Engines\\CompilerEngine->get('/Users/huzai/Do...', Array)
#7 /Users/huzai/Documents/GitHub/LR-ProjectManager/vendor/laravel/framework/src/Illuminate/View/View.php(191): Illuminate\\View\\View->getContents()
#8 /Users/huzai/Documents/GitHub/LR-ProjectManager/vendor/laravel/framework/src/Illuminate/View/View.php(160): Illuminate\\View\\View->renderContents()
#9 /Users/huzai/Documents/GitHub/LR-ProjectManager/vendor/laravel/framework/src/Illuminate/Http/Response.php(78): Illuminate\\View\\View->render()
#10 /Users/huzai/Documents/GitHub/LR-ProjectManager/vendor/laravel/framework/src/Illuminate/Http/Response.php(34): Illuminate\\Http\\Response->setContent(Object(Illuminate\\View\\View))
#11 /Users/huzai/Documents/GitHub/LR-ProjectManager/vendor/laravel/framework/src/Illuminate/Routing/ResponseFactory.php(61): Illuminate\\Http\\Response->__construct(Object(Illuminate\\View\\View), 200, Array)
#12 /Users/huzai/Documents/GitHub/LR-ProjectManager/vendor/laravel/framework/src/Illuminate/Routing/ResponseFactory.php(91): Illuminate\\Routing\\ResponseFactory->make(Object(Illuminate\\View\\View), 200, Array)
#13 /Users/huzai/Documents/GitHub/LR-ProjectManager/vendor/laravel/framework/src/Illuminate/Support/Facades/Facade.php(363): Illuminate\\Routing\\ResponseFactory->view('app', Array)
#14 /Users/huzai/Documents/GitHub/LR-ProjectManager/vendor/inertiajs/inertia-laravel/src/Response.php(211): Illuminate\\Support\\Facades\\Facade::__callStatic('view', Array)
#15 /Users/huzai/Documents/GitHub/LR-ProjectManager/vendor/laravel/fortify/src/Http/Responses/SimpleViewResponse.php(56): Inertia\\Response->toResponse(Object(Illuminate\\Http\\Request))
#16 /Users/huzai/Documents/GitHub/LR-ProjectManager/vendor/laravel/framework/src/Illuminate/Routing/Router.php(921): Laravel\\Fortify\\Http\\Responses\\SimpleViewResponse->toResponse(Object(Illuminate\\Http\\Request))
#17 /Users/huzai/Documents/GitHub/LR-ProjectManager/vendor/laravel/framework/src/Illuminate/Routing/Router.php(906): Illuminate\\Routing\\Router::toResponse(Object(Illuminate\\Http\\Request), Object(Laravel\\Fortify\\Http\\Responses\\SimpleViewResponse))
#18 /Users/huzai/Documents/GitHub/LR-ProjectManager/vendor/laravel/framework/src/Illuminate/Routing/Router.php(821): Illuminate\\Routing\\Router->prepareResponse(Object(Illuminate\\Http\\Request), Object(Laravel\\Fortify\\Http\\Responses\\SimpleViewResponse))
#19 /Users/huzai/Documents/GitHub/LR-ProjectManager/vendor/laravel/framework/src/Illuminate/Pipeline/Pipeline.php(180): Illuminate\\Routing\\Router->{closure:Illuminate\\Routing\\Router::runRouteWithinStack():821}(Object(Illuminate\\Http\\Request))
#20 /Users/huzai/Documents/GitHub/LR-ProjectManager/vendor/laravel/framework/src/Illuminate/Http/Middleware/AddLinkHeadersForPreloadedAssets.php(32): Illuminate\\Pipeline\\Pipeline->{closure:Illuminate\\Pipeline\\Pipeline::prepareDestination():178}(Object(Illuminate\\Http\\Request))
#21 /Users/huzai/Documents/GitHub/LR-ProjectManager/vendor/laravel/framework/src/Illuminate/Pipeline/Pipeline.php(219): Illuminate\\Http\\Middleware\\AddLinkHeadersForPreloadedAssets->handle(Object(Illuminate\\Http\\Request), Object(Closure))
#22 /Users/huzai/Documents/GitHub/LR-ProjectManager/vendor/inertiajs/inertia-laravel/src/Middleware.php(138): Illuminate\\Pipeline\\Pipeline->{closure:{closure:Illuminate\\Pipeline\\Pipeline::carry():194}:195}(Object(Illuminate\\Http\\Request))
#23 /Users/huzai/Documents/GitHub/LR-ProjectManager/vendor/laravel/framework/src/Illuminate/Pipeline/Pipeline.php(219): Inertia\\Middleware->handle(Object(Illuminate\\Http\\Request), Object(Closure))
#24 /Users/huzai/Documents/GitHub/LR-ProjectManager/app/Http/Middleware/HandleAppearance.php(21): Illuminate\\Pipeline\\Pipeline->{closure:{closure:Illuminate\\Pipeline\\Pipeline::carry():194}:195}(Object(Illuminate\\Http\\Request))
#25 /Users/huzai/Documents/GitHub/LR-ProjectManager/vendor/laravel/framework/src/Illuminate/Pipeline/Pipeline.php(219): App\\Http\\Middleware\\HandleAppearance->handle(Object(Illuminate\\Http\\Request), Object(Closure))
#26 /Users/huzai/Documents/GitHub/LR-ProjectManager/vendor/laravel/framework/src/Illuminate/Routing/Middleware/SubstituteBindings.php(52): Illuminate\\Pipeline\\Pipeline->{closure:{closure:Illuminate\\Pipeline\\Pipeline::carry():194}:195}(Object(Illuminate\\Http\\Request))
#27 /Users/huzai/Documents/GitHub/LR-ProjectManager/vendor/laravel/framework/src/Illuminate/Pipeline/Pipeline.php(219): Illuminate\\Routing\\Middleware\\SubstituteBindings->handle(Object(Illuminate\\Http\\Request), Object(Closure))
#28 /Users/huzai/Documents/GitHub/LR-ProjectManager/vendor/laravel/framework/src/Illuminate/Auth/Middleware/Authenticate.php(63): Illuminate\\Pipeline\\Pipeline->{closure:{closure:Illuminate\\Pipeline\\Pipeline::carry():194}:195}(Object(Illuminate\\Http\\Request))
#29 /Users/huzai/Documents/GitHub/LR-ProjectManager/vendor/laravel/framework/src/Illuminate/Pipeline/Pipeline.php(219): Illuminate\\Auth\\Middleware\\Authenticate->handle(Object(Illuminate\\Http\\Request), Object(Closure), 'web')
#30 /Users/huzai/Documents/GitHub/LR-ProjectManager/vendor/laravel/framework/src/Illuminate/Foundation/Http/Middleware/PreventRequestForgery.php(104): Illuminate\\Pipeline\\Pipeline->{closure:{closure:Illuminate\\Pipeline\\Pipeline::carry():194}:195}(Object(Illuminate\\Http\\Request))
#31 /Users/huzai/Documents/GitHub/LR-ProjectManager/vendor/laravel/framework/src/Illuminate/Pipeline/Pipeline.php(219): Illuminate\\Foundation\\Http\\Middleware\\PreventRequestForgery->handle(Object(Illuminate\\Http\\Request), Object(Closure))
#32 /Users/huzai/Documents/GitHub/LR-ProjectManager/vendor/laravel/framework/src/Illuminate/View/Middleware/ShareErrorsFromSession.php(48): Illuminate\\Pipeline\\Pipeline->{closure:{closure:Illuminate\\Pipeline\\Pipeline::carry():194}:195}(Object(Illuminate\\Http\\Request))
#33 /Users/huzai/Documents/GitHub/LR-ProjectManager/vendor/laravel/framework/src/Illuminate/Pipeline/Pipeline.php(219): Illuminate\\View\\Middleware\\ShareErrorsFromSession->handle(Object(Illuminate\\Http\\Request), Object(Closure))
#34 /Users/huzai/Documents/GitHub/LR-ProjectManager/vendor/laravel/framework/src/Illuminate/Session/Middleware/StartSession.php(120): Illuminate\\Pipeline\\Pipeline->{closure:{closure:Illuminate\\Pipeline\\Pipeline::carry():194}:195}(Object(Illuminate\\Http\\Request))
#35 /Users/huzai/Documents/GitHub/LR-ProjectManager/vendor/laravel/framework/src/Illuminate/Session/Middleware/StartSession.php(63): Illuminate\\Session\\Middleware\\StartSession->handleStatefulRequest(Object(Illuminate\\Http\\Request), Object(Illuminate\\Session\\Store), Object(Closure))
#36 /Users/huzai/Documents/GitHub/LR-ProjectManager/vendor/laravel/framework/src/Illuminate/Pipeline/Pipeline.php(219): Illuminate\\Session\\Middleware\\StartSession->handle(Object(Illuminate\\Http\\Request), Object(Closure))
#37 /Users/huzai/Documents/GitHub/LR-ProjectManager/vendor/laravel/framework/src/Illuminate/Cookie/Middleware/AddQueuedCookiesToResponse.php(36): Illuminate\\Pipeline\\Pipeline->{closure:{closure:Illuminate\\Pipeline\\Pipeline::carry():194}:195}(Object(Illuminate\\Http\\Request))
#38 /Users/huzai/Documents/GitHub/LR-ProjectManager/vendor/laravel/framework/src/Illuminate/Pipeline/Pipeline.php(219): Illuminate\\Cookie\\Middleware\\AddQueuedCookiesToResponse->handle(Object(Illuminate\\Http\\Request), Object(Closure))
#39 /Users/huzai/Documents/GitHub/LR-ProjectManager/vendor/laravel/framework/src/Illuminate/Cookie/Middleware/EncryptCookies.php(74): Illuminate\\Pipeline\\Pipeline->{closure:{closure:Illuminate\\Pipeline\\Pipeline::carry():194}:195}(Object(Illuminate\\Http\\Request))
#40 /Users/huzai/Documents/GitHub/LR-ProjectManager/vendor/laravel/framework/src/Illuminate/Pipeline/Pipeline.php(219): Illuminate\\Cookie\\Middleware\\EncryptCookies->handle(Object(Illuminate\\Http\\Request), Object(Closure))
#41 /Users/huzai/Documents/GitHub/LR-ProjectManager/vendor/laravel/framework/src/Illuminate/Pipeline/Pipeline.php(137): Illuminate\\Pipeline\\Pipeline->{closure:{closure:Illuminate\\Pipeline\\Pipeline::carry():194}:195}(Object(Illuminate\\Http\\Request))
#42 /Users/huzai/Documents/GitHub/LR-ProjectManager/vendor/laravel/framework/src/Illuminate/Routing/Router.php(821): Illuminate\\Pipeline\\Pipeline->then(Object(Closure))
#43 /Users/huzai/Documents/GitHub/LR-ProjectManager/vendor/laravel/framework/src/Illuminate/Routing/Router.php(800): Illuminate\\Routing\\Router->runRouteWithinStack(Object(Illuminate\\Routing\\Route), Object(Illuminate\\Http\\Request))
#44 /Users/huzai/Documents/GitHub/LR-ProjectManager/vendor/laravel/framework/src/Illuminate/Routing/Router.php(764): Illuminate\\Routing\\Router->runRoute(Object(Illuminate\\Http\\Request), Object(Illuminate\\Routing\\Route))
#45 /Users/huzai/Documents/GitHub/LR-ProjectManager/vendor/laravel/framework/src/Illuminate/Routing/Router.php(753): Illuminate\\Routing\\Router->dispatchToRoute(Object(Illuminate\\Http\\Request))
#46 /Users/huzai/Documents/GitHub/LR-ProjectManager/vendor/laravel/framework/src/Illuminate/Foundation/Http/Kernel.php(200): Illuminate\\Routing\\Router->dispatch(Object(Illuminate\\Http\\Request))
#47 /Users/huzai/Documents/GitHub/LR-ProjectManager/vendor/laravel/framework/src/Illuminate/Pipeline/Pipeline.php(180): Illuminate\\Foundation\\Http\\Kernel->{closure:Illuminate\\Foundation\\Http\\Kernel::dispatchToRouter():197}(Object(Illuminate\\Http\\Request))
#48 /Users/huzai/Documents/GitHub/LR-ProjectManager/vendor/inertiajs/inertia-laravel/src/Middleware/EnsureGetOnRedirect.php(19): Illuminate\\Pipeline\\Pipeline->{closure:Illuminate\\Pipeline\\Pipeline::prepareDestination():178}(Object(Illuminate\\Http\\Request))
#49 /Users/huzai/Documents/GitHub/LR-ProjectManager/vendor/laravel/framework/src/Illuminate/Pipeline/Pipeline.php(219): Inertia\\Middleware\\EnsureGetOnRedirect->handle(Object(Illuminate\\Http\\Request), Object(Closure))
#50 /Users/huzai/Documents/GitHub/LR-ProjectManager/vendor/laravel/framework/src/Illuminate/Foundation/Http/Middleware/TransformsRequest.php(21): Illuminate\\Pipeline\\Pipeline->{closure:{closure:Illuminate\\Pipeline\\Pipeline::carry():194}:195}(Object(Illuminate\\Http\\Request))
#51 /Users/huzai/Documents/GitHub/LR-ProjectManager/vendor/laravel/framework/src/Illuminate/Foundation/Http/Middleware/ConvertEmptyStringsToNull.php(31): Illuminate\\Foundation\\Http\\Middleware\\TransformsRequest->handle(Object(Illuminate\\Http\\Request), Object(Closure))
#52 /Users/huzai/Documents/GitHub/LR-ProjectManager/vendor/laravel/framework/src/Illuminate/Pipeline/Pipeline.php(219): Illuminate\\Foundation\\Http\\Middleware\\ConvertEmptyStringsToNull->handle(Object(Illuminate\\Http\\Request), Object(Closure))
#53 /Users/huzai/Documents/GitHub/LR-ProjectManager/vendor/laravel/framework/src/Illuminate/Foundation/Http/Middleware/TransformsRequest.php(21): Illuminate\\Pipeline\\Pipeline->{closure:{closure:Illuminate\\Pipeline\\Pipeline::carry():194}:195}(Object(Illuminate\\Http\\Request))
#54 /Users/huzai/Documents/GitHub/LR-ProjectManager/vendor/laravel/framework/src/Illuminate/Foundation/Http/Middleware/TrimStrings.php(51): Illuminate\\Foundation\\Http\\Middleware\\TransformsRequest->handle(Object(Illuminate\\Http\\Request), Object(Closure))
#55 /Users/huzai/Documents/GitHub/LR-ProjectManager/vendor/laravel/framework/src/Illuminate/Pipeline/Pipeline.php(219): Illuminate\\Foundation\\Http\\Middleware\\TrimStrings->handle(Object(Illuminate\\Http\\Request), Object(Closure))
#56 /Users/huzai/Documents/GitHub/LR-ProjectManager/vendor/laravel/framework/src/Illuminate/Http/Middleware/ValidatePostSize.php(27): Illuminate\\Pipeline\\Pipeline->{closure:{closure:Illuminate\\Pipeline\\Pipeline::carry():194}:195}(Object(Illuminate\\Http\\Request))
#57 /Users/huzai/Documents/GitHub/LR-ProjectManager/vendor/laravel/framework/src/Illuminate/Pipeline/Pipeline.php(219): Illuminate\\Http\\Middleware\\ValidatePostSize->handle(Object(Illuminate\\Http\\Request), Object(Closure))
#58 /Users/huzai/Documents/GitHub/LR-ProjectManager/vendor/laravel/framework/src/Illuminate/Foundation/Http/Middleware/PreventRequestsDuringMaintenance.php(109): Illuminate\\Pipeline\\Pipeline->{closure:{closure:Illuminate\\Pipeline\\Pipeline::carry():194}:195}(Object(Illuminate\\Http\\Request))
#59 /Users/huzai/Documents/GitHub/LR-ProjectManager/vendor/laravel/framework/src/Illuminate/Pipeline/Pipeline.php(219): Illuminate\\Foundation\\Http\\Middleware\\PreventRequestsDuringMaintenance->handle(Object(Illuminate\\Http\\Request), Object(Closure))
#60 /Users/huzai/Documents/GitHub/LR-ProjectManager/vendor/laravel/framework/src/Illuminate/Http/Middleware/HandleCors.php(61): Illuminate\\Pipeline\\Pipeline->{closure:{closure:Illuminate\\Pipeline\\Pipeline::carry():194}:195}(Object(Illuminate\\Http\\Request))
#61 /Users/huzai/Documents/GitHub/LR-ProjectManager/vendor/laravel/framework/src/Illuminate/Pipeline/Pipeline.php(219): Illuminate\\Http\\Middleware\\HandleCors->handle(Object(Illuminate\\Http\\Request), Object(Closure))
#62 /Users/huzai/Documents/GitHub/LR-ProjectManager/vendor/laravel/framework/src/Illuminate/Http/Middleware/TrustProxies.php(58): Illuminate\\Pipeline\\Pipeline->{closure:{closure:Illuminate\\Pipeline\\Pipeline::carry():194}:195}(Object(Illuminate\\Http\\Request))
#63 /Users/huzai/Documents/GitHub/LR-ProjectManager/vendor/laravel/framework/src/Illuminate/Pipeline/Pipeline.php(219): Illuminate\\Http\\Middleware\\TrustProxies->handle(Object(Illuminate\\Http\\Request), Object(Closure))
#64 /Users/huzai/Documents/GitHub/LR-ProjectManager/vendor/laravel/framework/src/Illuminate/Foundation/Http/Middleware/InvokeDeferredCallbacks.php(22): Illuminate\\Pipeline\\Pipeline->{closure:{closure:Illuminate\\Pipeline\\Pipeline::carry():194}:195}(Object(Illuminate\\Http\\Request))
#65 /Users/huzai/Documents/GitHub/LR-ProjectManager/vendor/laravel/framework/src/Illuminate/Pipeline/Pipeline.php(219): Illuminate\\Foundation\\Http\\Middleware\\InvokeDeferredCallbacks->handle(Object(Illuminate\\Http\\Request), Object(Closure))
#66 /Users/huzai/Documents/GitHub/LR-ProjectManager/vendor/laravel/framework/src/Illuminate/Http/Middleware/ValidatePathEncoding.php(28): Illuminate\\Pipeline\\Pipeline->{closure:{closure:Illuminate\\Pipeline\\Pipeline::carry():194}:195}(Object(Illuminate\\Http\\Request))
#67 /Users/huzai/Documents/GitHub/LR-ProjectManager/vendor/laravel/framework/src/Illuminate/Pipeline/Pipeline.php(219): Illuminate\\Http\\Middleware\\ValidatePathEncoding->handle(Object(Illuminate\\Http\\Request), Object(Closure))
#68 /Users/huzai/Documents/GitHub/LR-ProjectManager/vendor/laravel/framework/src/Illuminate/Pipeline/Pipeline.php(137): Illuminate\\Pipeline\\Pipeline->{closure:{closure:Illuminate\\Pipeline\\Pipeline::carry():194}:195}(Object(Illuminate\\Http\\Request))
#69 /Users/huzai/Documents/GitHub/LR-ProjectManager/vendor/laravel/framework/src/Illuminate/Foundation/Http/Kernel.php(175): Illuminate\\Pipeline\\Pipeline->then(Object(Closure))
#70 /Users/huzai/Documents/GitHub/LR-ProjectManager/vendor/laravel/framework/src/Illuminate/Foundation/Http/Kernel.php(144): Illuminate\\Foundation\\Http\\Kernel->sendRequestThroughRouter(Object(Illuminate\\Http\\Request))
#71 /Users/huzai/Documents/GitHub/LR-ProjectManager/vendor/laravel/framework/src/Illuminate/Foundation/Testing/Concerns/MakesHttpRequests.php(607): Illuminate\\Foundation\\Http\\Kernel->handle(Object(Illuminate\\Http\\Request))
#72 /Users/huzai/Documents/GitHub/LR-ProjectManager/vendor/laravel/framework/src/Illuminate/Foundation/Testing/Concerns/MakesHttpRequests.php(368): Illuminate\\Foundation\\Testing\\TestCase->call('GET', 'http://127.0.0....', Array, Array, Array, Array)
#73 /Users/huzai/Documents/GitHub/LR-ProjectManager/tests/Feature/Auth/EmailVerificationTest.php(28): Illuminate\\Foundation\\Testing\\TestCase->get('http://127.0.0....')
#74 /Users/huzai/Documents/GitHub/LR-ProjectManager/vendor/phpunit/phpunit/src/Framework/TestCase.php(1314): Tests\\Feature\\Auth\\EmailVerificationTest->test_email_verification_screen_can_be_rendered()
#75 /Users/huzai/Documents/GitHub/LR-ProjectManager/vendor/phpunit/phpunit/src/Framework/TestCase.php(1351): PHPUnit\\Framework\\TestCase->invokeTestMethod('test_email_veri...', Array)
#76 /Users/huzai/Documents/GitHub/LR-ProjectManager/vendor/phpunit/phpunit/src/Framework/TestCase.php(521): PHPUnit\\Framework\\TestCase->runTest()
#77 /Users/huzai/Documents/GitHub/LR-ProjectManager/vendor/phpunit/phpunit/src/Framework/TestRunner/TestRunner.php(99): PHPUnit\\Framework\\TestCase->runBare()
#78 /Users/huzai/Documents/GitHub/LR-ProjectManager/vendor/phpunit/phpunit/src/Framework/TestCase.php(361): PHPUnit\\Framework\\TestRunner->run(Object(Tests\\Feature\\Auth\\EmailVerificationTest))
#79 /Users/huzai/Documents/GitHub/LR-ProjectManager/vendor/phpunit/phpunit/src/Framework/TestSuite.php(374): PHPUnit\\Framework\\TestCase->run()
#80 /Users/huzai/Documents/GitHub/LR-ProjectManager/vendor/phpunit/phpunit/src/Framework/TestSuite.php(374): PHPUnit\\Framework\\TestSuite->run()
#81 /Users/huzai/Documents/GitHub/LR-ProjectManager/vendor/phpunit/phpunit/src/Framework/TestSuite.php(374): PHPUnit\\Framework\\TestSuite->run()
#82 /Users/huzai/Documents/GitHub/LR-ProjectManager/vendor/phpunit/phpunit/src/TextUI/TestRunner.php(64): PHPUnit\\Framework\\TestSuite->run()
#83 /Users/huzai/Documents/GitHub/LR-ProjectManager/vendor/phpunit/phpunit/src/TextUI/Application.php(229): PHPUnit\\TextUI\\TestRunner->run(Object(PHPUnit\\TextUI\\Configuration\\Configuration), Object(PHPUnit\\Runner\\ResultCache\\DefaultResultCache), Object(PHPUnit\\Framework\\TestSuite))
#84 /Users/huzai/Documents/GitHub/LR-ProjectManager/vendor/phpunit/phpunit/phpunit(104): PHPUnit\\TextUI\\Application->run(Array)
#85 {main}
"} 
[2026-05-31 12:40:24] testing.ERROR: Vite manifest not found at: /Users/huzai/Documents/GitHub/LR-ProjectManager/public/build/manifest.json (View: /Users/huzai/Documents/GitHub/LR-ProjectManager/resources/views/app.blade.php) {"userId":1,"exception":"[object] (Illuminate\\View\\ViewException(code: 0): Vite manifest not found at: /Users/huzai/Documents/GitHub/LR-ProjectManager/public/build/manifest.json (View: /Users/huzai/Documents/GitHub/LR-ProjectManager/resources/views/app.blade.php) at /Users/huzai/Documents/GitHub/LR-ProjectManager/vendor/laravel/framework/src/Illuminate/Foundation/Vite.php:960)
[stacktrace]
#0 /Users/huzai/Documents/GitHub/LR-ProjectManager/vendor/laravel/framework/src/Illuminate/View/Engines/PhpEngine.php(59): Illuminate\\View\\Engines\\CompilerEngine->handleViewException(Object(Illuminate\\Foundation\\ViteManifestNotFoundException), 1)
#1 /Users/huzai/Documents/GitHub/LR-ProjectManager/vendor/laravel/framework/src/Illuminate/View/Engines/CompilerEngine.php(76): Illuminate\\View\\Engines\\PhpEngine->evaluatePath('/Users/huzai/Do...', Array)
#2 /Users/huzai/Documents/GitHub/LR-ProjectManager/vendor/laravel/framework/src/Illuminate/View/View.php(208): Illuminate\\View\\Engines\\CompilerEngine->get('/Users/huzai/Do...', Array)
#3 /Users/huzai/Documents/GitHub/LR-ProjectManager/vendor/laravel/framework/src/Illuminate/View/View.php(191): Illuminate\\View\\View->getContents()
#4 /Users/huzai/Documents/GitHub/LR-ProjectManager/vendor/laravel/framework/src/Illuminate/View/View.php(160): Illuminate\\View\\View->renderContents()
#5 /Users/huzai/Documents/GitHub/LR-ProjectManager/vendor/laravel/framework/src/Illuminate/Http/Response.php(78): Illuminate\\View\\View->render()
#6 /Users/huzai/Documents/GitHub/LR-ProjectManager/vendor/laravel/framework/src/Illuminate/Http/Response.php(34): Illuminate\\Http\\Response->setContent(Object(Illuminate\\View\\View))
#7 /Users/huzai/Documents/GitHub/LR-ProjectManager/vendor/laravel/framework/src/Illuminate/Routing/ResponseFactory.php(61): Illuminate\\Http\\Response->__construct(Object(Illuminate\\View\\View), 200, Array)
#8 /Users/huzai/Documents/GitHub/LR-ProjectManager/vendor/laravel/framework/src/Illuminate/Routing/ResponseFactory.php(91): Illuminate\\Routing\\ResponseFactory->make(Object(Illuminate\\View\\View), 200, Array)
#9 /Users/huzai/Documents/GitHub/LR-ProjectManager/vendor/laravel/framework/src/Illuminate/Support/Facades/Facade.php(363): Illuminate\\Routing\\ResponseFactory->view('app', Array)
#10 /Users/huzai/Documents/GitHub/LR-ProjectManager/vendor/inertiajs/inertia-laravel/src/Response.php(211): Illuminate\\Support\\Facades\\Facade::__callStatic('view', Array)
#11 /Users/huzai/Documents/GitHub/LR-ProjectManager/vendor/laravel/fortify/src/Http/Responses/SimpleViewResponse.php(56): Inertia\\Response->toResponse(Object(Illuminate\\Http\\Request))
#12 /Users/huzai/Documents/GitHub/LR-ProjectManager/vendor/laravel/framework/src/Illuminate/Routing/Router.php(921): Laravel\\Fortify\\Http\\Responses\\SimpleViewResponse->toResponse(Object(Illuminate\\Http\\Request))
#13 /Users/huzai/Documents/GitHub/LR-ProjectManager/vendor/laravel/framework/src/Illuminate/Routing/Router.php(906): Illuminate\\Routing\\Router::toResponse(Object(Illuminate\\Http\\Request), Object(Laravel\\Fortify\\Http\\Responses\\SimpleViewResponse))
#14 /Users/huzai/Documents/GitHub/LR-ProjectManager/vendor/laravel/framework/src/Illuminate/Routing/Router.php(821): Illuminate\\Routing\\Router->prepareResponse(Object(Illuminate\\Http\\Request), Object(Laravel\\Fortify\\Http\\Responses\\SimpleViewResponse))
#15 /Users/huzai/Documents/GitHub/LR-ProjectManager/vendor/laravel/framework/src/Illuminate/Pipeline/Pipeline.php(180): Illuminate\\Routing\\Router->{closure:Illuminate\\Routing\\Router::runRouteWithinStack():821}(Object(Illuminate\\Http\\Request))
#16 /Users/huzai/Documents/GitHub/LR-ProjectManager/vendor/laravel/framework/src/Illuminate/Http/Middleware/AddLinkHeadersForPreloadedAssets.php(32): Illuminate\\Pipeline\\Pipeline->{closure:Illuminate\\Pipeline\\Pipeline::prepareDestination():178}(Object(Illuminate\\Http\\Request))
#17 /Users/huzai/Documents/GitHub/LR-ProjectManager/vendor/laravel/framework/src/Illuminate/Pipeline/Pipeline.php(219): Illuminate\\Http\\Middleware\\AddLinkHeadersForPreloadedAssets->handle(Object(Illuminate\\Http\\Request), Object(Closure))
#18 /Users/huzai/Documents/GitHub/LR-ProjectManager/vendor/inertiajs/inertia-laravel/src/Middleware.php(138): Illuminate\\Pipeline\\Pipeline->{closure:{closure:Illuminate\\Pipeline\\Pipeline::carry():194}:195}(Object(Illuminate\\Http\\Request))
#19 /Users/huzai/Documents/GitHub/LR-ProjectManager/vendor/laravel/framework/src/Illuminate/Pipeline/Pipeline.php(219): Inertia\\Middleware->handle(Object(Illuminate\\Http\\Request), Object(Closure))
#20 /Users/huzai/Documents/GitHub/LR-ProjectManager/app/Http/Middleware/HandleAppearance.php(21): Illuminate\\Pipeline\\Pipeline->{closure:{closure:Illuminate\\Pipeline\\Pipeline::carry():194}:195}(Object(Illuminate\\Http\\Request))
#21 /Users/huzai/Documents/GitHub/LR-ProjectManager/vendor/laravel/framework/src/Illuminate/Pipeline/Pipeline.php(219): App\\Http\\Middleware\\HandleAppearance->handle(Object(Illuminate\\Http\\Request), Object(Closure))
#22 /Users/huzai/Documents/GitHub/LR-ProjectManager/vendor/laravel/framework/src/Illuminate/Routing/Middleware/SubstituteBindings.php(52): Illuminate\\Pipeline\\Pipeline->{closure:{closure:Illuminate\\Pipeline\\Pipeline::carry():194}:195}(Object(Illuminate\\Http\\Request))
#23 /Users/huzai/Documents/GitHub/LR-ProjectManager/vendor/laravel/framework/src/Illuminate/Pipeline/Pipeline.php(219): Illuminate\\Routing\\Middleware\\SubstituteBindings->handle(Object(Illuminate\\Http\\Request), Object(Closure))
#24 /Users/huzai/Documents/GitHub/LR-ProjectManager/vendor/laravel/framework/src/Illuminate/Auth/Middleware/Authenticate.php(63): Illuminate\\Pipeline\\Pipeline->{closure:{closure:Illuminate\\Pipeline\\Pipeline::carry():194}:195}(Object(Illuminate\\Http\\Request))
#25 /Users/huzai/Documents/GitHub/LR-ProjectManager/vendor/laravel/framework/src/Illuminate/Pipeline/Pipeline.php(219): Illuminate\\Auth\\Middleware\\Authenticate->handle(Object(Illuminate\\Http\\Request), Object(Closure), 'web')
#26 /Users/huzai/Documents/GitHub/LR-ProjectManager/vendor/laravel/framework/src/Illuminate/Foundation/Http/Middleware/PreventRequestForgery.php(104): Illuminate\\Pipeline\\Pipeline->{closure:{closure:Illuminate\\Pipeline\\Pipeline::carry():194}:195}(Object(Illuminate\\Http\\Request))
#27 /Users/huzai/Documents/GitHub/LR-ProjectManager/vendor/laravel/framework/src/Illuminate/Pipeline/Pipeline.php(219): Illuminate\\Foundation\\Http\\Middleware\\PreventRequestForgery->handle(Object(Illuminate\\Http\\Request), Object(Closure))
#28 /Users/huzai/Documents/GitHub/LR-ProjectManager/vendor/laravel/framework/src/Illuminate/View/Middleware/ShareErrorsFromSession.php(48): Illuminate\\Pipeline\\Pipeline->{closure:{closure:Illuminate\\Pipeline\\Pipeline::carry():194}:195}(Object(Illuminate\\Http\\Request))
#29 /Users/huzai/Documents/GitHub/LR-ProjectManager/vendor/laravel/framework/src/Illuminate/Pipeline/Pipeline.php(219): Illuminate\\View\\Middleware\\ShareErrorsFromSession->handle(Object(Illuminate\\Http\\Request), Object(Closure))
#30 /Users/huzai/Documents/GitHub/LR-ProjectManager/vendor/laravel/framework/src/Illuminate/Session/Middleware/StartSession.php(120): Illuminate\\Pipeline\\Pipeline->{closure:{closure:Illuminate\\Pipeline\\Pipeline::carry():194}:195}(Object(Illuminate\\Http\\Request))
#31 /Users/huzai/Documents/GitHub/LR-ProjectManager/vendor/laravel/framework/src/Illuminate/Session/Middleware/StartSession.php(63): Illuminate\\Session\\Middleware\\StartSession->handleStatefulRequest(Object(Illuminate\\Http\\Request), Object(Illuminate\\Session\\Store), Object(Closure))
#32 /Users/huzai/Documents/GitHub/LR-ProjectManager/vendor/laravel/framework/src/Illuminate/Pipeline/Pipeline.php(219): Illuminate\\Session\\Middleware\\StartSession->handle(Object(Illuminate\\Http\\Request), Object(Closure))
#33 /Users/huzai/Documents/GitHub/LR-ProjectManager/vendor/laravel/framework/src/Illuminate/Cookie/Middleware/AddQueuedCookiesToResponse.php(36): Illuminate\\Pipeline\\Pipeline->{closure:{closure:Illuminate\\Pipeline\\Pipeline::carry():194}:195}(Object(Illuminate\\Http\\Request))
#34 /Users/huzai/Documents/GitHub/LR-ProjectManager/vendor/laravel/framework/src/Illuminate/Pipeline/Pipeline.php(219): Illuminate\\Cookie\\Middleware\\AddQueuedCookiesToResponse->handle(Object(Illuminate\\Http\\Request), Object(Closure))
#35 /Users/huzai/Documents/GitHub/LR-ProjectManager/vendor/laravel/framework/src/Illuminate/Cookie/Middleware/EncryptCookies.php(74): Illuminate\\Pipeline\\Pipeline->{closure:{closure:Illuminate\\Pipeline\\Pipeline::carry():194}:195}(Object(Illuminate\\Http\\Request))
#36 /Users/huzai/Documents/GitHub/LR-ProjectManager/vendor/laravel/framework/src/Illuminate/Pipeline/Pipeline.php(219): Illuminate\\Cookie\\Middleware\\EncryptCookies->handle(Object(Illuminate\\Http\\Request), Object(Closure))
#37 /Users/huzai/Documents/GitHub/LR-ProjectManager/vendor/laravel/framework/src/Illuminate/Pipeline/Pipeline.php(137): Illuminate\\Pipeline\\Pipeline->{closure:{closure:Illuminate\\Pipeline\\Pipeline::carry():194}:195}(Object(Illuminate\\Http\\Request))
#38 /Users/huzai/Documents/GitHub/LR-ProjectManager/vendor/laravel/framework/src/Illuminate/Routing/Router.php(821): Illuminate\\Pipeline\\Pipeline->then(Object(Closure))
#39 /Users/huzai/Documents/GitHub/LR-ProjectManager/vendor/laravel/framework/src/Illuminate/Routing/Router.php(800): Illuminate\\Routing\\Router->runRouteWithinStack(Object(Illuminate\\Routing\\Route), Object(Illuminate\\Http\\Request))
#40 /Users/huzai/Documents/GitHub/LR-ProjectManager/vendor/laravel/framework/src/Illuminate/Routing/Router.php(764): Illuminate\\Routing\\Router->runRoute(Object(Illuminate\\Http\\Request), Object(Illuminate\\Routing\\Route))
#41 /Users/huzai/Documents/GitHub/LR-ProjectManager/vendor/laravel/framework/src/Illuminate/Routing/Router.php(753): Illuminate\\Routing\\Router->dispatchToRoute(Object(Illuminate\\Http\\Request))
#42 /Users/huzai/Documents/GitHub/LR-ProjectManager/vendor/laravel/framework/src/Illuminate/Foundation/Http/Kernel.php(200): Illuminate\\Routing\\Router->dispatch(Object(Illuminate\\Http\\Request))
#43 /Users/huzai/Documents/GitHub/LR-ProjectManager/vendor/laravel/framework/src/Illuminate/Pipeline/Pipeline.php(180): Illuminate\\Foundation\\Http\\Kernel->{closure:Illuminate\\Foundation\\Http\\Kernel::dispatchToRouter():197}(Object(Illuminate\\Http\\Request))
#44 /Users/huzai/Documents/GitHub/LR-ProjectManager/vendor/inertiajs/inertia-laravel/src/Middleware/EnsureGetOnRedirect.php(19): Illuminate\\Pipeline\\Pipeline->{closure:Illuminate\\Pipeline\\Pipeline::prepareDestination():178}(Object(Illuminate\\Http\\Request))
#45 /Users/huzai/Documents/GitHub/LR-ProjectManager/vendor/laravel/framework/src/Illuminate/Pipeline/Pipeline.php(219): Inertia\\Middleware\\EnsureGetOnRedirect->handle(Object(Illuminate\\Http\\Request), Object(Closure))
#46 /Users/huzai/Documents/GitHub/LR-ProjectManager/vendor/laravel/framework/src/Illuminate/Foundation/Http/Middleware/TransformsRequest.php(21): Illuminate\\Pipeline\\Pipeline->{closure:{closure:Illuminate\\Pipeline\\Pipeline::carry():194}:195}(Object(Illuminate\\Http\\Request))
#47 /Users/huzai/Documents/GitHub/LR-ProjectManager/vendor/laravel/framework/src/Illuminate/Foundation/Http/Middleware/ConvertEmptyStringsToNull.php(31): Illuminate\\Foundation\\Http\\Middleware\\TransformsRequest->handle(Object(Illuminate\\Http\\Request), Object(Closure))
#48 /Users/huzai/Documents/GitHub/LR-ProjectManager/vendor/laravel/framework/src/Illuminate/Pipeline/Pipeline.php(219): Illuminate\\Foundation\\Http\\Middleware\\ConvertEmptyStringsToNull->handle(Object(Illuminate\\Http\\Request), Object(Closure))
#49 /Users/huzai/Documents/GitHub/LR-ProjectManager/vendor/laravel/framework/src/Illuminate/Foundation/Http/Middleware/TransformsRequest.php(21): Illuminate\\Pipeline\\Pipeline->{closure:{closure:Illuminate\\Pipeline\\Pipeline::carry():194}:195}(Object(Illuminate\\Http\\Request))
#50 /Users/huzai/Documents/GitHub/LR-ProjectManager/vendor/laravel/framework/src/Illuminate/Foundation/Http/Middleware/TrimStrings.php(51): Illuminate\\Foundation\\Http\\Middleware\\TransformsRequest->handle(Object(Illuminate\\Http\\Request), Object(Closure))
#51 /Users/huzai/Documents/GitHub/LR-ProjectManager/vendor/laravel/framework/src/Illuminate/Pipeline/Pipeline.php(219): Illuminate\\Foundation\\Http\\Middleware\\TrimStrings->handle(Object(Illuminate\\Http\\Request), Object(Closure))
#52 /Users/huzai/Documents/GitHub/LR-ProjectManager/vendor/laravel/framework/src/Illuminate/Http/Middleware/ValidatePostSize.php(27): Illuminate\\Pipeline\\Pipeline->{closure:{closure:Illuminate\\Pipeline\\Pipeline::carry():194}:195}(Object(Illuminate\\Http\\Request))
#53 /Users/huzai/Documents/GitHub/LR-ProjectManager/vendor/laravel/framework/src/Illuminate/Pipeline/Pipeline.php(219): Illuminate\\Http\\Middleware\\ValidatePostSize->handle(Object(Illuminate\\Http\\Request), Object(Closure))
#54 /Users/huzai/Documents/GitHub/LR-ProjectManager/vendor/laravel/framework/src/Illuminate/Foundation/Http/Middleware/PreventRequestsDuringMaintenance.php(109): Illuminate\\Pipeline\\Pipeline->{closure:{closure:Illuminate\\Pipeline\\Pipeline::carry():194}:195}(Object(Illuminate\\Http\\Request))
#55 /Users/huzai/Documents/GitHub/LR-ProjectManager/vendor/laravel/framework/src/Illuminate/Pipeline/Pipeline.php(219): Illuminate\\Foundation\\Http\\Middleware\\PreventRequestsDuringMaintenance->handle(Object(Illuminate\\Http\\Request), Object(Closure))
#56 /Users/huzai/Documents/GitHub/LR-ProjectManager/vendor/laravel/framework/src/Illuminate/Http/Middleware/HandleCors.php(61): Illuminate\\Pipeline\\Pipeline->{closure:{closure:Illuminate\\Pipeline\\Pipeline::carry():194}:195}(Object(Illuminate\\Http\\Request))
#57 /Users/huzai/Documents/GitHub/LR-ProjectManager/vendor/laravel/framework/src/Illuminate/Pipeline/Pipeline.php(219): Illuminate\\Http\\Middleware\\HandleCors->handle(Object(Illuminate\\Http\\Request), Object(Closure))
#58 /Users/huzai/Documents/GitHub/LR-ProjectManager/vendor/laravel/framework/src/Illuminate/Http/Middleware/TrustProxies.php(58): Illuminate\\Pipeline\\Pipeline->{closure:{closure:Illuminate\\Pipeline\\Pipeline::carry():194}:195}(Object(Illuminate\\Http\\Request))
#59 /Users/huzai/Documents/GitHub/LR-ProjectManager/vendor/laravel/framework/src/Illuminate/Pipeline/Pipeline.php(219): Illuminate\\Http\\Middleware\\TrustProxies->handle(Object(Illuminate\\Http\\Request), Object(Closure))
#60 /Users/huzai/Documents/GitHub/LR-ProjectManager/vendor/laravel/framework/src/Illuminate/Foundation/Http/Middleware/InvokeDeferredCallbacks.php(22): Illuminate\\Pipeline\\Pipeline->{closure:{closure:Illuminate\\Pipeline\\Pipeline::carry():194}:195}(Object(Illuminate\\Http\\Request))
#61 /Users/huzai/Documents/GitHub/LR-ProjectManager/vendor/laravel/framework/src/Illuminate/Pipeline/Pipeline.php(219): Illuminate\\Foundation\\Http\\Middleware\\InvokeDeferredCallbacks->handle(Object(Illuminate\\Http\\Request), Object(Closure))
#62 /Users/huzai/Documents/GitHub/LR-ProjectManager/vendor/laravel/framework/src/Illuminate/Http/Middleware/ValidatePathEncoding.php(28): Illuminate\\Pipeline\\Pipeline->{closure:{closure:Illuminate\\Pipeline\\Pipeline::carry():194}:195}(Object(Illuminate\\Http\\Request))
#63 /Users/huzai/Documents/GitHub/LR-ProjectManager/vendor/laravel/framework/src/Illuminate/Pipeline/Pipeline.php(219): Illuminate\\Http\\Middleware\\ValidatePathEncoding->handle(Object(Illuminate\\Http\\Request), Object(Closure))
#64 /Users/huzai/Documents/GitHub/LR-ProjectManager/vendor/laravel/framework/src/Illuminate/Pipeline/Pipeline.php(137): Illuminate\\Pipeline\\Pipeline->{closure:{closure:Illuminate\\Pipeline\\Pipeline::carry():194}:195}(Object(Illuminate\\Http\\Request))
#65 /Users/huzai/Documents/GitHub/LR-ProjectManager/vendor/laravel/framework/src/Illuminate/Foundation/Http/Kernel.php(175): Illuminate\\Pipeline\\Pipeline->then(Object(Closure))
#66 /Users/huzai/Documents/GitHub/LR-ProjectManager/vendor/laravel/framework/src/Illuminate/Foundation/Http/Kernel.php(144): Illuminate\\Foundation\\Http\\Kernel->sendRequestThroughRouter(Object(Illuminate\\Http\\Request))
#67 /Users/huzai/Documents/GitHub/LR-ProjectManager/vendor/laravel/framework/src/Illuminate/Foundation/Testing/Concerns/MakesHttpRequests.php(607): Illuminate\\Foundation\\Http\\Kernel->handle(Object(Illuminate\\Http\\Request))
#68 /Users/huzai/Documents/GitHub/LR-ProjectManager/vendor/laravel/framework/src/Illuminate/Foundation/Testing/Concerns/MakesHttpRequests.php(368): Illuminate\\Foundation\\Testing\\TestCase->call('GET', 'http://127.0.0....', Array, Array, Array, Array)
#69 /Users/huzai/Documents/GitHub/LR-ProjectManager/tests/Feature/Auth/PasswordConfirmationTest.php(18): Illuminate\\Foundation\\Testing\\TestCase->get('http://127.0.0....')
#70 /Users/huzai/Documents/GitHub/LR-ProjectManager/vendor/phpunit/phpunit/src/Framework/TestCase.php(1314): Tests\\Feature\\Auth\\PasswordConfirmationTest->test_confirm_password_screen_can_be_rendered()
#71 /Users/huzai/Documents/GitHub/LR-ProjectManager/vendor/phpunit/phpunit/src/Framework/TestCase.php(1351): PHPUnit\\Framework\\TestCase->invokeTestMethod('test_confirm_pa...', Array)
#72 /Users/huzai/Documents/GitHub/LR-ProjectManager/vendor/phpunit/phpunit/src/Framework/TestCase.php(521): PHPUnit\\Framework\\TestCase->runTest()
#73 /Users/huzai/Documents/GitHub/LR-ProjectManager/vendor/phpunit/phpunit/src/Framework/TestRunner/TestRunner.php(99): PHPUnit\\Framework\\TestCase->runBare()
#74 /Users/huzai/Documents/GitHub/LR-ProjectManager/vendor/phpunit/phpunit/src/Framework/TestCase.php(361): PHPUnit\\Framework\\TestRunner->run(Object(Tests\\Feature\\Auth\\PasswordConfirmationTest))
#75 /Users/huzai/Documents/GitHub/LR-ProjectManager/vendor/phpunit/phpunit/src/Framework/TestSuite.php(374): PHPUnit\\Framework\\TestCase->run()
#76 /Users/huzai/Documents/GitHub/LR-ProjectManager/vendor/phpunit/phpunit/src/Framework/TestSuite.php(374): PHPUnit\\Framework\\TestSuite->run()
#77 /Users/huzai/Documents/GitHub/LR-ProjectManager/vendor/phpunit/phpunit/src/Framework/TestSuite.php(374): PHPUnit\\Framework\\TestSuite->run()
#78 /Users/huzai/Documents/GitHub/LR-ProjectManager/vendor/phpunit/phpunit/src/TextUI/TestRunner.php(64): PHPUnit\\Framework\\TestSuite->run()
#79 /Users/huzai/Documents/GitHub/LR-ProjectManager/vendor/phpunit/phpunit/src/TextUI/Application.php(229): PHPUnit\\TextUI\\TestRunner->run(Object(PHPUnit\\TextUI\\Configuration\\Configuration), Object(PHPUnit\\Runner\\ResultCache\\DefaultResultCache), Object(PHPUnit\\Framework\\TestSuite))
#80 /Users/huzai/Documents/GitHub/LR-ProjectManager/vendor/phpunit/phpunit/phpunit(104): PHPUnit\\TextUI\\Application->run(Array)
#81 {main}

[previous exception] [object] (Illuminate\\Foundation\\ViteManifestNotFoundException(code: 0): Vite manifest not found at: /Users/huzai/Documents/GitHub/LR-ProjectManager/public/build/manifest.json at /Users/huzai/Documents/GitHub/LR-ProjectManager/vendor/laravel/framework/src/Illuminate/Foundation/Vite.php:960)
[stacktrace]
#0 /Users/huzai/Documents/GitHub/LR-ProjectManager/vendor/laravel/framework/src/Illuminate/Foundation/Vite.php(398): Illuminate\\Foundation\\Vite->manifest('build')
#1 /Users/huzai/Documents/GitHub/LR-ProjectManager/storage/framework/views/cc980059043f8a994bd2e0d5afbf0963.php(40): Illuminate\\Foundation\\Vite->__invoke(Object(Illuminate\\Support\\Collection))
#2 /Users/huzai/Documents/GitHub/LR-ProjectManager/vendor/laravel/framework/src/Illuminate/Filesystem/Filesystem.php(123): require('/Users/huzai/Do...')
#3 /Users/huzai/Documents/GitHub/LR-ProjectManager/vendor/laravel/framework/src/Illuminate/Filesystem/Filesystem.php(124): Illuminate\\Filesystem\\Filesystem::{closure:Illuminate\\Filesystem\\Filesystem::getRequire():120}()
#4 /Users/huzai/Documents/GitHub/LR-ProjectManager/vendor/laravel/framework/src/Illuminate/View/Engines/PhpEngine.php(57): Illuminate\\Filesystem\\Filesystem->getRequire('/Users/huzai/Do...', Array)
#5 /Users/huzai/Documents/GitHub/LR-ProjectManager/vendor/laravel/framework/src/Illuminate/View/Engines/CompilerEngine.php(76): Illuminate\\View\\Engines\\PhpEngine->evaluatePath('/Users/huzai/Do...', Array)
#6 /Users/huzai/Documents/GitHub/LR-ProjectManager/vendor/laravel/framework/src/Illuminate/View/View.php(208): Illuminate\\View\\Engines\\CompilerEngine->get('/Users/huzai/Do...', Array)
#7 /Users/huzai/Documents/GitHub/LR-ProjectManager/vendor/laravel/framework/src/Illuminate/View/View.php(191): Illuminate\\View\\View->getContents()
#8 /Users/huzai/Documents/GitHub/LR-ProjectManager/vendor/laravel/framework/src/Illuminate/View/View.php(160): Illuminate\\View\\View->renderContents()
#9 /Users/huzai/Documents/GitHub/LR-ProjectManager/vendor/laravel/framework/src/Illuminate/Http/Response.php(78): Illuminate\\View\\View->render()
#10 /Users/huzai/Documents/GitHub/LR-ProjectManager/vendor/laravel/framework/src/Illuminate/Http/Response.php(34): Illuminate\\Http\\Response->setContent(Object(Illuminate\\View\\View))
#11 /Users/huzai/Documents/GitHub/LR-ProjectManager/vendor/laravel/framework/src/Illuminate/Routing/ResponseFactory.php(61): Illuminate\\Http\\Response->__construct(Object(Illuminate\\View\\View), 200, Array)
#12 /Users/huzai/Documents/GitHub/LR-ProjectManager/vendor/laravel/framework/src/Illuminate/Routing/ResponseFactory.php(91): Illuminate\\Routing\\ResponseFactory->make(Object(Illuminate\\View\\View), 200, Array)
#13 /Users/huzai/Documents/GitHub/LR-ProjectManager/vendor/laravel/framework/src/Illuminate/Support/Facades/Facade.php(363): Illuminate\\Routing\\ResponseFactory->view('app', Array)
#14 /Users/huzai/Documents/GitHub/LR-ProjectManager/vendor/inertiajs/inertia-laravel/src/Response.php(211): Illuminate\\Support\\Facades\\Facade::__callStatic('view', Array)
#15 /Users/huzai/Documents/GitHub/LR-ProjectManager/vendor/laravel/fortify/src/Http/Responses/SimpleViewResponse.php(56): Inertia\\Response->toResponse(Object(Illuminate\\Http\\Request))
#16 /Users/huzai/Documents/GitHub/LR-ProjectManager/vendor/laravel/framework/src/Illuminate/Routing/Router.php(921): Laravel\\Fortify\\Http\\Responses\\SimpleViewResponse->toResponse(Object(Illuminate\\Http\\Request))
#17 /Users/huzai/Documents/GitHub/LR-ProjectManager/vendor/laravel/framework/src/Illuminate/Routing/Router.php(906): Illuminate\\Routing\\Router::toResponse(Object(Illuminate\\Http\\Request), Object(Laravel\\Fortify\\Http\\Responses\\SimpleViewResponse))
#18 /Users/huzai/Documents/GitHub/LR-ProjectManager/vendor/laravel/framework/src/Illuminate/Routing/Router.php(821): Illuminate\\Routing\\Router->prepareResponse(Object(Illuminate\\Http\\Request), Object(Laravel\\Fortify\\Http\\Responses\\SimpleViewResponse))
#19 /Users/huzai/Documents/GitHub/LR-ProjectManager/vendor/laravel/framework/src/Illuminate/Pipeline/Pipeline.php(180): Illuminate\\Routing\\Router->{closure:Illuminate\\Routing\\Router::runRouteWithinStack():821}(Object(Illuminate\\Http\\Request))
#20 /Users/huzai/Documents/GitHub/LR-ProjectManager/vendor/laravel/framework/src/Illuminate/Http/Middleware/AddLinkHeadersForPreloadedAssets.php(32): Illuminate\\Pipeline\\Pipeline->{closure:Illuminate\\Pipeline\\Pipeline::prepareDestination():178}(Object(Illuminate\\Http\\Request))
#21 /Users/huzai/Documents/GitHub/LR-ProjectManager/vendor/laravel/framework/src/Illuminate/Pipeline/Pipeline.php(219): Illuminate\\Http\\Middleware\\AddLinkHeadersForPreloadedAssets->handle(Object(Illuminate\\Http\\Request), Object(Closure))
#22 /Users/huzai/Documents/GitHub/LR-ProjectManager/vendor/inertiajs/inertia-laravel/src/Middleware.php(138): Illuminate\\Pipeline\\Pipeline->{closure:{closure:Illuminate\\Pipeline\\Pipeline::carry():194}:195}(Object(Illuminate\\Http\\Request))
#23 /Users/huzai/Documents/GitHub/LR-ProjectManager/vendor/laravel/framework/src/Illuminate/Pipeline/Pipeline.php(219): Inertia\\Middleware->handle(Object(Illuminate\\Http\\Request), Object(Closure))
#24 /Users/huzai/Documents/GitHub/LR-ProjectManager/app/Http/Middleware/HandleAppearance.php(21): Illuminate\\Pipeline\\Pipeline->{closure:{closure:Illuminate\\Pipeline\\Pipeline::carry():194}:195}(Object(Illuminate\\Http\\Request))
#25 /Users/huzai/Documents/GitHub/LR-ProjectManager/vendor/laravel/framework/src/Illuminate/Pipeline/Pipeline.php(219): App\\Http\\Middleware\\HandleAppearance->handle(Object(Illuminate\\Http\\Request), Object(Closure))
#26 /Users/huzai/Documents/GitHub/LR-ProjectManager/vendor/laravel/framework/src/Illuminate/Routing/Middleware/SubstituteBindings.php(52): Illuminate\\Pipeline\\Pipeline->{closure:{closure:Illuminate\\Pipeline\\Pipeline::carry():194}:195}(Object(Illuminate\\Http\\Request))
#27 /Users/huzai/Documents/GitHub/LR-ProjectManager/vendor/laravel/framework/src/Illuminate/Pipeline/Pipeline.php(219): Illuminate\\Routing\\Middleware\\SubstituteBindings->handle(Object(Illuminate\\Http\\Request), Object(Closure))
#28 /Users/huzai/Documents/GitHub/LR-ProjectManager/vendor/laravel/framework/src/Illuminate/Auth/Middleware/Authenticate.php(63): Illuminate\\Pipeline\\Pipeline->{closure:{closure:Illuminate\\Pipeline\\Pipeline::carry():194}:195}(Object(Illuminate\\Http\\Request))
#29 /Users/huzai/Documents/GitHub/LR-ProjectManager/vendor/laravel/framework/src/Illuminate/Pipeline/Pipeline.php(219): Illuminate\\Auth\\Middleware\\Authenticate->handle(Object(Illuminate\\Http\\Request), Object(Closure), 'web')
#30 /Users/huzai/Documents/GitHub/LR-ProjectManager/vendor/laravel/framework/src/Illuminate/Foundation/Http/Middleware/PreventRequestForgery.php(104): Illuminate\\Pipeline\\Pipeline->{closure:{closure:Illuminate\\Pipeline\\Pipeline::carry():194}:195}(Object(Illuminate\\Http\\Request))
#31 /Users/huzai/Documents/GitHub/LR-ProjectManager/vendor/laravel/framework/src/Illuminate/Pipeline/Pipeline.php(219): Illuminate\\Foundation\\Http\\Middleware\\PreventRequestForgery->handle(Object(Illuminate\\Http\\Request), Object(Closure))
#32 /Users/huzai/Documents/GitHub/LR-ProjectManager/vendor/laravel/framework/src/Illuminate/View/Middleware/ShareErrorsFromSession.php(48): Illuminate\\Pipeline\\Pipeline->{closure:{closure:Illuminate\\Pipeline\\Pipeline::carry():194}:195}(Object(Illuminate\\Http\\Request))
#33 /Users/huzai/Documents/GitHub/LR-ProjectManager/vendor/laravel/framework/src/Illuminate/Pipeline/Pipeline.php(219): Illuminate\\View\\Middleware\\ShareErrorsFromSession->handle(Object(Illuminate\\Http\\Request), Object(Closure))
#34 /Users/huzai/Documents/GitHub/LR-ProjectManager/vendor/laravel/framework/src/Illuminate/Session/Middleware/StartSession.php(120): Illuminate\\Pipeline\\Pipeline->{closure:{closure:Illuminate\\Pipeline\\Pipeline::carry():194}:195}(Object(Illuminate\\Http\\Request))
#35 /Users/huzai/Documents/GitHub/LR-ProjectManager/vendor/laravel/framework/src/Illuminate/Session/Middleware/StartSession.php(63): Illuminate\\Session\\Middleware\\StartSession->handleStatefulRequest(Object(Illuminate\\Http\\Request), Object(Illuminate\\Session\\Store), Object(Closure))
#36 /Users/huzai/Documents/GitHub/LR-ProjectManager/vendor/laravel/framework/src/Illuminate/Pipeline/Pipeline.php(219): Illuminate\\Session\\Middleware\\StartSession->handle(Object(Illuminate\\Http\\Request), Object(Closure))
#37 /Users/huzai/Documents/GitHub/LR-ProjectManager/vendor/laravel/framework/src/Illuminate/Cookie/Middleware/AddQueuedCookiesToResponse.php(36): Illuminate\\Pipeline\\Pipeline->{closure:{closure:Illuminate\\Pipeline\\Pipeline::carry():194}:195}(Object(Illuminate\\Http\\Request))
#38 /Users/huzai/Documents/GitHub/LR-ProjectManager/vendor/laravel/framework/src/Illuminate/Pipeline/Pipeline.php(219): Illuminate\\Cookie\\Middleware\\AddQueuedCookiesToResponse->handle(Object(Illuminate\\Http\\Request), Object(Closure))
#39 /Users/huzai/Documents/GitHub/LR-ProjectManager/vendor/laravel/framework/src/Illuminate/Cookie/Middleware/EncryptCookies.php(74): Illuminate\\Pipeline\\Pipeline->{closure:{closure:Illuminate\\Pipeline\\Pipeline::carry():194}:195}(Object(Illuminate\\Http\\Request))
#40 /Users/huzai/Documents/GitHub/LR-ProjectManager/vendor/laravel/framework/src/Illuminate/Pipeline/Pipeline.php(219): Illuminate\\Cookie\\Middleware\\EncryptCookies->handle(Object(Illuminate\\Http\\Request), Object(Closure))
#41 /Users/huzai/Documents/GitHub/LR-ProjectManager/vendor/laravel/framework/src/Illuminate/Pipeline/Pipeline.php(137): Illuminate\\Pipeline\\Pipeline->{closure:{closure:Illuminate\\Pipeline\\Pipeline::carry():194}:195}(Object(Illuminate\\Http\\Request))
#42 /Users/huzai/Documents/GitHub/LR-ProjectManager/vendor/laravel/framework/src/Illuminate/Routing/Router.php(821): Illuminate\\Pipeline\\Pipeline->then(Object(Closure))
#43 /Users/huzai/Documents/GitHub/LR-ProjectManager/vendor/laravel/framework/src/Illuminate/Routing/Router.php(800): Illuminate\\Routing\\Router->runRouteWithinStack(Object(Illuminate\\Routing\\Route), Object(Illuminate\\Http\\Request))
#44 /Users/huzai/Documents/GitHub/LR-ProjectManager/vendor/laravel/framework/src/Illuminate/Routing/Router.php(764): Illuminate\\Routing\\Router->runRoute(Object(Illuminate\\Http\\Request), Object(Illuminate\\Routing\\Route))
#45 /Users/huzai/Documents/GitHub/LR-ProjectManager/vendor/laravel/framework/src/Illuminate/Routing/Router.php(753): Illuminate\\Routing\\Router->dispatchToRoute(Object(Illuminate\\Http\\Request))
#46 /Users/huzai/Documents/GitHub/LR-ProjectManager/vendor/laravel/framework/src/Illuminate/Foundation/Http/Kernel.php(200): Illuminate\\Routing\\Router->dispatch(Object(Illuminate\\Http\\Request))
#47 /Users/huzai/Documents/GitHub/LR-ProjectManager/vendor/laravel/framework/src/Illuminate/Pipeline/Pipeline.php(180): Illuminate\\Foundation\\Http\\Kernel->{closure:Illuminate\\Foundation\\Http\\Kernel::dispatchToRouter():197}(Object(Illuminate\\Http\\Request))
#48 /Users/huzai/Documents/GitHub/LR-ProjectManager/vendor/inertiajs/inertia-laravel/src/Middleware/EnsureGetOnRedirect.php(19): Illuminate\\Pipeline\\Pipeline->{closure:Illuminate\\Pipeline\\Pipeline::prepareDestination():178}(Object(Illuminate\\Http\\Request))
#49 /Users/huzai/Documents/GitHub/LR-ProjectManager/vendor/laravel/framework/src/Illuminate/Pipeline/Pipeline.php(219): Inertia\\Middleware\\EnsureGetOnRedirect->handle(Object(Illuminate\\Http\\Request), Object(Closure))
#50 /Users/huzai/Documents/GitHub/LR-ProjectManager/vendor/laravel/framework/src/Illuminate/Foundation/Http/Middleware/TransformsRequest.php(21): Illuminate\\Pipeline\\Pipeline->{closure:{closure:Illuminate\\Pipeline\\Pipeline::carry():194}:195}(Object(Illuminate\\Http\\Request))
#51 /Users/huzai/Documents/GitHub/LR-ProjectManager/vendor/laravel/framework/src/Illuminate/Foundation/Http/Middleware/ConvertEmptyStringsToNull.php(31): Illuminate\\Foundation\\Http\\Middleware\\TransformsRequest->handle(Object(Illuminate\\Http\\Request), Object(Closure))
#52 /Users/huzai/Documents/GitHub/LR-ProjectManager/vendor/laravel/framework/src/Illuminate/Pipeline/Pipeline.php(219): Illuminate\\Foundation\\Http\\Middleware\\ConvertEmptyStringsToNull->handle(Object(Illuminate\\Http\\Request), Object(Closure))
#53 /Users/huzai/Documents/GitHub/LR-ProjectManager/vendor/laravel/framework/src/Illuminate/Foundation/Http/Middleware/TransformsRequest.php(21): Illuminate\\Pipeline\\Pipeline->{closure:{closure:Illuminate\\Pipeline\\Pipeline::carry():194}:195}(Object(Illuminate\\Http\\Request))
#54 /Users/huzai/Documents/GitHub/LR-ProjectManager/vendor/laravel/framework/src/Illuminate/Foundation/Http/Middleware/TrimStrings.php(51): Illuminate\\Foundation\\Http\\Middleware\\TransformsRequest->handle(Object(Illuminate\\Http\\Request), Object(Closure))
#55 /Users/huzai/Documents/GitHub/LR-ProjectManager/vendor/laravel/framework/src/Illuminate/Pipeline/Pipeline.php(219): Illuminate\\Foundation\\Http\\Middleware\\TrimStrings->handle(Object(Illuminate\\Http\\Request), Object(Closure))
#56 /Users/huzai/Documents/GitHub/LR-ProjectManager/vendor/laravel/framework/src/Illuminate/Http/Middleware/ValidatePostSize.php(27): Illuminate\\Pipeline\\Pipeline->{closure:{closure:Illuminate\\Pipeline\\Pipeline::carry():194}:195}(Object(Illuminate\\Http\\Request))
#57 /Users/huzai/Documents/GitHub/LR-ProjectManager/vendor/laravel/framework/src/Illuminate/Pipeline/Pipeline.php(219): Illuminate\\Http\\Middleware\\ValidatePostSize->handle(Object(Illuminate\\Http\\Request), Object(Closure))
#58 /Users/huzai/Documents/GitHub/LR-ProjectManager/vendor/laravel/framework/src/Illuminate/Foundation/Http/Middleware/PreventRequestsDuringMaintenance.php(109): Illuminate\\Pipeline\\Pipeline->{closure:{closure:Illuminate\\Pipeline\\Pipeline::carry():194}:195}(Object(Illuminate\\Http\\Request))
#59 /Users/huzai/Documents/GitHub/LR-ProjectManager/vendor/laravel/framework/src/Illuminate/Pipeline/Pipeline.php(219): Illuminate\\Foundation\\Http\\Middleware\\PreventRequestsDuringMaintenance->handle(Object(Illuminate\\Http\\Request), Object(Closure))
#60 /Users/huzai/Documents/GitHub/LR-ProjectManager/vendor/laravel/framework/src/Illuminate/Http/Middleware/HandleCors.php(61): Illuminate\\Pipeline\\Pipeline->{closure:{closure:Illuminate\\Pipeline\\Pipeline::carry():194}:195}(Object(Illuminate\\Http\\Request))
#61 /Users/huzai/Documents/GitHub/LR-ProjectManager/vendor/laravel/framework/src/Illuminate/Pipeline/Pipeline.php(219): Illuminate\\Http\\Middleware\\HandleCors->handle(Object(Illuminate\\Http\\Request), Object(Closure))
#62 /Users/huzai/Documents/GitHub/LR-ProjectManager/vendor/laravel/framework/src/Illuminate/Http/Middleware/TrustProxies.php(58): Illuminate\\Pipeline\\Pipeline->{closure:{closure:Illuminate\\Pipeline\\Pipeline::carry():194}:195}(Object(Illuminate\\Http\\Request))
#63 /Users/huzai/Documents/GitHub/LR-ProjectManager/vendor/laravel/framework/src/Illuminate/Pipeline/Pipeline.php(219): Illuminate\\Http\\Middleware\\TrustProxies->handle(Object(Illuminate\\Http\\Request), Object(Closure))
#64 /Users/huzai/Documents/GitHub/LR-ProjectManager/vendor/laravel/framework/src/Illuminate/Foundation/Http/Middleware/InvokeDeferredCallbacks.php(22): Illuminate\\Pipeline\\Pipeline->{closure:{closure:Illuminate\\Pipeline\\Pipeline::carry():194}:195}(Object(Illuminate\\Http\\Request))
#65 /Users/huzai/Documents/GitHub/LR-ProjectManager/vendor/laravel/framework/src/Illuminate/Pipeline/Pipeline.php(219): Illuminate\\Foundation\\Http\\Middleware\\InvokeDeferredCallbacks->handle(Object(Illuminate\\Http\\Request), Object(Closure))
#66 /Users/huzai/Documents/GitHub/LR-ProjectManager/vendor/laravel/framework/src/Illuminate/Http/Middleware/ValidatePathEncoding.php(28): Illuminate\\Pipeline\\Pipeline->{closure:{closure:Illuminate\\Pipeline\\Pipeline::carry():194}:195}(Object(Illuminate\\Http\\Request))
#67 /Users/huzai/Documents/GitHub/LR-ProjectManager/vendor/laravel/framework/src/Illuminate/Pipeline/Pipeline.php(219): Illuminate\\Http\\Middleware\\ValidatePathEncoding->handle(Object(Illuminate\\Http\\Request), Object(Closure))
#68 /Users/huzai/Documents/GitHub/LR-ProjectManager/vendor/laravel/framework/src/Illuminate/Pipeline/Pipeline.php(137): Illuminate\\Pipeline\\Pipeline->{closure:{closure:Illuminate\\Pipeline\\Pipeline::carry():194}:195}(Object(Illuminate\\Http\\Request))
#69 /Users/huzai/Documents/GitHub/LR-ProjectManager/vendor/laravel/framework/src/Illuminate/Foundation/Http/Kernel.php(175): Illuminate\\Pipeline\\Pipeline->then(Object(Closure))
#70 /Users/huzai/Documents/GitHub/LR-ProjectManager/vendor/laravel/framework/src/Illuminate/Foundation/Http/Kernel.php(144): Illuminate\\Foundation\\Http\\Kernel->sendRequestThroughRouter(Object(Illuminate\\Http\\Request))
#71 /Users/huzai/Documents/GitHub/LR-ProjectManager/vendor/laravel/framework/src/Illuminate/Foundation/Testing/Concerns/MakesHttpRequests.php(607): Illuminate\\Foundation\\Http\\Kernel->handle(Object(Illuminate\\Http\\Request))
#72 /Users/huzai/Documents/GitHub/LR-ProjectManager/vendor/laravel/framework/src/Illuminate/Foundation/Testing/Concerns/MakesHttpRequests.php(368): Illuminate\\Foundation\\Testing\\TestCase->call('GET', 'http://127.0.0....', Array, Array, Array, Array)
#73 /Users/huzai/Documents/GitHub/LR-ProjectManager/tests/Feature/Auth/PasswordConfirmationTest.php(18): Illuminate\\Foundation\\Testing\\TestCase->get('http://127.0.0....')
#74 /Users/huzai/Documents/GitHub/LR-ProjectManager/vendor/phpunit/phpunit/src/Framework/TestCase.php(1314): Tests\\Feature\\Auth\\PasswordConfirmationTest->test_confirm_password_screen_can_be_rendered()
#75 /Users/huzai/Documents/GitHub/LR-ProjectManager/vendor/phpunit/phpunit/src/Framework/TestCase.php(1351): PHPUnit\\Framework\\TestCase->invokeTestMethod('test_confirm_pa...', Array)
#76 /Users/huzai/Documents/GitHub/LR-ProjectManager/vendor/phpunit/phpunit/src/Framework/TestCase.php(521): PHPUnit\\Framework\\TestCase->runTest()
#77 /Users/huzai/Documents/GitHub/LR-ProjectManager/vendor/phpunit/phpunit/src/Framework/TestRunner/TestRunner.php(99): PHPUnit\\Framework\\TestCase->runBare()
#78 /Users/huzai/Documents/GitHub/LR-ProjectManager/vendor/phpunit/phpunit/src/Framework/TestCase.php(361): PHPUnit\\Framework\\TestRunner->run(Object(Tests\\Feature\\Auth\\PasswordConfirmationTest))
#79 /Users/huzai/Documents/GitHub/LR-ProjectManager/vendor/phpunit/phpunit/src/Framework/TestSuite.php(374): PHPUnit\\Framework\\TestCase->run()
#80 /Users/huzai/Documents/GitHub/LR-ProjectManager/vendor/phpunit/phpunit/src/Framework/TestSuite.php(374): PHPUnit\\Framework\\TestSuite->run()
#81 /Users/huzai/Documents/GitHub/LR-ProjectManager/vendor/phpunit/phpunit/src/Framework/TestSuite.php(374): PHPUnit\\Framework\\TestSuite->run()
#82 /Users/huzai/Documents/GitHub/LR-ProjectManager/vendor/phpunit/phpunit/src/TextUI/TestRunner.php(64): PHPUnit\\Framework\\TestSuite->run()
#83 /Users/huzai/Documents/GitHub/LR-ProjectManager/vendor/phpunit/phpunit/src/TextUI/Application.php(229): PHPUnit\\TextUI\\TestRunner->run(Object(PHPUnit\\TextUI\\Configuration\\Configuration), Object(PHPUnit\\Runner\\ResultCache\\DefaultResultCache), Object(PHPUnit\\Framework\\TestSuite))
#84 /Users/huzai/Documents/GitHub/LR-ProjectManager/vendor/phpunit/phpunit/phpunit(104): PHPUnit\\TextUI\\Application->run(Array)
#85 {main}
"} 
[2026-05-31 12:40:31] testing.ERROR: Vite manifest not found at: /Users/huzai/Documents/GitHub/LR-ProjectManager/public/build/manifest.json (View: /Users/huzai/Documents/GitHub/LR-ProjectManager/resources/views/app.blade.php) {"exception":"[object] (Illuminate\\View\\ViewException(code: 0): Vite manifest not found at: /Users/huzai/Documents/GitHub/LR-ProjectManager/public/build/manifest.json (View: /Users/huzai/Documents/GitHub/LR-ProjectManager/resources/views/app.blade.php) at /Users/huzai/Documents/GitHub/LR-ProjectManager/vendor/laravel/framework/src/Illuminate/Foundation/Vite.php:960)
[stacktrace]
#0 /Users/huzai/Documents/GitHub/LR-ProjectManager/vendor/laravel/framework/src/Illuminate/View/Engines/PhpEngine.php(59): Illuminate\\View\\Engines\\CompilerEngine->handleViewException(Object(Illuminate\\Foundation\\ViteManifestNotFoundException), 1)
#1 /Users/huzai/Documents/GitHub/LR-ProjectManager/vendor/laravel/framework/src/Illuminate/View/Engines/CompilerEngine.php(76): Illuminate\\View\\Engines\\PhpEngine->evaluatePath('/Users/huzai/Do...', Array)
#2 /Users/huzai/Documents/GitHub/LR-ProjectManager/vendor/laravel/framework/src/Illuminate/View/View.php(208): Illuminate\\View\\Engines\\CompilerEngine->get('/Users/huzai/Do...', Array)
#3 /Users/huzai/Documents/GitHub/LR-ProjectManager/vendor/laravel/framework/src/Illuminate/View/View.php(191): Illuminate\\View\\View->getContents()
#4 /Users/huzai/Documents/GitHub/LR-ProjectManager/vendor/laravel/framework/src/Illuminate/View/View.php(160): Illuminate\\View\\View->renderContents()
#5 /Users/huzai/Documents/GitHub/LR-ProjectManager/vendor/laravel/framework/src/Illuminate/Http/Response.php(78): Illuminate\\View\\View->render()
#6 /Users/huzai/Documents/GitHub/LR-ProjectManager/vendor/laravel/framework/src/Illuminate/Http/Response.php(34): Illuminate\\Http\\Response->setContent(Object(Illuminate\\View\\View))
#7 /Users/huzai/Documents/GitHub/LR-ProjectManager/vendor/laravel/framework/src/Illuminate/Routing/ResponseFactory.php(61): Illuminate\\Http\\Response->__construct(Object(Illuminate\\View\\View), 200, Array)
#8 /Users/huzai/Documents/GitHub/LR-ProjectManager/vendor/laravel/framework/src/Illuminate/Routing/ResponseFactory.php(91): Illuminate\\Routing\\ResponseFactory->make(Object(Illuminate\\View\\View), 200, Array)
#9 /Users/huzai/Documents/GitHub/LR-ProjectManager/vendor/laravel/framework/src/Illuminate/Support/Facades/Facade.php(363): Illuminate\\Routing\\ResponseFactory->view('app', Array)
#10 /Users/huzai/Documents/GitHub/LR-ProjectManager/vendor/inertiajs/inertia-laravel/src/Response.php(211): Illuminate\\Support\\Facades\\Facade::__callStatic('view', Array)
#11 /Users/huzai/Documents/GitHub/LR-ProjectManager/vendor/laravel/fortify/src/Http/Responses/SimpleViewResponse.php(56): Inertia\\Response->toResponse(Object(Illuminate\\Http\\Request))
#12 /Users/huzai/Documents/GitHub/LR-ProjectManager/vendor/laravel/framework/src/Illuminate/Routing/Router.php(921): Laravel\\Fortify\\Http\\Responses\\SimpleViewResponse->toResponse(Object(Illuminate\\Http\\Request))
#13 /Users/huzai/Documents/GitHub/LR-ProjectManager/vendor/laravel/framework/src/Illuminate/Routing/Router.php(906): Illuminate\\Routing\\Router::toResponse(Object(Illuminate\\Http\\Request), Object(Laravel\\Fortify\\Http\\Responses\\SimpleViewResponse))
#14 /Users/huzai/Documents/GitHub/LR-ProjectManager/vendor/laravel/framework/src/Illuminate/Routing/Router.php(821): Illuminate\\Routing\\Router->prepareResponse(Object(Illuminate\\Http\\Request), Object(Laravel\\Fortify\\Http\\Responses\\SimpleViewResponse))
#15 /Users/huzai/Documents/GitHub/LR-ProjectManager/vendor/laravel/framework/src/Illuminate/Pipeline/Pipeline.php(180): Illuminate\\Routing\\Router->{closure:Illuminate\\Routing\\Router::runRouteWithinStack():821}(Object(Illuminate\\Http\\Request))
#16 /Users/huzai/Documents/GitHub/LR-ProjectManager/vendor/laravel/framework/src/Illuminate/Auth/Middleware/RedirectIfAuthenticated.php(47): Illuminate\\Pipeline\\Pipeline->{closure:Illuminate\\Pipeline\\Pipeline::prepareDestination():178}(Object(Illuminate\\Http\\Request))
#17 /Users/huzai/Documents/GitHub/LR-ProjectManager/vendor/laravel/framework/src/Illuminate/Pipeline/Pipeline.php(219): Illuminate\\Auth\\Middleware\\RedirectIfAuthenticated->handle(Object(Illuminate\\Http\\Request), Object(Closure), 'web')
#18 /Users/huzai/Documents/GitHub/LR-ProjectManager/vendor/laravel/framework/src/Illuminate/Http/Middleware/AddLinkHeadersForPreloadedAssets.php(32): Illuminate\\Pipeline\\Pipeline->{closure:{closure:Illuminate\\Pipeline\\Pipeline::carry():194}:195}(Object(Illuminate\\Http\\Request))
#19 /Users/huzai/Documents/GitHub/LR-ProjectManager/vendor/laravel/framework/src/Illuminate/Pipeline/Pipeline.php(219): Illuminate\\Http\\Middleware\\AddLinkHeadersForPreloadedAssets->handle(Object(Illuminate\\Http\\Request), Object(Closure))
#20 /Users/huzai/Documents/GitHub/LR-ProjectManager/vendor/inertiajs/inertia-laravel/src/Middleware.php(138): Illuminate\\Pipeline\\Pipeline->{closure:{closure:Illuminate\\Pipeline\\Pipeline::carry():194}:195}(Object(Illuminate\\Http\\Request))
#21 /Users/huzai/Documents/GitHub/LR-ProjectManager/vendor/laravel/framework/src/Illuminate/Pipeline/Pipeline.php(219): Inertia\\Middleware->handle(Object(Illuminate\\Http\\Request), Object(Closure))
#22 /Users/huzai/Documents/GitHub/LR-ProjectManager/app/Http/Middleware/HandleAppearance.php(21): Illuminate\\Pipeline\\Pipeline->{closure:{closure:Illuminate\\Pipeline\\Pipeline::carry():194}:195}(Object(Illuminate\\Http\\Request))
#23 /Users/huzai/Documents/GitHub/LR-ProjectManager/vendor/laravel/framework/src/Illuminate/Pipeline/Pipeline.php(219): App\\Http\\Middleware\\HandleAppearance->handle(Object(Illuminate\\Http\\Request), Object(Closure))
#24 /Users/huzai/Documents/GitHub/LR-ProjectManager/vendor/laravel/framework/src/Illuminate/Routing/Middleware/SubstituteBindings.php(52): Illuminate\\Pipeline\\Pipeline->{closure:{closure:Illuminate\\Pipeline\\Pipeline::carry():194}:195}(Object(Illuminate\\Http\\Request))
#25 /Users/huzai/Documents/GitHub/LR-ProjectManager/vendor/laravel/framework/src/Illuminate/Pipeline/Pipeline.php(219): Illuminate\\Routing\\Middleware\\SubstituteBindings->handle(Object(Illuminate\\Http\\Request), Object(Closure))
#26 /Users/huzai/Documents/GitHub/LR-ProjectManager/vendor/laravel/framework/src/Illuminate/Foundation/Http/Middleware/PreventRequestForgery.php(104): Illuminate\\Pipeline\\Pipeline->{closure:{closure:Illuminate\\Pipeline\\Pipeline::carry():194}:195}(Object(Illuminate\\Http\\Request))
#27 /Users/huzai/Documents/GitHub/LR-ProjectManager/vendor/laravel/framework/src/Illuminate/Pipeline/Pipeline.php(219): Illuminate\\Foundation\\Http\\Middleware\\PreventRequestForgery->handle(Object(Illuminate\\Http\\Request), Object(Closure))
#28 /Users/huzai/Documents/GitHub/LR-ProjectManager/vendor/laravel/framework/src/Illuminate/View/Middleware/ShareErrorsFromSession.php(48): Illuminate\\Pipeline\\Pipeline->{closure:{closure:Illuminate\\Pipeline\\Pipeline::carry():194}:195}(Object(Illuminate\\Http\\Request))
#29 /Users/huzai/Documents/GitHub/LR-ProjectManager/vendor/laravel/framework/src/Illuminate/Pipeline/Pipeline.php(219): Illuminate\\View\\Middleware\\ShareErrorsFromSession->handle(Object(Illuminate\\Http\\Request), Object(Closure))
#30 /Users/huzai/Documents/GitHub/LR-ProjectManager/vendor/laravel/framework/src/Illuminate/Session/Middleware/StartSession.php(120): Illuminate\\Pipeline\\Pipeline->{closure:{closure:Illuminate\\Pipeline\\Pipeline::carry():194}:195}(Object(Illuminate\\Http\\Request))
#31 /Users/huzai/Documents/GitHub/LR-ProjectManager/vendor/laravel/framework/src/Illuminate/Session/Middleware/StartSession.php(63): Illuminate\\Session\\Middleware\\StartSession->handleStatefulRequest(Object(Illuminate\\Http\\Request), Object(Illuminate\\Session\\Store), Object(Closure))
#32 /Users/huzai/Documents/GitHub/LR-ProjectManager/vendor/laravel/framework/src/Illuminate/Pipeline/Pipeline.php(219): Illuminate\\Session\\Middleware\\StartSession->handle(Object(Illuminate\\Http\\Request), Object(Closure))
#33 /Users/huzai/Documents/GitHub/LR-ProjectManager/vendor/laravel/framework/src/Illuminate/Cookie/Middleware/AddQueuedCookiesToResponse.php(36): Illuminate\\Pipeline\\Pipeline->{closure:{closure:Illuminate\\Pipeline\\Pipeline::carry():194}:195}(Object(Illuminate\\Http\\Request))
#34 /Users/huzai/Documents/GitHub/LR-ProjectManager/vendor/laravel/framework/src/Illuminate/Pipeline/Pipeline.php(219): Illuminate\\Cookie\\Middleware\\AddQueuedCookiesToResponse->handle(Object(Illuminate\\Http\\Request), Object(Closure))
#35 /Users/huzai/Documents/GitHub/LR-ProjectManager/vendor/laravel/framework/src/Illuminate/Cookie/Middleware/EncryptCookies.php(74): Illuminate\\Pipeline\\Pipeline->{closure:{closure:Illuminate\\Pipeline\\Pipeline::carry():194}:195}(Object(Illuminate\\Http\\Request))
#36 /Users/huzai/Documents/GitHub/LR-ProjectManager/vendor/laravel/framework/src/Illuminate/Pipeline/Pipeline.php(219): Illuminate\\Cookie\\Middleware\\EncryptCookies->handle(Object(Illuminate\\Http\\Request), Object(Closure))
#37 /Users/huzai/Documents/GitHub/LR-ProjectManager/vendor/laravel/framework/src/Illuminate/Pipeline/Pipeline.php(137): Illuminate\\Pipeline\\Pipeline->{closure:{closure:Illuminate\\Pipeline\\Pipeline::carry():194}:195}(Object(Illuminate\\Http\\Request))
#38 /Users/huzai/Documents/GitHub/LR-ProjectManager/vendor/laravel/framework/src/Illuminate/Routing/Router.php(821): Illuminate\\Pipeline\\Pipeline->then(Object(Closure))
#39 /Users/huzai/Documents/GitHub/LR-ProjectManager/vendor/laravel/framework/src/Illuminate/Routing/Router.php(800): Illuminate\\Routing\\Router->runRouteWithinStack(Object(Illuminate\\Routing\\Route), Object(Illuminate\\Http\\Request))
#40 /Users/huzai/Documents/GitHub/LR-ProjectManager/vendor/laravel/framework/src/Illuminate/Routing/Router.php(764): Illuminate\\Routing\\Router->runRoute(Object(Illuminate\\Http\\Request), Object(Illuminate\\Routing\\Route))
#41 /Users/huzai/Documents/GitHub/LR-ProjectManager/vendor/laravel/framework/src/Illuminate/Routing/Router.php(753): Illuminate\\Routing\\Router->dispatchToRoute(Object(Illuminate\\Http\\Request))
#42 /Users/huzai/Documents/GitHub/LR-ProjectManager/vendor/laravel/framework/src/Illuminate/Foundation/Http/Kernel.php(200): Illuminate\\Routing\\Router->dispatch(Object(Illuminate\\Http\\Request))
#43 /Users/huzai/Documents/GitHub/LR-ProjectManager/vendor/laravel/framework/src/Illuminate/Pipeline/Pipeline.php(180): Illuminate\\Foundation\\Http\\Kernel->{closure:Illuminate\\Foundation\\Http\\Kernel::dispatchToRouter():197}(Object(Illuminate\\Http\\Request))
#44 /Users/huzai/Documents/GitHub/LR-ProjectManager/vendor/inertiajs/inertia-laravel/src/Middleware/EnsureGetOnRedirect.php(19): Illuminate\\Pipeline\\Pipeline->{closure:Illuminate\\Pipeline\\Pipeline::prepareDestination():178}(Object(Illuminate\\Http\\Request))
#45 /Users/huzai/Documents/GitHub/LR-ProjectManager/vendor/laravel/framework/src/Illuminate/Pipeline/Pipeline.php(219): Inertia\\Middleware\\EnsureGetOnRedirect->handle(Object(Illuminate\\Http\\Request), Object(Closure))
#46 /Users/huzai/Documents/GitHub/LR-ProjectManager/vendor/laravel/framework/src/Illuminate/Foundation/Http/Middleware/TransformsRequest.php(21): Illuminate\\Pipeline\\Pipeline->{closure:{closure:Illuminate\\Pipeline\\Pipeline::carry():194}:195}(Object(Illuminate\\Http\\Request))
#47 /Users/huzai/Documents/GitHub/LR-ProjectManager/vendor/laravel/framework/src/Illuminate/Foundation/Http/Middleware/ConvertEmptyStringsToNull.php(31): Illuminate\\Foundation\\Http\\Middleware\\TransformsRequest->handle(Object(Illuminate\\Http\\Request), Object(Closure))
#48 /Users/huzai/Documents/GitHub/LR-ProjectManager/vendor/laravel/framework/src/Illuminate/Pipeline/Pipeline.php(219): Illuminate\\Foundation\\Http\\Middleware\\ConvertEmptyStringsToNull->handle(Object(Illuminate\\Http\\Request), Object(Closure))
#49 /Users/huzai/Documents/GitHub/LR-ProjectManager/vendor/laravel/framework/src/Illuminate/Foundation/Http/Middleware/TransformsRequest.php(21): Illuminate\\Pipeline\\Pipeline->{closure:{closure:Illuminate\\Pipeline\\Pipeline::carry():194}:195}(Object(Illuminate\\Http\\Request))
#50 /Users/huzai/Documents/GitHub/LR-ProjectManager/vendor/laravel/framework/src/Illuminate/Foundation/Http/Middleware/TrimStrings.php(51): Illuminate\\Foundation\\Http\\Middleware\\TransformsRequest->handle(Object(Illuminate\\Http\\Request), Object(Closure))
#51 /Users/huzai/Documents/GitHub/LR-ProjectManager/vendor/laravel/framework/src/Illuminate/Pipeline/Pipeline.php(219): Illuminate\\Foundation\\Http\\Middleware\\TrimStrings->handle(Object(Illuminate\\Http\\Request), Object(Closure))
#52 /Users/huzai/Documents/GitHub/LR-ProjectManager/vendor/laravel/framework/src/Illuminate/Http/Middleware/ValidatePostSize.php(27): Illuminate\\Pipeline\\Pipeline->{closure:{closure:Illuminate\\Pipeline\\Pipeline::carry():194}:195}(Object(Illuminate\\Http\\Request))
#53 /Users/huzai/Documents/GitHub/LR-ProjectManager/vendor/laravel/framework/src/Illuminate/Pipeline/Pipeline.php(219): Illuminate\\Http\\Middleware\\ValidatePostSize->handle(Object(Illuminate\\Http\\Request), Object(Closure))
#54 /Users/huzai/Documents/GitHub/LR-ProjectManager/vendor/laravel/framework/src/Illuminate/Foundation/Http/Middleware/PreventRequestsDuringMaintenance.php(109): Illuminate\\Pipeline\\Pipeline->{closure:{closure:Illuminate\\Pipeline\\Pipeline::carry():194}:195}(Object(Illuminate\\Http\\Request))
#55 /Users/huzai/Documents/GitHub/LR-ProjectManager/vendor/laravel/framework/src/Illuminate/Pipeline/Pipeline.php(219): Illuminate\\Foundation\\Http\\Middleware\\PreventRequestsDuringMaintenance->handle(Object(Illuminate\\Http\\Request), Object(Closure))
#56 /Users/huzai/Documents/GitHub/LR-ProjectManager/vendor/laravel/framework/src/Illuminate/Http/Middleware/HandleCors.php(61): Illuminate\\Pipeline\\Pipeline->{closure:{closure:Illuminate\\Pipeline\\Pipeline::carry():194}:195}(Object(Illuminate\\Http\\Request))
#57 /Users/huzai/Documents/GitHub/LR-ProjectManager/vendor/laravel/framework/src/Illuminate/Pipeline/Pipeline.php(219): Illuminate\\Http\\Middleware\\HandleCors->handle(Object(Illuminate\\Http\\Request), Object(Closure))
#58 /Users/huzai/Documents/GitHub/LR-ProjectManager/vendor/laravel/framework/src/Illuminate/Http/Middleware/TrustProxies.php(58): Illuminate\\Pipeline\\Pipeline->{closure:{closure:Illuminate\\Pipeline\\Pipeline::carry():194}:195}(Object(Illuminate\\Http\\Request))
#59 /Users/huzai/Documents/GitHub/LR-ProjectManager/vendor/laravel/framework/src/Illuminate/Pipeline/Pipeline.php(219): Illuminate\\Http\\Middleware\\TrustProxies->handle(Object(Illuminate\\Http\\Request), Object(Closure))
#60 /Users/huzai/Documents/GitHub/LR-ProjectManager/vendor/laravel/framework/src/Illuminate/Foundation/Http/Middleware/InvokeDeferredCallbacks.php(22): Illuminate\\Pipeline\\Pipeline->{closure:{closure:Illuminate\\Pipeline\\Pipeline::carry():194}:195}(Object(Illuminate\\Http\\Request))
#61 /Users/huzai/Documents/GitHub/LR-ProjectManager/vendor/laravel/framework/src/Illuminate/Pipeline/Pipeline.php(219): Illuminate\\Foundation\\Http\\Middleware\\InvokeDeferredCallbacks->handle(Object(Illuminate\\Http\\Request), Object(Closure))
#62 /Users/huzai/Documents/GitHub/LR-ProjectManager/vendor/laravel/framework/src/Illuminate/Http/Middleware/ValidatePathEncoding.php(28): Illuminate\\Pipeline\\Pipeline->{closure:{closure:Illuminate\\Pipeline\\Pipeline::carry():194}:195}(Object(Illuminate\\Http\\Request))
#63 /Users/huzai/Documents/GitHub/LR-ProjectManager/vendor/laravel/framework/src/Illuminate/Pipeline/Pipeline.php(219): Illuminate\\Http\\Middleware\\ValidatePathEncoding->handle(Object(Illuminate\\Http\\Request), Object(Closure))
#64 /Users/huzai/Documents/GitHub/LR-ProjectManager/vendor/laravel/framework/src/Illuminate/Pipeline/Pipeline.php(137): Illuminate\\Pipeline\\Pipeline->{closure:{closure:Illuminate\\Pipeline\\Pipeline::carry():194}:195}(Object(Illuminate\\Http\\Request))
#65 /Users/huzai/Documents/GitHub/LR-ProjectManager/vendor/laravel/framework/src/Illuminate/Foundation/Http/Kernel.php(175): Illuminate\\Pipeline\\Pipeline->then(Object(Closure))
#66 /Users/huzai/Documents/GitHub/LR-ProjectManager/vendor/laravel/framework/src/Illuminate/Foundation/Http/Kernel.php(144): Illuminate\\Foundation\\Http\\Kernel->sendRequestThroughRouter(Object(Illuminate\\Http\\Request))
#67 /Users/huzai/Documents/GitHub/LR-ProjectManager/vendor/laravel/framework/src/Illuminate/Foundation/Testing/Concerns/MakesHttpRequests.php(607): Illuminate\\Foundation\\Http\\Kernel->handle(Object(Illuminate\\Http\\Request))
#68 /Users/huzai/Documents/GitHub/LR-ProjectManager/vendor/laravel/framework/src/Illuminate/Foundation/Testing/Concerns/MakesHttpRequests.php(368): Illuminate\\Foundation\\Testing\\TestCase->call('GET', 'http://127.0.0....', Array, Array, Array, Array)
#69 /Users/huzai/Documents/GitHub/LR-ProjectManager/tests/Feature/Auth/PasswordResetTest.php(25): Illuminate\\Foundation\\Testing\\TestCase->get('http://127.0.0....')
#70 /Users/huzai/Documents/GitHub/LR-ProjectManager/vendor/phpunit/phpunit/src/Framework/TestCase.php(1314): Tests\\Feature\\Auth\\PasswordResetTest->test_reset_password_link_screen_can_be_rendered()
#71 /Users/huzai/Documents/GitHub/LR-ProjectManager/vendor/phpunit/phpunit/src/Framework/TestCase.php(1351): PHPUnit\\Framework\\TestCase->invokeTestMethod('test_reset_pass...', Array)
#72 /Users/huzai/Documents/GitHub/LR-ProjectManager/vendor/phpunit/phpunit/src/Framework/TestCase.php(521): PHPUnit\\Framework\\TestCase->runTest()
#73 /Users/huzai/Documents/GitHub/LR-ProjectManager/vendor/phpunit/phpunit/src/Framework/TestRunner/TestRunner.php(99): PHPUnit\\Framework\\TestCase->runBare()
#74 /Users/huzai/Documents/GitHub/LR-ProjectManager/vendor/phpunit/phpunit/src/Framework/TestCase.php(361): PHPUnit\\Framework\\TestRunner->run(Object(Tests\\Feature\\Auth\\PasswordResetTest))
#75 /Users/huzai/Documents/GitHub/LR-ProjectManager/vendor/phpunit/phpunit/src/Framework/TestSuite.php(374): PHPUnit\\Framework\\TestCase->run()
#76 /Users/huzai/Documents/GitHub/LR-ProjectManager/vendor/phpunit/phpunit/src/Framework/TestSuite.php(374): PHPUnit\\Framework\\TestSuite->run()
#77 /Users/huzai/Documents/GitHub/LR-ProjectManager/vendor/phpunit/phpunit/src/Framework/TestSuite.php(374): PHPUnit\\Framework\\TestSuite->run()
#78 /Users/huzai/Documents/GitHub/LR-ProjectManager/vendor/phpunit/phpunit/src/TextUI/TestRunner.php(64): PHPUnit\\Framework\\TestSuite->run()
#79 /Users/huzai/Documents/GitHub/LR-ProjectManager/vendor/phpunit/phpunit/src/TextUI/Application.php(229): PHPUnit\\TextUI\\TestRunner->run(Object(PHPUnit\\TextUI\\Configuration\\Configuration), Object(PHPUnit\\Runner\\ResultCache\\DefaultResultCache), Object(PHPUnit\\Framework\\TestSuite))
#80 /Users/huzai/Documents/GitHub/LR-ProjectManager/vendor/phpunit/phpunit/phpunit(104): PHPUnit\\TextUI\\Application->run(Array)
#81 {main}

[previous exception] [object] (Illuminate\\Foundation\\ViteManifestNotFoundException(code: 0): Vite manifest not found at: /Users/huzai/Documents/GitHub/LR-ProjectManager/public/build/manifest.json at /Users/huzai/Documents/GitHub/LR-ProjectManager/vendor/laravel/framework/src/Illuminate/Foundation/Vite.php:960)
[stacktrace]
#0 /Users/huzai/Documents/GitHub/LR-ProjectManager/vendor/laravel/framework/src/Illuminate/Foundation/Vite.php(398): Illuminate\\Foundation\\Vite->manifest('build')
#1 /Users/huzai/Documents/GitHub/LR-ProjectManager/storage/framework/views/cc980059043f8a994bd2e0d5afbf0963.php(40): Illuminate\\Foundation\\Vite->__invoke(Object(Illuminate\\Support\\Collection))
#2 /Users/huzai/Documents/GitHub/LR-ProjectManager/vendor/laravel/framework/src/Illuminate/Filesystem/Filesystem.php(123): require('/Users/huzai/Do...')
#3 /Users/huzai/Documents/GitHub/LR-ProjectManager/vendor/laravel/framework/src/Illuminate/Filesystem/Filesystem.php(124): Illuminate\\Filesystem\\Filesystem::{closure:Illuminate\\Filesystem\\Filesystem::getRequire():120}()
#4 /Users/huzai/Documents/GitHub/LR-ProjectManager/vendor/laravel/framework/src/Illuminate/View/Engines/PhpEngine.php(57): Illuminate\\Filesystem\\Filesystem->getRequire('/Users/huzai/Do...', Array)
#5 /Users/huzai/Documents/GitHub/LR-ProjectManager/vendor/laravel/framework/src/Illuminate/View/Engines/CompilerEngine.php(76): Illuminate\\View\\Engines\\PhpEngine->evaluatePath('/Users/huzai/Do...', Array)
#6 /Users/huzai/Documents/GitHub/LR-ProjectManager/vendor/laravel/framework/src/Illuminate/View/View.php(208): Illuminate\\View\\Engines\\CompilerEngine->get('/Users/huzai/Do...', Array)
#7 /Users/huzai/Documents/GitHub/LR-ProjectManager/vendor/laravel/framework/src/Illuminate/View/View.php(191): Illuminate\\View\\View->getContents()
#8 /Users/huzai/Documents/GitHub/LR-ProjectManager/vendor/laravel/framework/src/Illuminate/View/View.php(160): Illuminate\\View\\View->renderContents()
#9 /Users/huzai/Documents/GitHub/LR-ProjectManager/vendor/laravel/framework/src/Illuminate/Http/Response.php(78): Illuminate\\View\\View->render()
#10 /Users/huzai/Documents/GitHub/LR-ProjectManager/vendor/laravel/framework/src/Illuminate/Http/Response.php(34): Illuminate\\Http\\Response->setContent(Object(Illuminate\\View\\View))
#11 /Users/huzai/Documents/GitHub/LR-ProjectManager/vendor/laravel/framework/src/Illuminate/Routing/ResponseFactory.php(61): Illuminate\\Http\\Response->__construct(Object(Illuminate\\View\\View), 200, Array)
#12 /Users/huzai/Documents/GitHub/LR-ProjectManager/vendor/laravel/framework/src/Illuminate/Routing/ResponseFactory.php(91): Illuminate\\Routing\\ResponseFactory->make(Object(Illuminate\\View\\View), 200, Array)
#13 /Users/huzai/Documents/GitHub/LR-ProjectManager/vendor/laravel/framework/src/Illuminate/Support/Facades/Facade.php(363): Illuminate\\Routing\\ResponseFactory->view('app', Array)
#14 /Users/huzai/Documents/GitHub/LR-ProjectManager/vendor/inertiajs/inertia-laravel/src/Response.php(211): Illuminate\\Support\\Facades\\Facade::__callStatic('view', Array)
#15 /Users/huzai/Documents/GitHub/LR-ProjectManager/vendor/laravel/fortify/src/Http/Responses/SimpleViewResponse.php(56): Inertia\\Response->toResponse(Object(Illuminate\\Http\\Request))
#16 /Users/huzai/Documents/GitHub/LR-ProjectManager/vendor/laravel/framework/src/Illuminate/Routing/Router.php(921): Laravel\\Fortify\\Http\\Responses\\SimpleViewResponse->toResponse(Object(Illuminate\\Http\\Request))
#17 /Users/huzai/Documents/GitHub/LR-ProjectManager/vendor/laravel/framework/src/Illuminate/Routing/Router.php(906): Illuminate\\Routing\\Router::toResponse(Object(Illuminate\\Http\\Request), Object(Laravel\\Fortify\\Http\\Responses\\SimpleViewResponse))
#18 /Users/huzai/Documents/GitHub/LR-ProjectManager/vendor/laravel/framework/src/Illuminate/Routing/Router.php(821): Illuminate\\Routing\\Router->prepareResponse(Object(Illuminate\\Http\\Request), Object(Laravel\\Fortify\\Http\\Responses\\SimpleViewResponse))
#19 /Users/huzai/Documents/GitHub/LR-ProjectManager/vendor/laravel/framework/src/Illuminate/Pipeline/Pipeline.php(180): Illuminate\\Routing\\Router->{closure:Illuminate\\Routing\\Router::runRouteWithinStack():821}(Object(Illuminate\\Http\\Request))
#20 /Users/huzai/Documents/GitHub/LR-ProjectManager/vendor/laravel/framework/src/Illuminate/Auth/Middleware/RedirectIfAuthenticated.php(47): Illuminate\\Pipeline\\Pipeline->{closure:Illuminate\\Pipeline\\Pipeline::prepareDestination():178}(Object(Illuminate\\Http\\Request))
#21 /Users/huzai/Documents/GitHub/LR-ProjectManager/vendor/laravel/framework/src/Illuminate/Pipeline/Pipeline.php(219): Illuminate\\Auth\\Middleware\\RedirectIfAuthenticated->handle(Object(Illuminate\\Http\\Request), Object(Closure), 'web')
#22 /Users/huzai/Documents/GitHub/LR-ProjectManager/vendor/laravel/framework/src/Illuminate/Http/Middleware/AddLinkHeadersForPreloadedAssets.php(32): Illuminate\\Pipeline\\Pipeline->{closure:{closure:Illuminate\\Pipeline\\Pipeline::carry():194}:195}(Object(Illuminate\\Http\\Request))
#23 /Users/huzai/Documents/GitHub/LR-ProjectManager/vendor/laravel/framework/src/Illuminate/Pipeline/Pipeline.php(219): Illuminate\\Http\\Middleware\\AddLinkHeadersForPreloadedAssets->handle(Object(Illuminate\\Http\\Request), Object(Closure))
#24 /Users/huzai/Documents/GitHub/LR-ProjectManager/vendor/inertiajs/inertia-laravel/src/Middleware.php(138): Illuminate\\Pipeline\\Pipeline->{closure:{closure:Illuminate\\Pipeline\\Pipeline::carry():194}:195}(Object(Illuminate\\Http\\Request))
#25 /Users/huzai/Documents/GitHub/LR-ProjectManager/vendor/laravel/framework/src/Illuminate/Pipeline/Pipeline.php(219): Inertia\\Middleware->handle(Object(Illuminate\\Http\\Request), Object(Closure))
#26 /Users/huzai/Documents/GitHub/LR-ProjectManager/app/Http/Middleware/HandleAppearance.php(21): Illuminate\\Pipeline\\Pipeline->{closure:{closure:Illuminate\\Pipeline\\Pipeline::carry():194}:195}(Object(Illuminate\\Http\\Request))
#27 /Users/huzai/Documents/GitHub/LR-ProjectManager/vendor/laravel/framework/src/Illuminate/Pipeline/Pipeline.php(219): App\\Http\\Middleware\\HandleAppearance->handle(Object(Illuminate\\Http\\Request), Object(Closure))
#28 /Users/huzai/Documents/GitHub/LR-ProjectManager/vendor/laravel/framework/src/Illuminate/Routing/Middleware/SubstituteBindings.php(52): Illuminate\\Pipeline\\Pipeline->{closure:{closure:Illuminate\\Pipeline\\Pipeline::carry():194}:195}(Object(Illuminate\\Http\\Request))
#29 /Users/huzai/Documents/GitHub/LR-ProjectManager/vendor/laravel/framework/src/Illuminate/Pipeline/Pipeline.php(219): Illuminate\\Routing\\Middleware\\SubstituteBindings->handle(Object(Illuminate\\Http\\Request), Object(Closure))
#30 /Users/huzai/Documents/GitHub/LR-ProjectManager/vendor/laravel/framework/src/Illuminate/Foundation/Http/Middleware/PreventRequestForgery.php(104): Illuminate\\Pipeline\\Pipeline->{closure:{closure:Illuminate\\Pipeline\\Pipeline::carry():194}:195}(Object(Illuminate\\Http\\Request))
#31 /Users/huzai/Documents/GitHub/LR-ProjectManager/vendor/laravel/framework/src/Illuminate/Pipeline/Pipeline.php(219): Illuminate\\Foundation\\Http\\Middleware\\PreventRequestForgery->handle(Object(Illuminate\\Http\\Request), Object(Closure))
#32 /Users/huzai/Documents/GitHub/LR-ProjectManager/vendor/laravel/framework/src/Illuminate/View/Middleware/ShareErrorsFromSession.php(48): Illuminate\\Pipeline\\Pipeline->{closure:{closure:Illuminate\\Pipeline\\Pipeline::carry():194}:195}(Object(Illuminate\\Http\\Request))
#33 /Users/huzai/Documents/GitHub/LR-ProjectManager/vendor/laravel/framework/src/Illuminate/Pipeline/Pipeline.php(219): Illuminate\\View\\Middleware\\ShareErrorsFromSession->handle(Object(Illuminate\\Http\\Request), Object(Closure))
#34 /Users/huzai/Documents/GitHub/LR-ProjectManager/vendor/laravel/framework/src/Illuminate/Session/Middleware/StartSession.php(120): Illuminate\\Pipeline\\Pipeline->{closure:{closure:Illuminate\\Pipeline\\Pipeline::carry():194}:195}(Object(Illuminate\\Http\\Request))
#35 /Users/huzai/Documents/GitHub/LR-ProjectManager/vendor/laravel/framework/src/Illuminate/Session/Middleware/StartSession.php(63): Illuminate\\Session\\Middleware\\StartSession->handleStatefulRequest(Object(Illuminate\\Http\\Request), Object(Illuminate\\Session\\Store), Object(Closure))
#36 /Users/huzai/Documents/GitHub/LR-ProjectManager/vendor/laravel/framework/src/Illuminate/Pipeline/Pipeline.php(219): Illuminate\\Session\\Middleware\\StartSession->handle(Object(Illuminate\\Http\\Request), Object(Closure))
#37 /Users/huzai/Documents/GitHub/LR-ProjectManager/vendor/laravel/framework/src/Illuminate/Cookie/Middleware/AddQueuedCookiesToResponse.php(36): Illuminate\\Pipeline\\Pipeline->{closure:{closure:Illuminate\\Pipeline\\Pipeline::carry():194}:195}(Object(Illuminate\\Http\\Request))
#38 /Users/huzai/Documents/GitHub/LR-ProjectManager/vendor/laravel/framework/src/Illuminate/Pipeline/Pipeline.php(219): Illuminate\\Cookie\\Middleware\\AddQueuedCookiesToResponse->handle(Object(Illuminate\\Http\\Request), Object(Closure))
#39 /Users/huzai/Documents/GitHub/LR-ProjectManager/vendor/laravel/framework/src/Illuminate/Cookie/Middleware/EncryptCookies.php(74): Illuminate\\Pipeline\\Pipeline->{closure:{closure:Illuminate\\Pipeline\\Pipeline::carry():194}:195}(Object(Illuminate\\Http\\Request))
#40 /Users/huzai/Documents/GitHub/LR-ProjectManager/vendor/laravel/framework/src/Illuminate/Pipeline/Pipeline.php(219): Illuminate\\Cookie\\Middleware\\EncryptCookies->handle(Object(Illuminate\\Http\\Request), Object(Closure))
#41 /Users/huzai/Documents/GitHub/LR-ProjectManager/vendor/laravel/framework/src/Illuminate/Pipeline/Pipeline.php(137): Illuminate\\Pipeline\\Pipeline->{closure:{closure:Illuminate\\Pipeline\\Pipeline::carry():194}:195}(Object(Illuminate\\Http\\Request))
#42 /Users/huzai/Documents/GitHub/LR-ProjectManager/vendor/laravel/framework/src/Illuminate/Routing/Router.php(821): Illuminate\\Pipeline\\Pipeline->then(Object(Closure))
#43 /Users/huzai/Documents/GitHub/LR-ProjectManager/vendor/laravel/framework/src/Illuminate/Routing/Router.php(800): Illuminate\\Routing\\Router->runRouteWithinStack(Object(Illuminate\\Routing\\Route), Object(Illuminate\\Http\\Request))
#44 /Users/huzai/Documents/GitHub/LR-ProjectManager/vendor/laravel/framework/src/Illuminate/Routing/Router.php(764): Illuminate\\Routing\\Router->runRoute(Object(Illuminate\\Http\\Request), Object(Illuminate\\Routing\\Route))
#45 /Users/huzai/Documents/GitHub/LR-ProjectManager/vendor/laravel/framework/src/Illuminate/Routing/Router.php(753): Illuminate\\Routing\\Router->dispatchToRoute(Object(Illuminate\\Http\\Request))
#46 /Users/huzai/Documents/GitHub/LR-ProjectManager/vendor/laravel/framework/src/Illuminate/Foundation/Http/Kernel.php(200): Illuminate\\Routing\\Router->dispatch(Object(Illuminate\\Http\\Request))
#47 /Users/huzai/Documents/GitHub/LR-ProjectManager/vendor/laravel/framework/src/Illuminate/Pipeline/Pipeline.php(180): Illuminate\\Foundation\\Http\\Kernel->{closure:Illuminate\\Foundation\\Http\\Kernel::dispatchToRouter():197}(Object(Illuminate\\Http\\Request))
#48 /Users/huzai/Documents/GitHub/LR-ProjectManager/vendor/inertiajs/inertia-laravel/src/Middleware/EnsureGetOnRedirect.php(19): Illuminate\\Pipeline\\Pipeline->{closure:Illuminate\\Pipeline\\Pipeline::prepareDestination():178}(Object(Illuminate\\Http\\Request))
#49 /Users/huzai/Documents/GitHub/LR-ProjectManager/vendor/laravel/framework/src/Illuminate/Pipeline/Pipeline.php(219): Inertia\\Middleware\\EnsureGetOnRedirect->handle(Object(Illuminate\\Http\\Request), Object(Closure))
#50 /Users/huzai/Documents/GitHub/LR-ProjectManager/vendor/laravel/framework/src/Illuminate/Foundation/Http/Middleware/TransformsRequest.php(21): Illuminate\\Pipeline\\Pipeline->{closure:{closure:Illuminate\\Pipeline\\Pipeline::carry():194}:195}(Object(Illuminate\\Http\\Request))
#51 /Users/huzai/Documents/GitHub/LR-ProjectManager/vendor/laravel/framework/src/Illuminate/Foundation/Http/Middleware/ConvertEmptyStringsToNull.php(31): Illuminate\\Foundation\\Http\\Middleware\\TransformsRequest->handle(Object(Illuminate\\Http\\Request), Object(Closure))
#52 /Users/huzai/Documents/GitHub/LR-ProjectManager/vendor/laravel/framework/src/Illuminate/Pipeline/Pipeline.php(219): Illuminate\\Foundation\\Http\\Middleware\\ConvertEmptyStringsToNull->handle(Object(Illuminate\\Http\\Request), Object(Closure))
#53 /Users/huzai/Documents/GitHub/LR-ProjectManager/vendor/laravel/framework/src/Illuminate/Foundation/Http/Middleware/TransformsRequest.php(21): Illuminate\\Pipeline\\Pipeline->{closure:{closure:Illuminate\\Pipeline\\Pipeline::carry():194}:195}(Object(Illuminate\\Http\\Request))
#54 /Users/huzai/Documents/GitHub/LR-ProjectManager/vendor/laravel/framework/src/Illuminate/Foundation/Http/Middleware/TrimStrings.php(51): Illuminate\\Foundation\\Http\\Middleware\\TransformsRequest->handle(Object(Illuminate\\Http\\Request), Object(Closure))
#55 /Users/huzai/Documents/GitHub/LR-ProjectManager/vendor/laravel/framework/src/Illuminate/Pipeline/Pipeline.php(219): Illuminate\\Foundation\\Http\\Middleware\\TrimStrings->handle(Object(Illuminate\\Http\\Request), Object(Closure))
#56 /Users/huzai/Documents/GitHub/LR-ProjectManager/vendor/laravel/framework/src/Illuminate/Http/Middleware/ValidatePostSize.php(27): Illuminate\\Pipeline\\Pipeline->{closure:{closure:Illuminate\\Pipeline\\Pipeline::carry():194}:195}(Object(Illuminate\\Http\\Request))
#57 /Users/huzai/Documents/GitHub/LR-ProjectManager/vendor/laravel/framework/src/Illuminate/Pipeline/Pipeline.php(219): Illuminate\\Http\\Middleware\\ValidatePostSize->handle(Object(Illuminate\\Http\\Request), Object(Closure))
#58 /Users/huzai/Documents/GitHub/LR-ProjectManager/vendor/laravel/framework/src/Illuminate/Foundation/Http/Middleware/PreventRequestsDuringMaintenance.php(109): Illuminate\\Pipeline\\Pipeline->{closure:{closure:Illuminate\\Pipeline\\Pipeline::carry():194}:195}(Object(Illuminate\\Http\\Request))
#59 /Users/huzai/Documents/GitHub/LR-ProjectManager/vendor/laravel/framework/src/Illuminate/Pipeline/Pipeline.php(219): Illuminate\\Foundation\\Http\\Middleware\\PreventRequestsDuringMaintenance->handle(Object(Illuminate\\Http\\Request), Object(Closure))
#60 /Users/huzai/Documents/GitHub/LR-ProjectManager/vendor/laravel/framework/src/Illuminate/Http/Middleware/HandleCors.php(61): Illuminate\\Pipeline\\Pipeline->{closure:{closure:Illuminate\\Pipeline\\Pipeline::carry():194}:195}(Object(Illuminate\\Http\\Request))
#61 /Users/huzai/Documents/GitHub/LR-ProjectManager/vendor/laravel/framework/src/Illuminate/Pipeline/Pipeline.php(219): Illuminate\\Http\\Middleware\\HandleCors->handle(Object(Illuminate\\Http\\Request), Object(Closure))
#62 /Users/huzai/Documents/GitHub/LR-ProjectManager/vendor/laravel/framework/src/Illuminate/Http/Middleware/TrustProxies.php(58): Illuminate\\Pipeline\\Pipeline->{closure:{closure:Illuminate\\Pipeline\\Pipeline::carry():194}:195}(Object(Illuminate\\Http\\Request))
#63 /Users/huzai/Documents/GitHub/LR-ProjectManager/vendor/laravel/framework/src/Illuminate/Pipeline/Pipeline.php(219): Illuminate\\Http\\Middleware\\TrustProxies->handle(Object(Illuminate\\Http\\Request), Object(Closure))
#64 /Users/huzai/Documents/GitHub/LR-ProjectManager/vendor/laravel/framework/src/Illuminate/Foundation/Http/Middleware/InvokeDeferredCallbacks.php(22): Illuminate\\Pipeline\\Pipeline->{closure:{closure:Illuminate\\Pipeline\\Pipeline::carry():194}:195}(Object(Illuminate\\Http\\Request))
#65 /Users/huzai/Documents/GitHub/LR-ProjectManager/vendor/laravel/framework/src/Illuminate/Pipeline/Pipeline.php(219): Illuminate\\Foundation\\Http\\Middleware\\InvokeDeferredCallbacks->handle(Object(Illuminate\\Http\\Request), Object(Closure))
#66 /Users/huzai/Documents/GitHub/LR-ProjectManager/vendor/laravel/framework/src/Illuminate/Http/Middleware/ValidatePathEncoding.php(28): Illuminate\\Pipeline\\Pipeline->{closure:{closure:Illuminate\\Pipeline\\Pipeline::carry():194}:195}(Object(Illuminate\\Http\\Request))
#67 /Users/huzai/Documents/GitHub/LR-ProjectManager/vendor/laravel/framework/src/Illuminate/Pipeline/Pipeline.php(219): Illuminate\\Http\\Middleware\\ValidatePathEncoding->handle(Object(Illuminate\\Http\\Request), Object(Closure))
#68 /Users/huzai/Documents/GitHub/LR-ProjectManager/vendor/laravel/framework/src/Illuminate/Pipeline/Pipeline.php(137): Illuminate\\Pipeline\\Pipeline->{closure:{closure:Illuminate\\Pipeline\\Pipeline::carry():194}:195}(Object(Illuminate\\Http\\Request))
#69 /Users/huzai/Documents/GitHub/LR-ProjectManager/vendor/laravel/framework/src/Illuminate/Foundation/Http/Kernel.php(175): Illuminate\\Pipeline\\Pipeline->then(Object(Closure))
#70 /Users/huzai/Documents/GitHub/LR-ProjectManager/vendor/laravel/framework/src/Illuminate/Foundation/Http/Kernel.php(144): Illuminate\\Foundation\\Http\\Kernel->sendRequestThroughRouter(Object(Illuminate\\Http\\Request))
#71 /Users/huzai/Documents/GitHub/LR-ProjectManager/vendor/laravel/framework/src/Illuminate/Foundation/Testing/Concerns/MakesHttpRequests.php(607): Illuminate\\Foundation\\Http\\Kernel->handle(Object(Illuminate\\Http\\Request))
#72 /Users/huzai/Documents/GitHub/LR-ProjectManager/vendor/laravel/framework/src/Illuminate/Foundation/Testing/Concerns/MakesHttpRequests.php(368): Illuminate\\Foundation\\Testing\\TestCase->call('GET', 'http://127.0.0....', Array, Array, Array, Array)
#73 /Users/huzai/Documents/GitHub/LR-ProjectManager/tests/Feature/Auth/PasswordResetTest.php(25): Illuminate\\Foundation\\Testing\\TestCase->get('http://127.0.0....')
#74 /Users/huzai/Documents/GitHub/LR-ProjectManager/vendor/phpunit/phpunit/src/Framework/TestCase.php(1314): Tests\\Feature\\Auth\\PasswordResetTest->test_reset_password_link_screen_can_be_rendered()
#75 /Users/huzai/Documents/GitHub/LR-ProjectManager/vendor/phpunit/phpunit/src/Framework/TestCase.php(1351): PHPUnit\\Framework\\TestCase->invokeTestMethod('test_reset_pass...', Array)
#76 /Users/huzai/Documents/GitHub/LR-ProjectManager/vendor/phpunit/phpunit/src/Framework/TestCase.php(521): PHPUnit\\Framework\\TestCase->runTest()
#77 /Users/huzai/Documents/GitHub/LR-ProjectManager/vendor/phpunit/phpunit/src/Framework/TestRunner/TestRunner.php(99): PHPUnit\\Framework\\TestCase->runBare()
#78 /Users/huzai/Documents/GitHub/LR-ProjectManager/vendor/phpunit/phpunit/src/Framework/TestCase.php(361): PHPUnit\\Framework\\TestRunner->run(Object(Tests\\Feature\\Auth\\PasswordResetTest))
#79 /Users/huzai/Documents/GitHub/LR-ProjectManager/vendor/phpunit/phpunit/src/Framework/TestSuite.php(374): PHPUnit\\Framework\\TestCase->run()
#80 /Users/huzai/Documents/GitHub/LR-ProjectManager/vendor/phpunit/phpunit/src/Framework/TestSuite.php(374): PHPUnit\\Framework\\TestSuite->run()
#81 /Users/huzai/Documents/GitHub/LR-ProjectManager/vendor/phpunit/phpunit/src/Framework/TestSuite.php(374): PHPUnit\\Framework\\TestSuite->run()
#82 /Users/huzai/Documents/GitHub/LR-ProjectManager/vendor/phpunit/phpunit/src/TextUI/TestRunner.php(64): PHPUnit\\Framework\\TestSuite->run()
#83 /Users/huzai/Documents/GitHub/LR-ProjectManager/vendor/phpunit/phpunit/src/TextUI/Application.php(229): PHPUnit\\TextUI\\TestRunner->run(Object(PHPUnit\\TextUI\\Configuration\\Configuration), Object(PHPUnit\\Runner\\ResultCache\\DefaultResultCache), Object(PHPUnit\\Framework\\TestSuite))
#84 /Users/huzai/Documents/GitHub/LR-ProjectManager/vendor/phpunit/phpunit/phpunit(104): PHPUnit\\TextUI\\Application->run(Array)
#85 {main}
"} 
[2026-05-31 12:40:36] testing.ERROR: Vite manifest not found at: /Users/huzai/Documents/GitHub/LR-ProjectManager/public/build/manifest.json (View: /Users/huzai/Documents/GitHub/LR-ProjectManager/resources/views/app.blade.php) {"exception":"[object] (Illuminate\\View\\ViewException(code: 0): Vite manifest not found at: /Users/huzai/Documents/GitHub/LR-ProjectManager/public/build/manifest.json (View: /Users/huzai/Documents/GitHub/LR-ProjectManager/resources/views/app.blade.php) at /Users/huzai/Documents/GitHub/LR-ProjectManager/vendor/laravel/framework/src/Illuminate/Foundation/Vite.php:960)
[stacktrace]
#0 /Users/huzai/Documents/GitHub/LR-ProjectManager/vendor/laravel/framework/src/Illuminate/View/Engines/PhpEngine.php(59): Illuminate\\View\\Engines\\CompilerEngine->handleViewException(Object(Illuminate\\Foundation\\ViteManifestNotFoundException), 1)
#1 /Users/huzai/Documents/GitHub/LR-ProjectManager/vendor/laravel/framework/src/Illuminate/View/Engines/CompilerEngine.php(76): Illuminate\\View\\Engines\\PhpEngine->evaluatePath('/Users/huzai/Do...', Array)
#2 /Users/huzai/Documents/GitHub/LR-ProjectManager/vendor/laravel/framework/src/Illuminate/View/View.php(208): Illuminate\\View\\Engines\\CompilerEngine->get('/Users/huzai/Do...', Array)
#3 /Users/huzai/Documents/GitHub/LR-ProjectManager/vendor/laravel/framework/src/Illuminate/View/View.php(191): Illuminate\\View\\View->getContents()
#4 /Users/huzai/Documents/GitHub/LR-ProjectManager/vendor/laravel/framework/src/Illuminate/View/View.php(160): Illuminate\\View\\View->renderContents()
#5 /Users/huzai/Documents/GitHub/LR-ProjectManager/vendor/laravel/framework/src/Illuminate/Http/Response.php(78): Illuminate\\View\\View->render()
#6 /Users/huzai/Documents/GitHub/LR-ProjectManager/vendor/laravel/framework/src/Illuminate/Http/Response.php(34): Illuminate\\Http\\Response->setContent(Object(Illuminate\\View\\View))
#7 /Users/huzai/Documents/GitHub/LR-ProjectManager/vendor/laravel/framework/src/Illuminate/Routing/ResponseFactory.php(61): Illuminate\\Http\\Response->__construct(Object(Illuminate\\View\\View), 200, Array)
#8 /Users/huzai/Documents/GitHub/LR-ProjectManager/vendor/laravel/framework/src/Illuminate/Routing/ResponseFactory.php(91): Illuminate\\Routing\\ResponseFactory->make(Object(Illuminate\\View\\View), 200, Array)
#9 /Users/huzai/Documents/GitHub/LR-ProjectManager/vendor/laravel/framework/src/Illuminate/Support/Facades/Facade.php(363): Illuminate\\Routing\\ResponseFactory->view('app', Array)
#10 /Users/huzai/Documents/GitHub/LR-ProjectManager/vendor/inertiajs/inertia-laravel/src/Response.php(211): Illuminate\\Support\\Facades\\Facade::__callStatic('view', Array)
#11 /Users/huzai/Documents/GitHub/LR-ProjectManager/vendor/laravel/fortify/src/Http/Responses/SimpleViewResponse.php(56): Inertia\\Response->toResponse(Object(Illuminate\\Http\\Request))
#12 /Users/huzai/Documents/GitHub/LR-ProjectManager/vendor/laravel/framework/src/Illuminate/Routing/Router.php(921): Laravel\\Fortify\\Http\\Responses\\SimpleViewResponse->toResponse(Object(Illuminate\\Http\\Request))
#13 /Users/huzai/Documents/GitHub/LR-ProjectManager/vendor/laravel/framework/src/Illuminate/Routing/Router.php(906): Illuminate\\Routing\\Router::toResponse(Object(Illuminate\\Http\\Request), Object(Laravel\\Fortify\\Http\\Responses\\SimpleViewResponse))
#14 /Users/huzai/Documents/GitHub/LR-ProjectManager/vendor/laravel/framework/src/Illuminate/Routing/Router.php(821): Illuminate\\Routing\\Router->prepareResponse(Object(Illuminate\\Http\\Request), Object(Laravel\\Fortify\\Http\\Responses\\SimpleViewResponse))
#15 /Users/huzai/Documents/GitHub/LR-ProjectManager/vendor/laravel/framework/src/Illuminate/Pipeline/Pipeline.php(180): Illuminate\\Routing\\Router->{closure:Illuminate\\Routing\\Router::runRouteWithinStack():821}(Object(Illuminate\\Http\\Request))
#16 /Users/huzai/Documents/GitHub/LR-ProjectManager/vendor/laravel/framework/src/Illuminate/Auth/Middleware/RedirectIfAuthenticated.php(47): Illuminate\\Pipeline\\Pipeline->{closure:Illuminate\\Pipeline\\Pipeline::prepareDestination():178}(Object(Illuminate\\Http\\Request))
#17 /Users/huzai/Documents/GitHub/LR-ProjectManager/vendor/laravel/framework/src/Illuminate/Pipeline/Pipeline.php(219): Illuminate\\Auth\\Middleware\\RedirectIfAuthenticated->handle(Object(Illuminate\\Http\\Request), Object(Closure), 'web')
#18 /Users/huzai/Documents/GitHub/LR-ProjectManager/vendor/laravel/framework/src/Illuminate/Http/Middleware/AddLinkHeadersForPreloadedAssets.php(32): Illuminate\\Pipeline\\Pipeline->{closure:{closure:Illuminate\\Pipeline\\Pipeline::carry():194}:195}(Object(Illuminate\\Http\\Request))
#19 /Users/huzai/Documents/GitHub/LR-ProjectManager/vendor/laravel/framework/src/Illuminate/Pipeline/Pipeline.php(219): Illuminate\\Http\\Middleware\\AddLinkHeadersForPreloadedAssets->handle(Object(Illuminate\\Http\\Request), Object(Closure))
#20 /Users/huzai/Documents/GitHub/LR-ProjectManager/vendor/inertiajs/inertia-laravel/src/Middleware.php(138): Illuminate\\Pipeline\\Pipeline->{closure:{closure:Illuminate\\Pipeline\\Pipeline::carry():194}:195}(Object(Illuminate\\Http\\Request))
#21 /Users/huzai/Documents/GitHub/LR-ProjectManager/vendor/laravel/framework/src/Illuminate/Pipeline/Pipeline.php(219): Inertia\\Middleware->handle(Object(Illuminate\\Http\\Request), Object(Closure))
#22 /Users/huzai/Documents/GitHub/LR-ProjectManager/app/Http/Middleware/HandleAppearance.php(21): Illuminate\\Pipeline\\Pipeline->{closure:{closure:Illuminate\\Pipeline\\Pipeline::carry():194}:195}(Object(Illuminate\\Http\\Request))
#23 /Users/huzai/Documents/GitHub/LR-ProjectManager/vendor/laravel/framework/src/Illuminate/Pipeline/Pipeline.php(219): App\\Http\\Middleware\\HandleAppearance->handle(Object(Illuminate\\Http\\Request), Object(Closure))
#24 /Users/huzai/Documents/GitHub/LR-ProjectManager/vendor/laravel/framework/src/Illuminate/Routing/Middleware/SubstituteBindings.php(52): Illuminate\\Pipeline\\Pipeline->{closure:{closure:Illuminate\\Pipeline\\Pipeline::carry():194}:195}(Object(Illuminate\\Http\\Request))
#25 /Users/huzai/Documents/GitHub/LR-ProjectManager/vendor/laravel/framework/src/Illuminate/Pipeline/Pipeline.php(219): Illuminate\\Routing\\Middleware\\SubstituteBindings->handle(Object(Illuminate\\Http\\Request), Object(Closure))
#26 /Users/huzai/Documents/GitHub/LR-ProjectManager/vendor/laravel/framework/src/Illuminate/Foundation/Http/Middleware/PreventRequestForgery.php(104): Illuminate\\Pipeline\\Pipeline->{closure:{closure:Illuminate\\Pipeline\\Pipeline::carry():194}:195}(Object(Illuminate\\Http\\Request))
#27 /Users/huzai/Documents/GitHub/LR-ProjectManager/vendor/laravel/framework/src/Illuminate/Pipeline/Pipeline.php(219): Illuminate\\Foundation\\Http\\Middleware\\PreventRequestForgery->handle(Object(Illuminate\\Http\\Request), Object(Closure))
#28 /Users/huzai/Documents/GitHub/LR-ProjectManager/vendor/laravel/framework/src/Illuminate/View/Middleware/ShareErrorsFromSession.php(48): Illuminate\\Pipeline\\Pipeline->{closure:{closure:Illuminate\\Pipeline\\Pipeline::carry():194}:195}(Object(Illuminate\\Http\\Request))
#29 /Users/huzai/Documents/GitHub/LR-ProjectManager/vendor/laravel/framework/src/Illuminate/Pipeline/Pipeline.php(219): Illuminate\\View\\Middleware\\ShareErrorsFromSession->handle(Object(Illuminate\\Http\\Request), Object(Closure))
#30 /Users/huzai/Documents/GitHub/LR-ProjectManager/vendor/laravel/framework/src/Illuminate/Session/Middleware/StartSession.php(120): Illuminate\\Pipeline\\Pipeline->{closure:{closure:Illuminate\\Pipeline\\Pipeline::carry():194}:195}(Object(Illuminate\\Http\\Request))
#31 /Users/huzai/Documents/GitHub/LR-ProjectManager/vendor/laravel/framework/src/Illuminate/Session/Middleware/StartSession.php(63): Illuminate\\Session\\Middleware\\StartSession->handleStatefulRequest(Object(Illuminate\\Http\\Request), Object(Illuminate\\Session\\Store), Object(Closure))
#32 /Users/huzai/Documents/GitHub/LR-ProjectManager/vendor/laravel/framework/src/Illuminate/Pipeline/Pipeline.php(219): Illuminate\\Session\\Middleware\\StartSession->handle(Object(Illuminate\\Http\\Request), Object(Closure))
#33 /Users/huzai/Documents/GitHub/LR-ProjectManager/vendor/laravel/framework/src/Illuminate/Cookie/Middleware/AddQueuedCookiesToResponse.php(36): Illuminate\\Pipeline\\Pipeline->{closure:{closure:Illuminate\\Pipeline\\Pipeline::carry():194}:195}(Object(Illuminate\\Http\\Request))
#34 /Users/huzai/Documents/GitHub/LR-ProjectManager/vendor/laravel/framework/src/Illuminate/Pipeline/Pipeline.php(219): Illuminate\\Cookie\\Middleware\\AddQueuedCookiesToResponse->handle(Object(Illuminate\\Http\\Request), Object(Closure))
#35 /Users/huzai/Documents/GitHub/LR-ProjectManager/vendor/laravel/framework/src/Illuminate/Cookie/Middleware/EncryptCookies.php(74): Illuminate\\Pipeline\\Pipeline->{closure:{closure:Illuminate\\Pipeline\\Pipeline::carry():194}:195}(Object(Illuminate\\Http\\Request))
#36 /Users/huzai/Documents/GitHub/LR-ProjectManager/vendor/laravel/framework/src/Illuminate/Pipeline/Pipeline.php(219): Illuminate\\Cookie\\Middleware\\EncryptCookies->handle(Object(Illuminate\\Http\\Request), Object(Closure))
#37 /Users/huzai/Documents/GitHub/LR-ProjectManager/vendor/laravel/framework/src/Illuminate/Pipeline/Pipeline.php(137): Illuminate\\Pipeline\\Pipeline->{closure:{closure:Illuminate\\Pipeline\\Pipeline::carry():194}:195}(Object(Illuminate\\Http\\Request))
#38 /Users/huzai/Documents/GitHub/LR-ProjectManager/vendor/laravel/framework/src/Illuminate/Routing/Router.php(821): Illuminate\\Pipeline\\Pipeline->then(Object(Closure))
#39 /Users/huzai/Documents/GitHub/LR-ProjectManager/vendor/laravel/framework/src/Illuminate/Routing/Router.php(800): Illuminate\\Routing\\Router->runRouteWithinStack(Object(Illuminate\\Routing\\Route), Object(Illuminate\\Http\\Request))
#40 /Users/huzai/Documents/GitHub/LR-ProjectManager/vendor/laravel/framework/src/Illuminate/Routing/Router.php(764): Illuminate\\Routing\\Router->runRoute(Object(Illuminate\\Http\\Request), Object(Illuminate\\Routing\\Route))
#41 /Users/huzai/Documents/GitHub/LR-ProjectManager/vendor/laravel/framework/src/Illuminate/Routing/Router.php(753): Illuminate\\Routing\\Router->dispatchToRoute(Object(Illuminate\\Http\\Request))
#42 /Users/huzai/Documents/GitHub/LR-ProjectManager/vendor/laravel/framework/src/Illuminate/Foundation/Http/Kernel.php(200): Illuminate\\Routing\\Router->dispatch(Object(Illuminate\\Http\\Request))
#43 /Users/huzai/Documents/GitHub/LR-ProjectManager/vendor/laravel/framework/src/Illuminate/Pipeline/Pipeline.php(180): Illuminate\\Foundation\\Http\\Kernel->{closure:Illuminate\\Foundation\\Http\\Kernel::dispatchToRouter():197}(Object(Illuminate\\Http\\Request))
#44 /Users/huzai/Documents/GitHub/LR-ProjectManager/vendor/inertiajs/inertia-laravel/src/Middleware/EnsureGetOnRedirect.php(19): Illuminate\\Pipeline\\Pipeline->{closure:Illuminate\\Pipeline\\Pipeline::prepareDestination():178}(Object(Illuminate\\Http\\Request))
#45 /Users/huzai/Documents/GitHub/LR-ProjectManager/vendor/laravel/framework/src/Illuminate/Pipeline/Pipeline.php(219): Inertia\\Middleware\\EnsureGetOnRedirect->handle(Object(Illuminate\\Http\\Request), Object(Closure))
#46 /Users/huzai/Documents/GitHub/LR-ProjectManager/vendor/laravel/framework/src/Illuminate/Foundation/Http/Middleware/TransformsRequest.php(21): Illuminate\\Pipeline\\Pipeline->{closure:{closure:Illuminate\\Pipeline\\Pipeline::carry():194}:195}(Object(Illuminate\\Http\\Request))
#47 /Users/huzai/Documents/GitHub/LR-ProjectManager/vendor/laravel/framework/src/Illuminate/Foundation/Http/Middleware/ConvertEmptyStringsToNull.php(31): Illuminate\\Foundation\\Http\\Middleware\\TransformsRequest->handle(Object(Illuminate\\Http\\Request), Object(Closure))
#48 /Users/huzai/Documents/GitHub/LR-ProjectManager/vendor/laravel/framework/src/Illuminate/Pipeline/Pipeline.php(219): Illuminate\\Foundation\\Http\\Middleware\\ConvertEmptyStringsToNull->handle(Object(Illuminate\\Http\\Request), Object(Closure))
#49 /Users/huzai/Documents/GitHub/LR-ProjectManager/vendor/laravel/framework/src/Illuminate/Foundation/Http/Middleware/TransformsRequest.php(21): Illuminate\\Pipeline\\Pipeline->{closure:{closure:Illuminate\\Pipeline\\Pipeline::carry():194}:195}(Object(Illuminate\\Http\\Request))
#50 /Users/huzai/Documents/GitHub/LR-ProjectManager/vendor/laravel/framework/src/Illuminate/Foundation/Http/Middleware/TrimStrings.php(51): Illuminate\\Foundation\\Http\\Middleware\\TransformsRequest->handle(Object(Illuminate\\Http\\Request), Object(Closure))
#51 /Users/huzai/Documents/GitHub/LR-ProjectManager/vendor/laravel/framework/src/Illuminate/Pipeline/Pipeline.php(219): Illuminate\\Foundation\\Http\\Middleware\\TrimStrings->handle(Object(Illuminate\\Http\\Request), Object(Closure))
#52 /Users/huzai/Documents/GitHub/LR-ProjectManager/vendor/laravel/framework/src/Illuminate/Http/Middleware/ValidatePostSize.php(27): Illuminate\\Pipeline\\Pipeline->{closure:{closure:Illuminate\\Pipeline\\Pipeline::carry():194}:195}(Object(Illuminate\\Http\\Request))
#53 /Users/huzai/Documents/GitHub/LR-ProjectManager/vendor/laravel/framework/src/Illuminate/Pipeline/Pipeline.php(219): Illuminate\\Http\\Middleware\\ValidatePostSize->handle(Object(Illuminate\\Http\\Request), Object(Closure))
#54 /Users/huzai/Documents/GitHub/LR-ProjectManager/vendor/laravel/framework/src/Illuminate/Foundation/Http/Middleware/PreventRequestsDuringMaintenance.php(109): Illuminate\\Pipeline\\Pipeline->{closure:{closure:Illuminate\\Pipeline\\Pipeline::carry():194}:195}(Object(Illuminate\\Http\\Request))
#55 /Users/huzai/Documents/GitHub/LR-ProjectManager/vendor/laravel/framework/src/Illuminate/Pipeline/Pipeline.php(219): Illuminate\\Foundation\\Http\\Middleware\\PreventRequestsDuringMaintenance->handle(Object(Illuminate\\Http\\Request), Object(Closure))
#56 /Users/huzai/Documents/GitHub/LR-ProjectManager/vendor/laravel/framework/src/Illuminate/Http/Middleware/HandleCors.php(61): Illuminate\\Pipeline\\Pipeline->{closure:{closure:Illuminate\\Pipeline\\Pipeline::carry():194}:195}(Object(Illuminate\\Http\\Request))
#57 /Users/huzai/Documents/GitHub/LR-ProjectManager/vendor/laravel/framework/src/Illuminate/Pipeline/Pipeline.php(219): Illuminate\\Http\\Middleware\\HandleCors->handle(Object(Illuminate\\Http\\Request), Object(Closure))
#58 /Users/huzai/Documents/GitHub/LR-ProjectManager/vendor/laravel/framework/src/Illuminate/Http/Middleware/TrustProxies.php(58): Illuminate\\Pipeline\\Pipeline->{closure:{closure:Illuminate\\Pipeline\\Pipeline::carry():194}:195}(Object(Illuminate\\Http\\Request))
#59 /Users/huzai/Documents/GitHub/LR-ProjectManager/vendor/laravel/framework/src/Illuminate/Pipeline/Pipeline.php(219): Illuminate\\Http\\Middleware\\TrustProxies->handle(Object(Illuminate\\Http\\Request), Object(Closure))
#60 /Users/huzai/Documents/GitHub/LR-ProjectManager/vendor/laravel/framework/src/Illuminate/Foundation/Http/Middleware/InvokeDeferredCallbacks.php(22): Illuminate\\Pipeline\\Pipeline->{closure:{closure:Illuminate\\Pipeline\\Pipeline::carry():194}:195}(Object(Illuminate\\Http\\Request))
#61 /Users/huzai/Documents/GitHub/LR-ProjectManager/vendor/laravel/framework/src/Illuminate/Pipeline/Pipeline.php(219): Illuminate\\Foundation\\Http\\Middleware\\InvokeDeferredCallbacks->handle(Object(Illuminate\\Http\\Request), Object(Closure))
#62 /Users/huzai/Documents/GitHub/LR-ProjectManager/vendor/laravel/framework/src/Illuminate/Http/Middleware/ValidatePathEncoding.php(28): Illuminate\\Pipeline\\Pipeline->{closure:{closure:Illuminate\\Pipeline\\Pipeline::carry():194}:195}(Object(Illuminate\\Http\\Request))
#63 /Users/huzai/Documents/GitHub/LR-ProjectManager/vendor/laravel/framework/src/Illuminate/Pipeline/Pipeline.php(219): Illuminate\\Http\\Middleware\\ValidatePathEncoding->handle(Object(Illuminate\\Http\\Request), Object(Closure))
#64 /Users/huzai/Documents/GitHub/LR-ProjectManager/vendor/laravel/framework/src/Illuminate/Pipeline/Pipeline.php(137): Illuminate\\Pipeline\\Pipeline->{closure:{closure:Illuminate\\Pipeline\\Pipeline::carry():194}:195}(Object(Illuminate\\Http\\Request))
#65 /Users/huzai/Documents/GitHub/LR-ProjectManager/vendor/laravel/framework/src/Illuminate/Foundation/Http/Kernel.php(175): Illuminate\\Pipeline\\Pipeline->then(Object(Closure))
#66 /Users/huzai/Documents/GitHub/LR-ProjectManager/vendor/laravel/framework/src/Illuminate/Foundation/Http/Kernel.php(144): Illuminate\\Foundation\\Http\\Kernel->sendRequestThroughRouter(Object(Illuminate\\Http\\Request))
#67 /Users/huzai/Documents/GitHub/LR-ProjectManager/vendor/laravel/framework/src/Illuminate/Foundation/Testing/Concerns/MakesHttpRequests.php(607): Illuminate\\Foundation\\Http\\Kernel->handle(Object(Illuminate\\Http\\Request))
#68 /Users/huzai/Documents/GitHub/LR-ProjectManager/vendor/laravel/framework/src/Illuminate/Foundation/Testing/Concerns/MakesHttpRequests.php(368): Illuminate\\Foundation\\Testing\\TestCase->call('GET', 'http://127.0.0....', Array, Array, Array, Array)
#69 /Users/huzai/Documents/GitHub/LR-ProjectManager/tests/Feature/Auth/PasswordResetTest.php(50): Illuminate\\Foundation\\Testing\\TestCase->get('http://127.0.0....')
#70 /Users/huzai/Documents/GitHub/LR-ProjectManager/vendor/laravel/framework/src/Illuminate/Support/Testing/Fakes/NotificationFake.php(261): Tests\\Feature\\Auth\\PasswordResetTest->{closure:Tests\\Feature\\Auth\\PasswordResetTest::test_reset_password_screen_can_be_rendered():49}(Object(Illuminate\\Auth\\Notifications\\ResetPassword), Array, Object(App\\Models\\User), NULL)
#71 [internal function]: Illuminate\\Support\\Testing\\Fakes\\NotificationFake->{closure:Illuminate\\Support\\Testing\\Fakes\\NotificationFake::sent():261}(Array, 0)
#72 /Users/huzai/Documents/GitHub/LR-ProjectManager/vendor/laravel/framework/src/Illuminate/Collections/Arr.php(1243): array_filter(Array, Object(Closure), 1)
#73 /Users/huzai/Documents/GitHub/LR-ProjectManager/vendor/laravel/framework/src/Illuminate/Collections/Collection.php(427): Illuminate\\Support\\Arr::where(Array, Object(Closure))
#74 /Users/huzai/Documents/GitHub/LR-ProjectManager/vendor/laravel/framework/src/Illuminate/Support/Testing/Fakes/NotificationFake.php(260): Illuminate\\Support\\Collection->filter(Object(Closure))
#75 /Users/huzai/Documents/GitHub/LR-ProjectManager/vendor/laravel/framework/src/Illuminate/Support/Testing/Fakes/NotificationFake.php(90): Illuminate\\Support\\Testing\\Fakes\\NotificationFake->sent(Object(App\\Models\\User), 'Illuminate\\\\Auth...', Object(Closure))
#76 /Users/huzai/Documents/GitHub/LR-ProjectManager/vendor/laravel/framework/src/Illuminate/Support/Facades/Facade.php(363): Illuminate\\Support\\Testing\\Fakes\\NotificationFake->assertSentTo(Object(App\\Models\\User), 'Illuminate\\\\Auth...', Object(Closure))
#77 /Users/huzai/Documents/GitHub/LR-ProjectManager/tests/Feature/Auth/PasswordResetTest.php(49): Illuminate\\Support\\Facades\\Facade::__callStatic('assertSentTo', Array)
#78 /Users/huzai/Documents/GitHub/LR-ProjectManager/vendor/phpunit/phpunit/src/Framework/TestCase.php(1314): Tests\\Feature\\Auth\\PasswordResetTest->test_reset_password_screen_can_be_rendered()
#79 /Users/huzai/Documents/GitHub/LR-ProjectManager/vendor/phpunit/phpunit/src/Framework/TestCase.php(1351): PHPUnit\\Framework\\TestCase->invokeTestMethod('test_reset_pass...', Array)
#80 /Users/huzai/Documents/GitHub/LR-ProjectManager/vendor/phpunit/phpunit/src/Framework/TestCase.php(521): PHPUnit\\Framework\\TestCase->runTest()
#81 /Users/huzai/Documents/GitHub/LR-ProjectManager/vendor/phpunit/phpunit/src/Framework/TestRunner/TestRunner.php(99): PHPUnit\\Framework\\TestCase->runBare()
#82 /Users/huzai/Documents/GitHub/LR-ProjectManager/vendor/phpunit/phpunit/src/Framework/TestCase.php(361): PHPUnit\\Framework\\TestRunner->run(Object(Tests\\Feature\\Auth\\PasswordResetTest))
#83 /Users/huzai/Documents/GitHub/LR-ProjectManager/vendor/phpunit/phpunit/src/Framework/TestSuite.php(374): PHPUnit\\Framework\\TestCase->run()
#84 /Users/huzai/Documents/GitHub/LR-ProjectManager/vendor/phpunit/phpunit/src/Framework/TestSuite.php(374): PHPUnit\\Framework\\TestSuite->run()
#85 /Users/huzai/Documents/GitHub/LR-ProjectManager/vendor/phpunit/phpunit/src/Framework/TestSuite.php(374): PHPUnit\\Framework\\TestSuite->run()
#86 /Users/huzai/Documents/GitHub/LR-ProjectManager/vendor/phpunit/phpunit/src/TextUI/TestRunner.php(64): PHPUnit\\Framework\\TestSuite->run()
#87 /Users/huzai/Documents/GitHub/LR-ProjectManager/vendor/phpunit/phpunit/src/TextUI/Application.php(229): PHPUnit\\TextUI\\TestRunner->run(Object(PHPUnit\\TextUI\\Configuration\\Configuration), Object(PHPUnit\\Runner\\ResultCache\\DefaultResultCache), Object(PHPUnit\\Framework\\TestSuite))
#88 /Users/huzai/Documents/GitHub/LR-ProjectManager/vendor/phpunit/phpunit/phpunit(104): PHPUnit\\TextUI\\Application->run(Array)
#89 {main}

[previous exception] [object] (Illuminate\\Foundation\\ViteManifestNotFoundException(code: 0): Vite manifest not found at: /Users/huzai/Documents/GitHub/LR-ProjectManager/public/build/manifest.json at /Users/huzai/Documents/GitHub/LR-ProjectManager/vendor/laravel/framework/src/Illuminate/Foundation/Vite.php:960)
[stacktrace]
#0 /Users/huzai/Documents/GitHub/LR-ProjectManager/vendor/laravel/framework/src/Illuminate/Foundation/Vite.php(398): Illuminate\\Foundation\\Vite->manifest('build')
#1 /Users/huzai/Documents/GitHub/LR-ProjectManager/storage/framework/views/cc980059043f8a994bd2e0d5afbf0963.php(40): Illuminate\\Foundation\\Vite->__invoke(Object(Illuminate\\Support\\Collection))
#2 /Users/huzai/Documents/GitHub/LR-ProjectManager/vendor/laravel/framework/src/Illuminate/Filesystem/Filesystem.php(123): require('/Users/huzai/Do...')
#3 /Users/huzai/Documents/GitHub/LR-ProjectManager/vendor/laravel/framework/src/Illuminate/Filesystem/Filesystem.php(124): Illuminate\\Filesystem\\Filesystem::{closure:Illuminate\\Filesystem\\Filesystem::getRequire():120}()
#4 /Users/huzai/Documents/GitHub/LR-ProjectManager/vendor/laravel/framework/src/Illuminate/View/Engines/PhpEngine.php(57): Illuminate\\Filesystem\\Filesystem->getRequire('/Users/huzai/Do...', Array)
#5 /Users/huzai/Documents/GitHub/LR-ProjectManager/vendor/laravel/framework/src/Illuminate/View/Engines/CompilerEngine.php(76): Illuminate\\View\\Engines\\PhpEngine->evaluatePath('/Users/huzai/Do...', Array)
#6 /Users/huzai/Documents/GitHub/LR-ProjectManager/vendor/laravel/framework/src/Illuminate/View/View.php(208): Illuminate\\View\\Engines\\CompilerEngine->get('/Users/huzai/Do...', Array)
#7 /Users/huzai/Documents/GitHub/LR-ProjectManager/vendor/laravel/framework/src/Illuminate/View/View.php(191): Illuminate\\View\\View->getContents()
#8 /Users/huzai/Documents/GitHub/LR-ProjectManager/vendor/laravel/framework/src/Illuminate/View/View.php(160): Illuminate\\View\\View->renderContents()
#9 /Users/huzai/Documents/GitHub/LR-ProjectManager/vendor/laravel/framework/src/Illuminate/Http/Response.php(78): Illuminate\\View\\View->render()
#10 /Users/huzai/Documents/GitHub/LR-ProjectManager/vendor/laravel/framework/src/Illuminate/Http/Response.php(34): Illuminate\\Http\\Response->setContent(Object(Illuminate\\View\\View))
#11 /Users/huzai/Documents/GitHub/LR-ProjectManager/vendor/laravel/framework/src/Illuminate/Routing/ResponseFactory.php(61): Illuminate\\Http\\Response->__construct(Object(Illuminate\\View\\View), 200, Array)
#12 /Users/huzai/Documents/GitHub/LR-ProjectManager/vendor/laravel/framework/src/Illuminate/Routing/ResponseFactory.php(91): Illuminate\\Routing\\ResponseFactory->make(Object(Illuminate\\View\\View), 200, Array)
#13 /Users/huzai/Documents/GitHub/LR-ProjectManager/vendor/laravel/framework/src/Illuminate/Support/Facades/Facade.php(363): Illuminate\\Routing\\ResponseFactory->view('app', Array)
#14 /Users/huzai/Documents/GitHub/LR-ProjectManager/vendor/inertiajs/inertia-laravel/src/Response.php(211): Illuminate\\Support\\Facades\\Facade::__callStatic('view', Array)
#15 /Users/huzai/Documents/GitHub/LR-ProjectManager/vendor/laravel/fortify/src/Http/Responses/SimpleViewResponse.php(56): Inertia\\Response->toResponse(Object(Illuminate\\Http\\Request))
#16 /Users/huzai/Documents/GitHub/LR-ProjectManager/vendor/laravel/framework/src/Illuminate/Routing/Router.php(921): Laravel\\Fortify\\Http\\Responses\\SimpleViewResponse->toResponse(Object(Illuminate\\Http\\Request))
#17 /Users/huzai/Documents/GitHub/LR-ProjectManager/vendor/laravel/framework/src/Illuminate/Routing/Router.php(906): Illuminate\\Routing\\Router::toResponse(Object(Illuminate\\Http\\Request), Object(Laravel\\Fortify\\Http\\Responses\\SimpleViewResponse))
#18 /Users/huzai/Documents/GitHub/LR-ProjectManager/vendor/laravel/framework/src/Illuminate/Routing/Router.php(821): Illuminate\\Routing\\Router->prepareResponse(Object(Illuminate\\Http\\Request), Object(Laravel\\Fortify\\Http\\Responses\\SimpleViewResponse))
#19 /Users/huzai/Documents/GitHub/LR-ProjectManager/vendor/laravel/framework/src/Illuminate/Pipeline/Pipeline.php(180): Illuminate\\Routing\\Router->{closure:Illuminate\\Routing\\Router::runRouteWithinStack():821}(Object(Illuminate\\Http\\Request))
#20 /Users/huzai/Documents/GitHub/LR-ProjectManager/vendor/laravel/framework/src/Illuminate/Auth/Middleware/RedirectIfAuthenticated.php(47): Illuminate\\Pipeline\\Pipeline->{closure:Illuminate\\Pipeline\\Pipeline::prepareDestination():178}(Object(Illuminate\\Http\\Request))
#21 /Users/huzai/Documents/GitHub/LR-ProjectManager/vendor/laravel/framework/src/Illuminate/Pipeline/Pipeline.php(219): Illuminate\\Auth\\Middleware\\RedirectIfAuthenticated->handle(Object(Illuminate\\Http\\Request), Object(Closure), 'web')
#22 /Users/huzai/Documents/GitHub/LR-ProjectManager/vendor/laravel/framework/src/Illuminate/Http/Middleware/AddLinkHeadersForPreloadedAssets.php(32): Illuminate\\Pipeline\\Pipeline->{closure:{closure:Illuminate\\Pipeline\\Pipeline::carry():194}:195}(Object(Illuminate\\Http\\Request))
#23 /Users/huzai/Documents/GitHub/LR-ProjectManager/vendor/laravel/framework/src/Illuminate/Pipeline/Pipeline.php(219): Illuminate\\Http\\Middleware\\AddLinkHeadersForPreloadedAssets->handle(Object(Illuminate\\Http\\Request), Object(Closure))
#24 /Users/huzai/Documents/GitHub/LR-ProjectManager/vendor/inertiajs/inertia-laravel/src/Middleware.php(138): Illuminate\\Pipeline\\Pipeline->{closure:{closure:Illuminate\\Pipeline\\Pipeline::carry():194}:195}(Object(Illuminate\\Http\\Request))
#25 /Users/huzai/Documents/GitHub/LR-ProjectManager/vendor/laravel/framework/src/Illuminate/Pipeline/Pipeline.php(219): Inertia\\Middleware->handle(Object(Illuminate\\Http\\Request), Object(Closure))
#26 /Users/huzai/Documents/GitHub/LR-ProjectManager/app/Http/Middleware/HandleAppearance.php(21): Illuminate\\Pipeline\\Pipeline->{closure:{closure:Illuminate\\Pipeline\\Pipeline::carry():194}:195}(Object(Illuminate\\Http\\Request))
#27 /Users/huzai/Documents/GitHub/LR-ProjectManager/vendor/laravel/framework/src/Illuminate/Pipeline/Pipeline.php(219): App\\Http\\Middleware\\HandleAppearance->handle(Object(Illuminate\\Http\\Request), Object(Closure))
#28 /Users/huzai/Documents/GitHub/LR-ProjectManager/vendor/laravel/framework/src/Illuminate/Routing/Middleware/SubstituteBindings.php(52): Illuminate\\Pipeline\\Pipeline->{closure:{closure:Illuminate\\Pipeline\\Pipeline::carry():194}:195}(Object(Illuminate\\Http\\Request))
#29 /Users/huzai/Documents/GitHub/LR-ProjectManager/vendor/laravel/framework/src/Illuminate/Pipeline/Pipeline.php(219): Illuminate\\Routing\\Middleware\\SubstituteBindings->handle(Object(Illuminate\\Http\\Request), Object(Closure))
#30 /Users/huzai/Documents/GitHub/LR-ProjectManager/vendor/laravel/framework/src/Illuminate/Foundation/Http/Middleware/PreventRequestForgery.php(104): Illuminate\\Pipeline\\Pipeline->{closure:{closure:Illuminate\\Pipeline\\Pipeline::carry():194}:195}(Object(Illuminate\\Http\\Request))
#31 /Users/huzai/Documents/GitHub/LR-ProjectManager/vendor/laravel/framework/src/Illuminate/Pipeline/Pipeline.php(219): Illuminate\\Foundation\\Http\\Middleware\\PreventRequestForgery->handle(Object(Illuminate\\Http\\Request), Object(Closure))
#32 /Users/huzai/Documents/GitHub/LR-ProjectManager/vendor/laravel/framework/src/Illuminate/View/Middleware/ShareErrorsFromSession.php(48): Illuminate\\Pipeline\\Pipeline->{closure:{closure:Illuminate\\Pipeline\\Pipeline::carry():194}:195}(Object(Illuminate\\Http\\Request))
#33 /Users/huzai/Documents/GitHub/LR-ProjectManager/vendor/laravel/framework/src/Illuminate/Pipeline/Pipeline.php(219): Illuminate\\View\\Middleware\\ShareErrorsFromSession->handle(Object(Illuminate\\Http\\Request), Object(Closure))
#34 /Users/huzai/Documents/GitHub/LR-ProjectManager/vendor/laravel/framework/src/Illuminate/Session/Middleware/StartSession.php(120): Illuminate\\Pipeline\\Pipeline->{closure:{closure:Illuminate\\Pipeline\\Pipeline::carry():194}:195}(Object(Illuminate\\Http\\Request))
#35 /Users/huzai/Documents/GitHub/LR-ProjectManager/vendor/laravel/framework/src/Illuminate/Session/Middleware/StartSession.php(63): Illuminate\\Session\\Middleware\\StartSession->handleStatefulRequest(Object(Illuminate\\Http\\Request), Object(Illuminate\\Session\\Store), Object(Closure))
#36 /Users/huzai/Documents/GitHub/LR-ProjectManager/vendor/laravel/framework/src/Illuminate/Pipeline/Pipeline.php(219): Illuminate\\Session\\Middleware\\StartSession->handle(Object(Illuminate\\Http\\Request), Object(Closure))
#37 /Users/huzai/Documents/GitHub/LR-ProjectManager/vendor/laravel/framework/src/Illuminate/Cookie/Middleware/AddQueuedCookiesToResponse.php(36): Illuminate\\Pipeline\\Pipeline->{closure:{closure:Illuminate\\Pipeline\\Pipeline::carry():194}:195}(Object(Illuminate\\Http\\Request))
#38 /Users/huzai/Documents/GitHub/LR-ProjectManager/vendor/laravel/framework/src/Illuminate/Pipeline/Pipeline.php(219): Illuminate\\Cookie\\Middleware\\AddQueuedCookiesToResponse->handle(Object(Illuminate\\Http\\Request), Object(Closure))
#39 /Users/huzai/Documents/GitHub/LR-ProjectManager/vendor/laravel/framework/src/Illuminate/Cookie/Middleware/EncryptCookies.php(74): Illuminate\\Pipeline\\Pipeline->{closure:{closure:Illuminate\\Pipeline\\Pipeline::carry():194}:195}(Object(Illuminate\\Http\\Request))
#40 /Users/huzai/Documents/GitHub/LR-ProjectManager/vendor/laravel/framework/src/Illuminate/Pipeline/Pipeline.php(219): Illuminate\\Cookie\\Middleware\\EncryptCookies->handle(Object(Illuminate\\Http\\Request), Object(Closure))
#41 /Users/huzai/Documents/GitHub/LR-ProjectManager/vendor/laravel/framework/src/Illuminate/Pipeline/Pipeline.php(137): Illuminate\\Pipeline\\Pipeline->{closure:{closure:Illuminate\\Pipeline\\Pipeline::carry():194}:195}(Object(Illuminate\\Http\\Request))
#42 /Users/huzai/Documents/GitHub/LR-ProjectManager/vendor/laravel/framework/src/Illuminate/Routing/Router.php(821): Illuminate\\Pipeline\\Pipeline->then(Object(Closure))
#43 /Users/huzai/Documents/GitHub/LR-ProjectManager/vendor/laravel/framework/src/Illuminate/Routing/Router.php(800): Illuminate\\Routing\\Router->runRouteWithinStack(Object(Illuminate\\Routing\\Route), Object(Illuminate\\Http\\Request))
#44 /Users/huzai/Documents/GitHub/LR-ProjectManager/vendor/laravel/framework/src/Illuminate/Routing/Router.php(764): Illuminate\\Routing\\Router->runRoute(Object(Illuminate\\Http\\Request), Object(Illuminate\\Routing\\Route))
#45 /Users/huzai/Documents/GitHub/LR-ProjectManager/vendor/laravel/framework/src/Illuminate/Routing/Router.php(753): Illuminate\\Routing\\Router->dispatchToRoute(Object(Illuminate\\Http\\Request))
#46 /Users/huzai/Documents/GitHub/LR-ProjectManager/vendor/laravel/framework/src/Illuminate/Foundation/Http/Kernel.php(200): Illuminate\\Routing\\Router->dispatch(Object(Illuminate\\Http\\Request))
#47 /Users/huzai/Documents/GitHub/LR-ProjectManager/vendor/laravel/framework/src/Illuminate/Pipeline/Pipeline.php(180): Illuminate\\Foundation\\Http\\Kernel->{closure:Illuminate\\Foundation\\Http\\Kernel::dispatchToRouter():197}(Object(Illuminate\\Http\\Request))
#48 /Users/huzai/Documents/GitHub/LR-ProjectManager/vendor/inertiajs/inertia-laravel/src/Middleware/EnsureGetOnRedirect.php(19): Illuminate\\Pipeline\\Pipeline->{closure:Illuminate\\Pipeline\\Pipeline::prepareDestination():178}(Object(Illuminate\\Http\\Request))
#49 /Users/huzai/Documents/GitHub/LR-ProjectManager/vendor/laravel/framework/src/Illuminate/Pipeline/Pipeline.php(219): Inertia\\Middleware\\EnsureGetOnRedirect->handle(Object(Illuminate\\Http\\Request), Object(Closure))
#50 /Users/huzai/Documents/GitHub/LR-ProjectManager/vendor/laravel/framework/src/Illuminate/Foundation/Http/Middleware/TransformsRequest.php(21): Illuminate\\Pipeline\\Pipeline->{closure:{closure:Illuminate\\Pipeline\\Pipeline::carry():194}:195}(Object(Illuminate\\Http\\Request))
#51 /Users/huzai/Documents/GitHub/LR-ProjectManager/vendor/laravel/framework/src/Illuminate/Foundation/Http/Middleware/ConvertEmptyStringsToNull.php(31): Illuminate\\Foundation\\Http\\Middleware\\TransformsRequest->handle(Object(Illuminate\\Http\\Request), Object(Closure))
#52 /Users/huzai/Documents/GitHub/LR-ProjectManager/vendor/laravel/framework/src/Illuminate/Pipeline/Pipeline.php(219): Illuminate\\Foundation\\Http\\Middleware\\ConvertEmptyStringsToNull->handle(Object(Illuminate\\Http\\Request), Object(Closure))
#53 /Users/huzai/Documents/GitHub/LR-ProjectManager/vendor/laravel/framework/src/Illuminate/Foundation/Http/Middleware/TransformsRequest.php(21): Illuminate\\Pipeline\\Pipeline->{closure:{closure:Illuminate\\Pipeline\\Pipeline::carry():194}:195}(Object(Illuminate\\Http\\Request))
#54 /Users/huzai/Documents/GitHub/LR-ProjectManager/vendor/laravel/framework/src/Illuminate/Foundation/Http/Middleware/TrimStrings.php(51): Illuminate\\Foundation\\Http\\Middleware\\TransformsRequest->handle(Object(Illuminate\\Http\\Request), Object(Closure))
#55 /Users/huzai/Documents/GitHub/LR-ProjectManager/vendor/laravel/framework/src/Illuminate/Pipeline/Pipeline.php(219): Illuminate\\Foundation\\Http\\Middleware\\TrimStrings->handle(Object(Illuminate\\Http\\Request), Object(Closure))
#56 /Users/huzai/Documents/GitHub/LR-ProjectManager/vendor/laravel/framework/src/Illuminate/Http/Middleware/ValidatePostSize.php(27): Illuminate\\Pipeline\\Pipeline->{closure:{closure:Illuminate\\Pipeline\\Pipeline::carry():194}:195}(Object(Illuminate\\Http\\Request))
#57 /Users/huzai/Documents/GitHub/LR-ProjectManager/vendor/laravel/framework/src/Illuminate/Pipeline/Pipeline.php(219): Illuminate\\Http\\Middleware\\ValidatePostSize->handle(Object(Illuminate\\Http\\Request), Object(Closure))
#58 /Users/huzai/Documents/GitHub/LR-ProjectManager/vendor/laravel/framework/src/Illuminate/Foundation/Http/Middleware/PreventRequestsDuringMaintenance.php(109): Illuminate\\Pipeline\\Pipeline->{closure:{closure:Illuminate\\Pipeline\\Pipeline::carry():194}:195}(Object(Illuminate\\Http\\Request))
#59 /Users/huzai/Documents/GitHub/LR-ProjectManager/vendor/laravel/framework/src/Illuminate/Pipeline/Pipeline.php(219): Illuminate\\Foundation\\Http\\Middleware\\PreventRequestsDuringMaintenance->handle(Object(Illuminate\\Http\\Request), Object(Closure))
#60 /Users/huzai/Documents/GitHub/LR-ProjectManager/vendor/laravel/framework/src/Illuminate/Http/Middleware/HandleCors.php(61): Illuminate\\Pipeline\\Pipeline->{closure:{closure:Illuminate\\Pipeline\\Pipeline::carry():194}:195}(Object(Illuminate\\Http\\Request))
#61 /Users/huzai/Documents/GitHub/LR-ProjectManager/vendor/laravel/framework/src/Illuminate/Pipeline/Pipeline.php(219): Illuminate\\Http\\Middleware\\HandleCors->handle(Object(Illuminate\\Http\\Request), Object(Closure))
#62 /Users/huzai/Documents/GitHub/LR-ProjectManager/vendor/laravel/framework/src/Illuminate/Http/Middleware/TrustProxies.php(58): Illuminate\\Pipeline\\Pipeline->{closure:{closure:Illuminate\\Pipeline\\Pipeline::carry():194}:195}(Object(Illuminate\\Http\\Request))
#63 /Users/huzai/Documents/GitHub/LR-ProjectManager/vendor/laravel/framework/src/Illuminate/Pipeline/Pipeline.php(219): Illuminate\\Http\\Middleware\\TrustProxies->handle(Object(Illuminate\\Http\\Request), Object(Closure))
#64 /Users/huzai/Documents/GitHub/LR-ProjectManager/vendor/laravel/framework/src/Illuminate/Foundation/Http/Middleware/InvokeDeferredCallbacks.php(22): Illuminate\\Pipeline\\Pipeline->{closure:{closure:Illuminate\\Pipeline\\Pipeline::carry():194}:195}(Object(Illuminate\\Http\\Request))
#65 /Users/huzai/Documents/GitHub/LR-ProjectManager/vendor/laravel/framework/src/Illuminate/Pipeline/Pipeline.php(219): Illuminate\\Foundation\\Http\\Middleware\\InvokeDeferredCallbacks->handle(Object(Illuminate\\Http\\Request), Object(Closure))
#66 /Users/huzai/Documents/GitHub/LR-ProjectManager/vendor/laravel/framework/src/Illuminate/Http/Middleware/ValidatePathEncoding.php(28): Illuminate\\Pipeline\\Pipeline->{closure:{closure:Illuminate\\Pipeline\\Pipeline::carry():194}:195}(Object(Illuminate\\Http\\Request))
#67 /Users/huzai/Documents/GitHub/LR-ProjectManager/vendor/laravel/framework/src/Illuminate/Pipeline/Pipeline.php(219): Illuminate\\Http\\Middleware\\ValidatePathEncoding->handle(Object(Illuminate\\Http\\Request), Object(Closure))
#68 /Users/huzai/Documents/GitHub/LR-ProjectManager/vendor/laravel/framework/src/Illuminate/Pipeline/Pipeline.php(137): Illuminate\\Pipeline\\Pipeline->{closure:{closure:Illuminate\\Pipeline\\Pipeline::carry():194}:195}(Object(Illuminate\\Http\\Request))
#69 /Users/huzai/Documents/GitHub/LR-ProjectManager/vendor/laravel/framework/src/Illuminate/Foundation/Http/Kernel.php(175): Illuminate\\Pipeline\\Pipeline->then(Object(Closure))
#70 /Users/huzai/Documents/GitHub/LR-ProjectManager/vendor/laravel/framework/src/Illuminate/Foundation/Http/Kernel.php(144): Illuminate\\Foundation\\Http\\Kernel->sendRequestThroughRouter(Object(Illuminate\\Http\\Request))
#71 /Users/huzai/Documents/GitHub/LR-ProjectManager/vendor/laravel/framework/src/Illuminate/Foundation/Testing/Concerns/MakesHttpRequests.php(607): Illuminate\\Foundation\\Http\\Kernel->handle(Object(Illuminate\\Http\\Request))
#72 /Users/huzai/Documents/GitHub/LR-ProjectManager/vendor/laravel/framework/src/Illuminate/Foundation/Testing/Concerns/MakesHttpRequests.php(368): Illuminate\\Foundation\\Testing\\TestCase->call('GET', 'http://127.0.0....', Array, Array, Array, Array)
#73 /Users/huzai/Documents/GitHub/LR-ProjectManager/tests/Feature/Auth/PasswordResetTest.php(50): Illuminate\\Foundation\\Testing\\TestCase->get('http://127.0.0....')
#74 /Users/huzai/Documents/GitHub/LR-ProjectManager/vendor/laravel/framework/src/Illuminate/Support/Testing/Fakes/NotificationFake.php(261): Tests\\Feature\\Auth\\PasswordResetTest->{closure:Tests\\Feature\\Auth\\PasswordResetTest::test_reset_password_screen_can_be_rendered():49}(Object(Illuminate\\Auth\\Notifications\\ResetPassword), Array, Object(App\\Models\\User), NULL)
#75 [internal function]: Illuminate\\Support\\Testing\\Fakes\\NotificationFake->{closure:Illuminate\\Support\\Testing\\Fakes\\NotificationFake::sent():261}(Array, 0)
#76 /Users/huzai/Documents/GitHub/LR-ProjectManager/vendor/laravel/framework/src/Illuminate/Collections/Arr.php(1243): array_filter(Array, Object(Closure), 1)
#77 /Users/huzai/Documents/GitHub/LR-ProjectManager/vendor/laravel/framework/src/Illuminate/Collections/Collection.php(427): Illuminate\\Support\\Arr::where(Array, Object(Closure))
#78 /Users/huzai/Documents/GitHub/LR-ProjectManager/vendor/laravel/framework/src/Illuminate/Support/Testing/Fakes/NotificationFake.php(260): Illuminate\\Support\\Collection->filter(Object(Closure))
#79 /Users/huzai/Documents/GitHub/LR-ProjectManager/vendor/laravel/framework/src/Illuminate/Support/Testing/Fakes/NotificationFake.php(90): Illuminate\\Support\\Testing\\Fakes\\NotificationFake->sent(Object(App\\Models\\User), 'Illuminate\\\\Auth...', Object(Closure))
#80 /Users/huzai/Documents/GitHub/LR-ProjectManager/vendor/laravel/framework/src/Illuminate/Support/Facades/Facade.php(363): Illuminate\\Support\\Testing\\Fakes\\NotificationFake->assertSentTo(Object(App\\Models\\User), 'Illuminate\\\\Auth...', Object(Closure))
#81 /Users/huzai/Documents/GitHub/LR-ProjectManager/tests/Feature/Auth/PasswordResetTest.php(49): Illuminate\\Support\\Facades\\Facade::__callStatic('assertSentTo', Array)
#82 /Users/huzai/Documents/GitHub/LR-ProjectManager/vendor/phpunit/phpunit/src/Framework/TestCase.php(1314): Tests\\Feature\\Auth\\PasswordResetTest->test_reset_password_screen_can_be_rendered()
#83 /Users/huzai/Documents/GitHub/LR-ProjectManager/vendor/phpunit/phpunit/src/Framework/TestCase.php(1351): PHPUnit\\Framework\\TestCase->invokeTestMethod('test_reset_pass...', Array)
#84 /Users/huzai/Documents/GitHub/LR-ProjectManager/vendor/phpunit/phpunit/src/Framework/TestCase.php(521): PHPUnit\\Framework\\TestCase->runTest()
#85 /Users/huzai/Documents/GitHub/LR-ProjectManager/vendor/phpunit/phpunit/src/Framework/TestRunner/TestRunner.php(99): PHPUnit\\Framework\\TestCase->runBare()
#86 /Users/huzai/Documents/GitHub/LR-ProjectManager/vendor/phpunit/phpunit/src/Framework/TestCase.php(361): PHPUnit\\Framework\\TestRunner->run(Object(Tests\\Feature\\Auth\\PasswordResetTest))
#87 /Users/huzai/Documents/GitHub/LR-ProjectManager/vendor/phpunit/phpunit/src/Framework/TestSuite.php(374): PHPUnit\\Framework\\TestCase->run()
#88 /Users/huzai/Documents/GitHub/LR-ProjectManager/vendor/phpunit/phpunit/src/Framework/TestSuite.php(374): PHPUnit\\Framework\\TestSuite->run()
#89 /Users/huzai/Documents/GitHub/LR-ProjectManager/vendor/phpunit/phpunit/src/Framework/TestSuite.php(374): PHPUnit\\Framework\\TestSuite->run()
#90 /Users/huzai/Documents/GitHub/LR-ProjectManager/vendor/phpunit/phpunit/src/TextUI/TestRunner.php(64): PHPUnit\\Framework\\TestSuite->run()
#91 /Users/huzai/Documents/GitHub/LR-ProjectManager/vendor/phpunit/phpunit/src/TextUI/Application.php(229): PHPUnit\\TextUI\\TestRunner->run(Object(PHPUnit\\TextUI\\Configuration\\Configuration), Object(PHPUnit\\Runner\\ResultCache\\DefaultResultCache), Object(PHPUnit\\Framework\\TestSuite))
#92 /Users/huzai/Documents/GitHub/LR-ProjectManager/vendor/phpunit/phpunit/phpunit(104): PHPUnit\\TextUI\\Application->run(Array)
#93 {main}
"} 
[2026-05-31 12:40:44] testing.ERROR: Vite manifest not found at: /Users/huzai/Documents/GitHub/LR-ProjectManager/public/build/manifest.json (View: /Users/huzai/Documents/GitHub/LR-ProjectManager/resources/views/app.blade.php) {"exception":"[object] (Illuminate\\View\\ViewException(code: 0): Vite manifest not found at: /Users/huzai/Documents/GitHub/LR-ProjectManager/public/build/manifest.json (View: /Users/huzai/Documents/GitHub/LR-ProjectManager/resources/views/app.blade.php) at /Users/huzai/Documents/GitHub/LR-ProjectManager/vendor/laravel/framework/src/Illuminate/Foundation/Vite.php:960)
[stacktrace]
#0 /Users/huzai/Documents/GitHub/LR-ProjectManager/vendor/laravel/framework/src/Illuminate/View/Engines/PhpEngine.php(59): Illuminate\\View\\Engines\\CompilerEngine->handleViewException(Object(Illuminate\\Foundation\\ViteManifestNotFoundException), 1)
#1 /Users/huzai/Documents/GitHub/LR-ProjectManager/vendor/laravel/framework/src/Illuminate/View/Engines/CompilerEngine.php(76): Illuminate\\View\\Engines\\PhpEngine->evaluatePath('/Users/huzai/Do...', Array)
#2 /Users/huzai/Documents/GitHub/LR-ProjectManager/vendor/laravel/framework/src/Illuminate/View/View.php(208): Illuminate\\View\\Engines\\CompilerEngine->get('/Users/huzai/Do...', Array)
#3 /Users/huzai/Documents/GitHub/LR-ProjectManager/vendor/laravel/framework/src/Illuminate/View/View.php(191): Illuminate\\View\\View->getContents()
#4 /Users/huzai/Documents/GitHub/LR-ProjectManager/vendor/laravel/framework/src/Illuminate/View/View.php(160): Illuminate\\View\\View->renderContents()
#5 /Users/huzai/Documents/GitHub/LR-ProjectManager/vendor/laravel/framework/src/Illuminate/Http/Response.php(78): Illuminate\\View\\View->render()
#6 /Users/huzai/Documents/GitHub/LR-ProjectManager/vendor/laravel/framework/src/Illuminate/Http/Response.php(34): Illuminate\\Http\\Response->setContent(Object(Illuminate\\View\\View))
#7 /Users/huzai/Documents/GitHub/LR-ProjectManager/vendor/laravel/framework/src/Illuminate/Routing/ResponseFactory.php(61): Illuminate\\Http\\Response->__construct(Object(Illuminate\\View\\View), 200, Array)
#8 /Users/huzai/Documents/GitHub/LR-ProjectManager/vendor/laravel/framework/src/Illuminate/Routing/ResponseFactory.php(91): Illuminate\\Routing\\ResponseFactory->make(Object(Illuminate\\View\\View), 200, Array)
#9 /Users/huzai/Documents/GitHub/LR-ProjectManager/vendor/laravel/framework/src/Illuminate/Support/Facades/Facade.php(363): Illuminate\\Routing\\ResponseFactory->view('app', Array)
#10 /Users/huzai/Documents/GitHub/LR-ProjectManager/vendor/inertiajs/inertia-laravel/src/Response.php(211): Illuminate\\Support\\Facades\\Facade::__callStatic('view', Array)
#11 /Users/huzai/Documents/GitHub/LR-ProjectManager/vendor/laravel/fortify/src/Http/Responses/SimpleViewResponse.php(56): Inertia\\Response->toResponse(Object(Illuminate\\Http\\Request))
#12 /Users/huzai/Documents/GitHub/LR-ProjectManager/vendor/laravel/framework/src/Illuminate/Routing/Router.php(921): Laravel\\Fortify\\Http\\Responses\\SimpleViewResponse->toResponse(Object(Illuminate\\Http\\Request))
#13 /Users/huzai/Documents/GitHub/LR-ProjectManager/vendor/laravel/framework/src/Illuminate/Routing/Router.php(906): Illuminate\\Routing\\Router::toResponse(Object(Illuminate\\Http\\Request), Object(Laravel\\Fortify\\Http\\Responses\\SimpleViewResponse))
#14 /Users/huzai/Documents/GitHub/LR-ProjectManager/vendor/laravel/framework/src/Illuminate/Routing/Router.php(821): Illuminate\\Routing\\Router->prepareResponse(Object(Illuminate\\Http\\Request), Object(Laravel\\Fortify\\Http\\Responses\\SimpleViewResponse))
#15 /Users/huzai/Documents/GitHub/LR-ProjectManager/vendor/laravel/framework/src/Illuminate/Pipeline/Pipeline.php(180): Illuminate\\Routing\\Router->{closure:Illuminate\\Routing\\Router::runRouteWithinStack():821}(Object(Illuminate\\Http\\Request))
#16 /Users/huzai/Documents/GitHub/LR-ProjectManager/vendor/laravel/framework/src/Illuminate/Auth/Middleware/RedirectIfAuthenticated.php(47): Illuminate\\Pipeline\\Pipeline->{closure:Illuminate\\Pipeline\\Pipeline::prepareDestination():178}(Object(Illuminate\\Http\\Request))
#17 /Users/huzai/Documents/GitHub/LR-ProjectManager/vendor/laravel/framework/src/Illuminate/Pipeline/Pipeline.php(219): Illuminate\\Auth\\Middleware\\RedirectIfAuthenticated->handle(Object(Illuminate\\Http\\Request), Object(Closure), 'web')
#18 /Users/huzai/Documents/GitHub/LR-ProjectManager/vendor/laravel/framework/src/Illuminate/Http/Middleware/AddLinkHeadersForPreloadedAssets.php(32): Illuminate\\Pipeline\\Pipeline->{closure:{closure:Illuminate\\Pipeline\\Pipeline::carry():194}:195}(Object(Illuminate\\Http\\Request))
#19 /Users/huzai/Documents/GitHub/LR-ProjectManager/vendor/laravel/framework/src/Illuminate/Pipeline/Pipeline.php(219): Illuminate\\Http\\Middleware\\AddLinkHeadersForPreloadedAssets->handle(Object(Illuminate\\Http\\Request), Object(Closure))
#20 /Users/huzai/Documents/GitHub/LR-ProjectManager/vendor/inertiajs/inertia-laravel/src/Middleware.php(138): Illuminate\\Pipeline\\Pipeline->{closure:{closure:Illuminate\\Pipeline\\Pipeline::carry():194}:195}(Object(Illuminate\\Http\\Request))
#21 /Users/huzai/Documents/GitHub/LR-ProjectManager/vendor/laravel/framework/src/Illuminate/Pipeline/Pipeline.php(219): Inertia\\Middleware->handle(Object(Illuminate\\Http\\Request), Object(Closure))
#22 /Users/huzai/Documents/GitHub/LR-ProjectManager/app/Http/Middleware/HandleAppearance.php(21): Illuminate\\Pipeline\\Pipeline->{closure:{closure:Illuminate\\Pipeline\\Pipeline::carry():194}:195}(Object(Illuminate\\Http\\Request))
#23 /Users/huzai/Documents/GitHub/LR-ProjectManager/vendor/laravel/framework/src/Illuminate/Pipeline/Pipeline.php(219): App\\Http\\Middleware\\HandleAppearance->handle(Object(Illuminate\\Http\\Request), Object(Closure))
#24 /Users/huzai/Documents/GitHub/LR-ProjectManager/vendor/laravel/framework/src/Illuminate/Routing/Middleware/SubstituteBindings.php(52): Illuminate\\Pipeline\\Pipeline->{closure:{closure:Illuminate\\Pipeline\\Pipeline::carry():194}:195}(Object(Illuminate\\Http\\Request))
#25 /Users/huzai/Documents/GitHub/LR-ProjectManager/vendor/laravel/framework/src/Illuminate/Pipeline/Pipeline.php(219): Illuminate\\Routing\\Middleware\\SubstituteBindings->handle(Object(Illuminate\\Http\\Request), Object(Closure))
#26 /Users/huzai/Documents/GitHub/LR-ProjectManager/vendor/laravel/framework/src/Illuminate/Foundation/Http/Middleware/PreventRequestForgery.php(104): Illuminate\\Pipeline\\Pipeline->{closure:{closure:Illuminate\\Pipeline\\Pipeline::carry():194}:195}(Object(Illuminate\\Http\\Request))
#27 /Users/huzai/Documents/GitHub/LR-ProjectManager/vendor/laravel/framework/src/Illuminate/Pipeline/Pipeline.php(219): Illuminate\\Foundation\\Http\\Middleware\\PreventRequestForgery->handle(Object(Illuminate\\Http\\Request), Object(Closure))
#28 /Users/huzai/Documents/GitHub/LR-ProjectManager/vendor/laravel/framework/src/Illuminate/View/Middleware/ShareErrorsFromSession.php(48): Illuminate\\Pipeline\\Pipeline->{closure:{closure:Illuminate\\Pipeline\\Pipeline::carry():194}:195}(Object(Illuminate\\Http\\Request))
#29 /Users/huzai/Documents/GitHub/LR-ProjectManager/vendor/laravel/framework/src/Illuminate/Pipeline/Pipeline.php(219): Illuminate\\View\\Middleware\\ShareErrorsFromSession->handle(Object(Illuminate\\Http\\Request), Object(Closure))
#30 /Users/huzai/Documents/GitHub/LR-ProjectManager/vendor/laravel/framework/src/Illuminate/Session/Middleware/StartSession.php(120): Illuminate\\Pipeline\\Pipeline->{closure:{closure:Illuminate\\Pipeline\\Pipeline::carry():194}:195}(Object(Illuminate\\Http\\Request))
#31 /Users/huzai/Documents/GitHub/LR-ProjectManager/vendor/laravel/framework/src/Illuminate/Session/Middleware/StartSession.php(63): Illuminate\\Session\\Middleware\\StartSession->handleStatefulRequest(Object(Illuminate\\Http\\Request), Object(Illuminate\\Session\\Store), Object(Closure))
#32 /Users/huzai/Documents/GitHub/LR-ProjectManager/vendor/laravel/framework/src/Illuminate/Pipeline/Pipeline.php(219): Illuminate\\Session\\Middleware\\StartSession->handle(Object(Illuminate\\Http\\Request), Object(Closure))
#33 /Users/huzai/Documents/GitHub/LR-ProjectManager/vendor/laravel/framework/src/Illuminate/Cookie/Middleware/AddQueuedCookiesToResponse.php(36): Illuminate\\Pipeline\\Pipeline->{closure:{closure:Illuminate\\Pipeline\\Pipeline::carry():194}:195}(Object(Illuminate\\Http\\Request))
#34 /Users/huzai/Documents/GitHub/LR-ProjectManager/vendor/laravel/framework/src/Illuminate/Pipeline/Pipeline.php(219): Illuminate\\Cookie\\Middleware\\AddQueuedCookiesToResponse->handle(Object(Illuminate\\Http\\Request), Object(Closure))
#35 /Users/huzai/Documents/GitHub/LR-ProjectManager/vendor/laravel/framework/src/Illuminate/Cookie/Middleware/EncryptCookies.php(74): Illuminate\\Pipeline\\Pipeline->{closure:{closure:Illuminate\\Pipeline\\Pipeline::carry():194}:195}(Object(Illuminate\\Http\\Request))
#36 /Users/huzai/Documents/GitHub/LR-ProjectManager/vendor/laravel/framework/src/Illuminate/Pipeline/Pipeline.php(219): Illuminate\\Cookie\\Middleware\\EncryptCookies->handle(Object(Illuminate\\Http\\Request), Object(Closure))
#37 /Users/huzai/Documents/GitHub/LR-ProjectManager/vendor/laravel/framework/src/Illuminate/Pipeline/Pipeline.php(137): Illuminate\\Pipeline\\Pipeline->{closure:{closure:Illuminate\\Pipeline\\Pipeline::carry():194}:195}(Object(Illuminate\\Http\\Request))
#38 /Users/huzai/Documents/GitHub/LR-ProjectManager/vendor/laravel/framework/src/Illuminate/Routing/Router.php(821): Illuminate\\Pipeline\\Pipeline->then(Object(Closure))
#39 /Users/huzai/Documents/GitHub/LR-ProjectManager/vendor/laravel/framework/src/Illuminate/Routing/Router.php(800): Illuminate\\Routing\\Router->runRouteWithinStack(Object(Illuminate\\Routing\\Route), Object(Illuminate\\Http\\Request))
#40 /Users/huzai/Documents/GitHub/LR-ProjectManager/vendor/laravel/framework/src/Illuminate/Routing/Router.php(764): Illuminate\\Routing\\Router->runRoute(Object(Illuminate\\Http\\Request), Object(Illuminate\\Routing\\Route))
#41 /Users/huzai/Documents/GitHub/LR-ProjectManager/vendor/laravel/framework/src/Illuminate/Routing/Router.php(753): Illuminate\\Routing\\Router->dispatchToRoute(Object(Illuminate\\Http\\Request))
#42 /Users/huzai/Documents/GitHub/LR-ProjectManager/vendor/laravel/framework/src/Illuminate/Foundation/Http/Kernel.php(200): Illuminate\\Routing\\Router->dispatch(Object(Illuminate\\Http\\Request))
#43 /Users/huzai/Documents/GitHub/LR-ProjectManager/vendor/laravel/framework/src/Illuminate/Pipeline/Pipeline.php(180): Illuminate\\Foundation\\Http\\Kernel->{closure:Illuminate\\Foundation\\Http\\Kernel::dispatchToRouter():197}(Object(Illuminate\\Http\\Request))
#44 /Users/huzai/Documents/GitHub/LR-ProjectManager/vendor/inertiajs/inertia-laravel/src/Middleware/EnsureGetOnRedirect.php(19): Illuminate\\Pipeline\\Pipeline->{closure:Illuminate\\Pipeline\\Pipeline::prepareDestination():178}(Object(Illuminate\\Http\\Request))
#45 /Users/huzai/Documents/GitHub/LR-ProjectManager/vendor/laravel/framework/src/Illuminate/Pipeline/Pipeline.php(219): Inertia\\Middleware\\EnsureGetOnRedirect->handle(Object(Illuminate\\Http\\Request), Object(Closure))
#46 /Users/huzai/Documents/GitHub/LR-ProjectManager/vendor/laravel/framework/src/Illuminate/Foundation/Http/Middleware/TransformsRequest.php(21): Illuminate\\Pipeline\\Pipeline->{closure:{closure:Illuminate\\Pipeline\\Pipeline::carry():194}:195}(Object(Illuminate\\Http\\Request))
#47 /Users/huzai/Documents/GitHub/LR-ProjectManager/vendor/laravel/framework/src/Illuminate/Foundation/Http/Middleware/ConvertEmptyStringsToNull.php(31): Illuminate\\Foundation\\Http\\Middleware\\TransformsRequest->handle(Object(Illuminate\\Http\\Request), Object(Closure))
#48 /Users/huzai/Documents/GitHub/LR-ProjectManager/vendor/laravel/framework/src/Illuminate/Pipeline/Pipeline.php(219): Illuminate\\Foundation\\Http\\Middleware\\ConvertEmptyStringsToNull->handle(Object(Illuminate\\Http\\Request), Object(Closure))
#49 /Users/huzai/Documents/GitHub/LR-ProjectManager/vendor/laravel/framework/src/Illuminate/Foundation/Http/Middleware/TransformsRequest.php(21): Illuminate\\Pipeline\\Pipeline->{closure:{closure:Illuminate\\Pipeline\\Pipeline::carry():194}:195}(Object(Illuminate\\Http\\Request))
#50 /Users/huzai/Documents/GitHub/LR-ProjectManager/vendor/laravel/framework/src/Illuminate/Foundation/Http/Middleware/TrimStrings.php(51): Illuminate\\Foundation\\Http\\Middleware\\TransformsRequest->handle(Object(Illuminate\\Http\\Request), Object(Closure))
#51 /Users/huzai/Documents/GitHub/LR-ProjectManager/vendor/laravel/framework/src/Illuminate/Pipeline/Pipeline.php(219): Illuminate\\Foundation\\Http\\Middleware\\TrimStrings->handle(Object(Illuminate\\Http\\Request), Object(Closure))
#52 /Users/huzai/Documents/GitHub/LR-ProjectManager/vendor/laravel/framework/src/Illuminate/Http/Middleware/ValidatePostSize.php(27): Illuminate\\Pipeline\\Pipeline->{closure:{closure:Illuminate\\Pipeline\\Pipeline::carry():194}:195}(Object(Illuminate\\Http\\Request))
#53 /Users/huzai/Documents/GitHub/LR-ProjectManager/vendor/laravel/framework/src/Illuminate/Pipeline/Pipeline.php(219): Illuminate\\Http\\Middleware\\ValidatePostSize->handle(Object(Illuminate\\Http\\Request), Object(Closure))
#54 /Users/huzai/Documents/GitHub/LR-ProjectManager/vendor/laravel/framework/src/Illuminate/Foundation/Http/Middleware/PreventRequestsDuringMaintenance.php(109): Illuminate\\Pipeline\\Pipeline->{closure:{closure:Illuminate\\Pipeline\\Pipeline::carry():194}:195}(Object(Illuminate\\Http\\Request))
#55 /Users/huzai/Documents/GitHub/LR-ProjectManager/vendor/laravel/framework/src/Illuminate/Pipeline/Pipeline.php(219): Illuminate\\Foundation\\Http\\Middleware\\PreventRequestsDuringMaintenance->handle(Object(Illuminate\\Http\\Request), Object(Closure))
#56 /Users/huzai/Documents/GitHub/LR-ProjectManager/vendor/laravel/framework/src/Illuminate/Http/Middleware/HandleCors.php(61): Illuminate\\Pipeline\\Pipeline->{closure:{closure:Illuminate\\Pipeline\\Pipeline::carry():194}:195}(Object(Illuminate\\Http\\Request))
#57 /Users/huzai/Documents/GitHub/LR-ProjectManager/vendor/laravel/framework/src/Illuminate/Pipeline/Pipeline.php(219): Illuminate\\Http\\Middleware\\HandleCors->handle(Object(Illuminate\\Http\\Request), Object(Closure))
#58 /Users/huzai/Documents/GitHub/LR-ProjectManager/vendor/laravel/framework/src/Illuminate/Http/Middleware/TrustProxies.php(58): Illuminate\\Pipeline\\Pipeline->{closure:{closure:Illuminate\\Pipeline\\Pipeline::carry():194}:195}(Object(Illuminate\\Http\\Request))
#59 /Users/huzai/Documents/GitHub/LR-ProjectManager/vendor/laravel/framework/src/Illuminate/Pipeline/Pipeline.php(219): Illuminate\\Http\\Middleware\\TrustProxies->handle(Object(Illuminate\\Http\\Request), Object(Closure))
#60 /Users/huzai/Documents/GitHub/LR-ProjectManager/vendor/laravel/framework/src/Illuminate/Foundation/Http/Middleware/InvokeDeferredCallbacks.php(22): Illuminate\\Pipeline\\Pipeline->{closure:{closure:Illuminate\\Pipeline\\Pipeline::carry():194}:195}(Object(Illuminate\\Http\\Request))
#61 /Users/huzai/Documents/GitHub/LR-ProjectManager/vendor/laravel/framework/src/Illuminate/Pipeline/Pipeline.php(219): Illuminate\\Foundation\\Http\\Middleware\\InvokeDeferredCallbacks->handle(Object(Illuminate\\Http\\Request), Object(Closure))
#62 /Users/huzai/Documents/GitHub/LR-ProjectManager/vendor/laravel/framework/src/Illuminate/Http/Middleware/ValidatePathEncoding.php(28): Illuminate\\Pipeline\\Pipeline->{closure:{closure:Illuminate\\Pipeline\\Pipeline::carry():194}:195}(Object(Illuminate\\Http\\Request))
#63 /Users/huzai/Documents/GitHub/LR-ProjectManager/vendor/laravel/framework/src/Illuminate/Pipeline/Pipeline.php(219): Illuminate\\Http\\Middleware\\ValidatePathEncoding->handle(Object(Illuminate\\Http\\Request), Object(Closure))
#64 /Users/huzai/Documents/GitHub/LR-ProjectManager/vendor/laravel/framework/src/Illuminate/Pipeline/Pipeline.php(137): Illuminate\\Pipeline\\Pipeline->{closure:{closure:Illuminate\\Pipeline\\Pipeline::carry():194}:195}(Object(Illuminate\\Http\\Request))
#65 /Users/huzai/Documents/GitHub/LR-ProjectManager/vendor/laravel/framework/src/Illuminate/Foundation/Http/Kernel.php(175): Illuminate\\Pipeline\\Pipeline->then(Object(Closure))
#66 /Users/huzai/Documents/GitHub/LR-ProjectManager/vendor/laravel/framework/src/Illuminate/Foundation/Http/Kernel.php(144): Illuminate\\Foundation\\Http\\Kernel->sendRequestThroughRouter(Object(Illuminate\\Http\\Request))
#67 /Users/huzai/Documents/GitHub/LR-ProjectManager/vendor/laravel/framework/src/Illuminate/Foundation/Testing/Concerns/MakesHttpRequests.php(607): Illuminate\\Foundation\\Http\\Kernel->handle(Object(Illuminate\\Http\\Request))
#68 /Users/huzai/Documents/GitHub/LR-ProjectManager/vendor/laravel/framework/src/Illuminate/Foundation/Testing/Concerns/MakesHttpRequests.php(368): Illuminate\\Foundation\\Testing\\TestCase->call('GET', 'http://127.0.0....', Array, Array, Array, Array)
#69 /Users/huzai/Documents/GitHub/LR-ProjectManager/tests/Feature/Auth/TwoFactorChallengeTest.php(49): Illuminate\\Foundation\\Testing\\TestCase->get('http://127.0.0....')
#70 /Users/huzai/Documents/GitHub/LR-ProjectManager/vendor/phpunit/phpunit/src/Framework/TestCase.php(1314): Tests\\Feature\\Auth\\TwoFactorChallengeTest->test_two_factor_challenge_can_be_rendered()
#71 /Users/huzai/Documents/GitHub/LR-ProjectManager/vendor/phpunit/phpunit/src/Framework/TestCase.php(1351): PHPUnit\\Framework\\TestCase->invokeTestMethod('test_two_factor...', Array)
#72 /Users/huzai/Documents/GitHub/LR-ProjectManager/vendor/phpunit/phpunit/src/Framework/TestCase.php(521): PHPUnit\\Framework\\TestCase->runTest()
#73 /Users/huzai/Documents/GitHub/LR-ProjectManager/vendor/phpunit/phpunit/src/Framework/TestRunner/TestRunner.php(99): PHPUnit\\Framework\\TestCase->runBare()
#74 /Users/huzai/Documents/GitHub/LR-ProjectManager/vendor/phpunit/phpunit/src/Framework/TestCase.php(361): PHPUnit\\Framework\\TestRunner->run(Object(Tests\\Feature\\Auth\\TwoFactorChallengeTest))
#75 /Users/huzai/Documents/GitHub/LR-ProjectManager/vendor/phpunit/phpunit/src/Framework/TestSuite.php(374): PHPUnit\\Framework\\TestCase->run()
#76 /Users/huzai/Documents/GitHub/LR-ProjectManager/vendor/phpunit/phpunit/src/Framework/TestSuite.php(374): PHPUnit\\Framework\\TestSuite->run()
#77 /Users/huzai/Documents/GitHub/LR-ProjectManager/vendor/phpunit/phpunit/src/Framework/TestSuite.php(374): PHPUnit\\Framework\\TestSuite->run()
#78 /Users/huzai/Documents/GitHub/LR-ProjectManager/vendor/phpunit/phpunit/src/TextUI/TestRunner.php(64): PHPUnit\\Framework\\TestSuite->run()
#79 /Users/huzai/Documents/GitHub/LR-ProjectManager/vendor/phpunit/phpunit/src/TextUI/Application.php(229): PHPUnit\\TextUI\\TestRunner->run(Object(PHPUnit\\TextUI\\Configuration\\Configuration), Object(PHPUnit\\Runner\\ResultCache\\DefaultResultCache), Object(PHPUnit\\Framework\\TestSuite))
#80 /Users/huzai/Documents/GitHub/LR-ProjectManager/vendor/phpunit/phpunit/phpunit(104): PHPUnit\\TextUI\\Application->run(Array)
#81 {main}

[previous exception] [object] (Illuminate\\Foundation\\ViteManifestNotFoundException(code: 0): Vite manifest not found at: /Users/huzai/Documents/GitHub/LR-ProjectManager/public/build/manifest.json at /Users/huzai/Documents/GitHub/LR-ProjectManager/vendor/laravel/framework/src/Illuminate/Foundation/Vite.php:960)
[stacktrace]
#0 /Users/huzai/Documents/GitHub/LR-ProjectManager/vendor/laravel/framework/src/Illuminate/Foundation/Vite.php(398): Illuminate\\Foundation\\Vite->manifest('build')
#1 /Users/huzai/Documents/GitHub/LR-ProjectManager/storage/framework/views/cc980059043f8a994bd2e0d5afbf0963.php(40): Illuminate\\Foundation\\Vite->__invoke(Object(Illuminate\\Support\\Collection))
#2 /Users/huzai/Documents/GitHub/LR-ProjectManager/vendor/laravel/framework/src/Illuminate/Filesystem/Filesystem.php(123): require('/Users/huzai/Do...')
#3 /Users/huzai/Documents/GitHub/LR-ProjectManager/vendor/laravel/framework/src/Illuminate/Filesystem/Filesystem.php(124): Illuminate\\Filesystem\\Filesystem::{closure:Illuminate\\Filesystem\\Filesystem::getRequire():120}()
#4 /Users/huzai/Documents/GitHub/LR-ProjectManager/vendor/laravel/framework/src/Illuminate/View/Engines/PhpEngine.php(57): Illuminate\\Filesystem\\Filesystem->getRequire('/Users/huzai/Do...', Array)
#5 /Users/huzai/Documents/GitHub/LR-ProjectManager/vendor/laravel/framework/src/Illuminate/View/Engines/CompilerEngine.php(76): Illuminate\\View\\Engines\\PhpEngine->evaluatePath('/Users/huzai/Do...', Array)
#6 /Users/huzai/Documents/GitHub/LR-ProjectManager/vendor/laravel/framework/src/Illuminate/View/View.php(208): Illuminate\\View\\Engines\\CompilerEngine->get('/Users/huzai/Do...', Array)
#7 /Users/huzai/Documents/GitHub/LR-ProjectManager/vendor/laravel/framework/src/Illuminate/View/View.php(191): Illuminate\\View\\View->getContents()
#8 /Users/huzai/Documents/GitHub/LR-ProjectManager/vendor/laravel/framework/src/Illuminate/View/View.php(160): Illuminate\\View\\View->renderContents()
#9 /Users/huzai/Documents/GitHub/LR-ProjectManager/vendor/laravel/framework/src/Illuminate/Http/Response.php(78): Illuminate\\View\\View->render()
#10 /Users/huzai/Documents/GitHub/LR-ProjectManager/vendor/laravel/framework/src/Illuminate/Http/Response.php(34): Illuminate\\Http\\Response->setContent(Object(Illuminate\\View\\View))
#11 /Users/huzai/Documents/GitHub/LR-ProjectManager/vendor/laravel/framework/src/Illuminate/Routing/ResponseFactory.php(61): Illuminate\\Http\\Response->__construct(Object(Illuminate\\View\\View), 200, Array)
#12 /Users/huzai/Documents/GitHub/LR-ProjectManager/vendor/laravel/framework/src/Illuminate/Routing/ResponseFactory.php(91): Illuminate\\Routing\\ResponseFactory->make(Object(Illuminate\\View\\View), 200, Array)
#13 /Users/huzai/Documents/GitHub/LR-ProjectManager/vendor/laravel/framework/src/Illuminate/Support/Facades/Facade.php(363): Illuminate\\Routing\\ResponseFactory->view('app', Array)
#14 /Users/huzai/Documents/GitHub/LR-ProjectManager/vendor/inertiajs/inertia-laravel/src/Response.php(211): Illuminate\\Support\\Facades\\Facade::__callStatic('view', Array)
#15 /Users/huzai/Documents/GitHub/LR-ProjectManager/vendor/laravel/fortify/src/Http/Responses/SimpleViewResponse.php(56): Inertia\\Response->toResponse(Object(Illuminate\\Http\\Request))
#16 /Users/huzai/Documents/GitHub/LR-ProjectManager/vendor/laravel/framework/src/Illuminate/Routing/Router.php(921): Laravel\\Fortify\\Http\\Responses\\SimpleViewResponse->toResponse(Object(Illuminate\\Http\\Request))
#17 /Users/huzai/Documents/GitHub/LR-ProjectManager/vendor/laravel/framework/src/Illuminate/Routing/Router.php(906): Illuminate\\Routing\\Router::toResponse(Object(Illuminate\\Http\\Request), Object(Laravel\\Fortify\\Http\\Responses\\SimpleViewResponse))
#18 /Users/huzai/Documents/GitHub/LR-ProjectManager/vendor/laravel/framework/src/Illuminate/Routing/Router.php(821): Illuminate\\Routing\\Router->prepareResponse(Object(Illuminate\\Http\\Request), Object(Laravel\\Fortify\\Http\\Responses\\SimpleViewResponse))
#19 /Users/huzai/Documents/GitHub/LR-ProjectManager/vendor/laravel/framework/src/Illuminate/Pipeline/Pipeline.php(180): Illuminate\\Routing\\Router->{closure:Illuminate\\Routing\\Router::runRouteWithinStack():821}(Object(Illuminate\\Http\\Request))
#20 /Users/huzai/Documents/GitHub/LR-ProjectManager/vendor/laravel/framework/src/Illuminate/Auth/Middleware/RedirectIfAuthenticated.php(47): Illuminate\\Pipeline\\Pipeline->{closure:Illuminate\\Pipeline\\Pipeline::prepareDestination():178}(Object(Illuminate\\Http\\Request))
#21 /Users/huzai/Documents/GitHub/LR-ProjectManager/vendor/laravel/framework/src/Illuminate/Pipeline/Pipeline.php(219): Illuminate\\Auth\\Middleware\\RedirectIfAuthenticated->handle(Object(Illuminate\\Http\\Request), Object(Closure), 'web')
#22 /Users/huzai/Documents/GitHub/LR-ProjectManager/vendor/laravel/framework/src/Illuminate/Http/Middleware/AddLinkHeadersForPreloadedAssets.php(32): Illuminate\\Pipeline\\Pipeline->{closure:{closure:Illuminate\\Pipeline\\Pipeline::carry():194}:195}(Object(Illuminate\\Http\\Request))
#23 /Users/huzai/Documents/GitHub/LR-ProjectManager/vendor/laravel/framework/src/Illuminate/Pipeline/Pipeline.php(219): Illuminate\\Http\\Middleware\\AddLinkHeadersForPreloadedAssets->handle(Object(Illuminate\\Http\\Request), Object(Closure))
#24 /Users/huzai/Documents/GitHub/LR-ProjectManager/vendor/inertiajs/inertia-laravel/src/Middleware.php(138): Illuminate\\Pipeline\\Pipeline->{closure:{closure:Illuminate\\Pipeline\\Pipeline::carry():194}:195}(Object(Illuminate\\Http\\Request))
#25 /Users/huzai/Documents/GitHub/LR-ProjectManager/vendor/laravel/framework/src/Illuminate/Pipeline/Pipeline.php(219): Inertia\\Middleware->handle(Object(Illuminate\\Http\\Request), Object(Closure))
#26 /Users/huzai/Documents/GitHub/LR-ProjectManager/app/Http/Middleware/HandleAppearance.php(21): Illuminate\\Pipeline\\Pipeline->{closure:{closure:Illuminate\\Pipeline\\Pipeline::carry():194}:195}(Object(Illuminate\\Http\\Request))
#27 /Users/huzai/Documents/GitHub/LR-ProjectManager/vendor/laravel/framework/src/Illuminate/Pipeline/Pipeline.php(219): App\\Http\\Middleware\\HandleAppearance->handle(Object(Illuminate\\Http\\Request), Object(Closure))
#28 /Users/huzai/Documents/GitHub/LR-ProjectManager/vendor/laravel/framework/src/Illuminate/Routing/Middleware/SubstituteBindings.php(52): Illuminate\\Pipeline\\Pipeline->{closure:{closure:Illuminate\\Pipeline\\Pipeline::carry():194}:195}(Object(Illuminate\\Http\\Request))
#29 /Users/huzai/Documents/GitHub/LR-ProjectManager/vendor/laravel/framework/src/Illuminate/Pipeline/Pipeline.php(219): Illuminate\\Routing\\Middleware\\SubstituteBindings->handle(Object(Illuminate\\Http\\Request), Object(Closure))
#30 /Users/huzai/Documents/GitHub/LR-ProjectManager/vendor/laravel/framework/src/Illuminate/Foundation/Http/Middleware/PreventRequestForgery.php(104): Illuminate\\Pipeline\\Pipeline->{closure:{closure:Illuminate\\Pipeline\\Pipeline::carry():194}:195}(Object(Illuminate\\Http\\Request))
#31 /Users/huzai/Documents/GitHub/LR-ProjectManager/vendor/laravel/framework/src/Illuminate/Pipeline/Pipeline.php(219): Illuminate\\Foundation\\Http\\Middleware\\PreventRequestForgery->handle(Object(Illuminate\\Http\\Request), Object(Closure))
#32 /Users/huzai/Documents/GitHub/LR-ProjectManager/vendor/laravel/framework/src/Illuminate/View/Middleware/ShareErrorsFromSession.php(48): Illuminate\\Pipeline\\Pipeline->{closure:{closure:Illuminate\\Pipeline\\Pipeline::carry():194}:195}(Object(Illuminate\\Http\\Request))
#33 /Users/huzai/Documents/GitHub/LR-ProjectManager/vendor/laravel/framework/src/Illuminate/Pipeline/Pipeline.php(219): Illuminate\\View\\Middleware\\ShareErrorsFromSession->handle(Object(Illuminate\\Http\\Request), Object(Closure))
#34 /Users/huzai/Documents/GitHub/LR-ProjectManager/vendor/laravel/framework/src/Illuminate/Session/Middleware/StartSession.php(120): Illuminate\\Pipeline\\Pipeline->{closure:{closure:Illuminate\\Pipeline\\Pipeline::carry():194}:195}(Object(Illuminate\\Http\\Request))
#35 /Users/huzai/Documents/GitHub/LR-ProjectManager/vendor/laravel/framework/src/Illuminate/Session/Middleware/StartSession.php(63): Illuminate\\Session\\Middleware\\StartSession->handleStatefulRequest(Object(Illuminate\\Http\\Request), Object(Illuminate\\Session\\Store), Object(Closure))
#36 /Users/huzai/Documents/GitHub/LR-ProjectManager/vendor/laravel/framework/src/Illuminate/Pipeline/Pipeline.php(219): Illuminate\\Session\\Middleware\\StartSession->handle(Object(Illuminate\\Http\\Request), Object(Closure))
#37 /Users/huzai/Documents/GitHub/LR-ProjectManager/vendor/laravel/framework/src/Illuminate/Cookie/Middleware/AddQueuedCookiesToResponse.php(36): Illuminate\\Pipeline\\Pipeline->{closure:{closure:Illuminate\\Pipeline\\Pipeline::carry():194}:195}(Object(Illuminate\\Http\\Request))
#38 /Users/huzai/Documents/GitHub/LR-ProjectManager/vendor/laravel/framework/src/Illuminate/Pipeline/Pipeline.php(219): Illuminate\\Cookie\\Middleware\\AddQueuedCookiesToResponse->handle(Object(Illuminate\\Http\\Request), Object(Closure))
#39 /Users/huzai/Documents/GitHub/LR-ProjectManager/vendor/laravel/framework/src/Illuminate/Cookie/Middleware/EncryptCookies.php(74): Illuminate\\Pipeline\\Pipeline->{closure:{closure:Illuminate\\Pipeline\\Pipeline::carry():194}:195}(Object(Illuminate\\Http\\Request))
#40 /Users/huzai/Documents/GitHub/LR-ProjectManager/vendor/laravel/framework/src/Illuminate/Pipeline/Pipeline.php(219): Illuminate\\Cookie\\Middleware\\EncryptCookies->handle(Object(Illuminate\\Http\\Request), Object(Closure))
#41 /Users/huzai/Documents/GitHub/LR-ProjectManager/vendor/laravel/framework/src/Illuminate/Pipeline/Pipeline.php(137): Illuminate\\Pipeline\\Pipeline->{closure:{closure:Illuminate\\Pipeline\\Pipeline::carry():194}:195}(Object(Illuminate\\Http\\Request))
#42 /Users/huzai/Documents/GitHub/LR-ProjectManager/vendor/laravel/framework/src/Illuminate/Routing/Router.php(821): Illuminate\\Pipeline\\Pipeline->then(Object(Closure))
#43 /Users/huzai/Documents/GitHub/LR-ProjectManager/vendor/laravel/framework/src/Illuminate/Routing/Router.php(800): Illuminate\\Routing\\Router->runRouteWithinStack(Object(Illuminate\\Routing\\Route), Object(Illuminate\\Http\\Request))
#44 /Users/huzai/Documents/GitHub/LR-ProjectManager/vendor/laravel/framework/src/Illuminate/Routing/Router.php(764): Illuminate\\Routing\\Router->runRoute(Object(Illuminate\\Http\\Request), Object(Illuminate\\Routing\\Route))
#45 /Users/huzai/Documents/GitHub/LR-ProjectManager/vendor/laravel/framework/src/Illuminate/Routing/Router.php(753): Illuminate\\Routing\\Router->dispatchToRoute(Object(Illuminate\\Http\\Request))
#46 /Users/huzai/Documents/GitHub/LR-ProjectManager/vendor/laravel/framework/src/Illuminate/Foundation/Http/Kernel.php(200): Illuminate\\Routing\\Router->dispatch(Object(Illuminate\\Http\\Request))
#47 /Users/huzai/Documents/GitHub/LR-ProjectManager/vendor/laravel/framework/src/Illuminate/Pipeline/Pipeline.php(180): Illuminate\\Foundation\\Http\\Kernel->{closure:Illuminate\\Foundation\\Http\\Kernel::dispatchToRouter():197}(Object(Illuminate\\Http\\Request))
#48 /Users/huzai/Documents/GitHub/LR-ProjectManager/vendor/inertiajs/inertia-laravel/src/Middleware/EnsureGetOnRedirect.php(19): Illuminate\\Pipeline\\Pipeline->{closure:Illuminate\\Pipeline\\Pipeline::prepareDestination():178}(Object(Illuminate\\Http\\Request))
#49 /Users/huzai/Documents/GitHub/LR-ProjectManager/vendor/laravel/framework/src/Illuminate/Pipeline/Pipeline.php(219): Inertia\\Middleware\\EnsureGetOnRedirect->handle(Object(Illuminate\\Http\\Request), Object(Closure))
#50 /Users/huzai/Documents/GitHub/LR-ProjectManager/vendor/laravel/framework/src/Illuminate/Foundation/Http/Middleware/TransformsRequest.php(21): Illuminate\\Pipeline\\Pipeline->{closure:{closure:Illuminate\\Pipeline\\Pipeline::carry():194}:195}(Object(Illuminate\\Http\\Request))
#51 /Users/huzai/Documents/GitHub/LR-ProjectManager/vendor/laravel/framework/src/Illuminate/Foundation/Http/Middleware/ConvertEmptyStringsToNull.php(31): Illuminate\\Foundation\\Http\\Middleware\\TransformsRequest->handle(Object(Illuminate\\Http\\Request), Object(Closure))
#52 /Users/huzai/Documents/GitHub/LR-ProjectManager/vendor/laravel/framework/src/Illuminate/Pipeline/Pipeline.php(219): Illuminate\\Foundation\\Http\\Middleware\\ConvertEmptyStringsToNull->handle(Object(Illuminate\\Http\\Request), Object(Closure))
#53 /Users/huzai/Documents/GitHub/LR-ProjectManager/vendor/laravel/framework/src/Illuminate/Foundation/Http/Middleware/TransformsRequest.php(21): Illuminate\\Pipeline\\Pipeline->{closure:{closure:Illuminate\\Pipeline\\Pipeline::carry():194}:195}(Object(Illuminate\\Http\\Request))
#54 /Users/huzai/Documents/GitHub/LR-ProjectManager/vendor/laravel/framework/src/Illuminate/Foundation/Http/Middleware/TrimStrings.php(51): Illuminate\\Foundation\\Http\\Middleware\\TransformsRequest->handle(Object(Illuminate\\Http\\Request), Object(Closure))
#55 /Users/huzai/Documents/GitHub/LR-ProjectManager/vendor/laravel/framework/src/Illuminate/Pipeline/Pipeline.php(219): Illuminate\\Foundation\\Http\\Middleware\\TrimStrings->handle(Object(Illuminate\\Http\\Request), Object(Closure))
#56 /Users/huzai/Documents/GitHub/LR-ProjectManager/vendor/laravel/framework/src/Illuminate/Http/Middleware/ValidatePostSize.php(27): Illuminate\\Pipeline\\Pipeline->{closure:{closure:Illuminate\\Pipeline\\Pipeline::carry():194}:195}(Object(Illuminate\\Http\\Request))
#57 /Users/huzai/Documents/GitHub/LR-ProjectManager/vendor/laravel/framework/src/Illuminate/Pipeline/Pipeline.php(219): Illuminate\\Http\\Middleware\\ValidatePostSize->handle(Object(Illuminate\\Http\\Request), Object(Closure))
#58 /Users/huzai/Documents/GitHub/LR-ProjectManager/vendor/laravel/framework/src/Illuminate/Foundation/Http/Middleware/PreventRequestsDuringMaintenance.php(109): Illuminate\\Pipeline\\Pipeline->{closure:{closure:Illuminate\\Pipeline\\Pipeline::carry():194}:195}(Object(Illuminate\\Http\\Request))
#59 /Users/huzai/Documents/GitHub/LR-ProjectManager/vendor/laravel/framework/src/Illuminate/Pipeline/Pipeline.php(219): Illuminate\\Foundation\\Http\\Middleware\\PreventRequestsDuringMaintenance->handle(Object(Illuminate\\Http\\Request), Object(Closure))
#60 /Users/huzai/Documents/GitHub/LR-ProjectManager/vendor/laravel/framework/src/Illuminate/Http/Middleware/HandleCors.php(61): Illuminate\\Pipeline\\Pipeline->{closure:{closure:Illuminate\\Pipeline\\Pipeline::carry():194}:195}(Object(Illuminate\\Http\\Request))
#61 /Users/huzai/Documents/GitHub/LR-ProjectManager/vendor/laravel/framework/src/Illuminate/Pipeline/Pipeline.php(219): Illuminate\\Http\\Middleware\\HandleCors->handle(Object(Illuminate\\Http\\Request), Object(Closure))
#62 /Users/huzai/Documents/GitHub/LR-ProjectManager/vendor/laravel/framework/src/Illuminate/Http/Middleware/TrustProxies.php(58): Illuminate\\Pipeline\\Pipeline->{closure:{closure:Illuminate\\Pipeline\\Pipeline::carry():194}:195}(Object(Illuminate\\Http\\Request))
#63 /Users/huzai/Documents/GitHub/LR-ProjectManager/vendor/laravel/framework/src/Illuminate/Pipeline/Pipeline.php(219): Illuminate\\Http\\Middleware\\TrustProxies->handle(Object(Illuminate\\Http\\Request), Object(Closure))
#64 /Users/huzai/Documents/GitHub/LR-ProjectManager/vendor/laravel/framework/src/Illuminate/Foundation/Http/Middleware/InvokeDeferredCallbacks.php(22): Illuminate\\Pipeline\\Pipeline->{closure:{closure:Illuminate\\Pipeline\\Pipeline::carry():194}:195}(Object(Illuminate\\Http\\Request))
#65 /Users/huzai/Documents/GitHub/LR-ProjectManager/vendor/laravel/framework/src/Illuminate/Pipeline/Pipeline.php(219): Illuminate\\Foundation\\Http\\Middleware\\InvokeDeferredCallbacks->handle(Object(Illuminate\\Http\\Request), Object(Closure))
#66 /Users/huzai/Documents/GitHub/LR-ProjectManager/vendor/laravel/framework/src/Illuminate/Http/Middleware/ValidatePathEncoding.php(28): Illuminate\\Pipeline\\Pipeline->{closure:{closure:Illuminate\\Pipeline\\Pipeline::carry():194}:195}(Object(Illuminate\\Http\\Request))
#67 /Users/huzai/Documents/GitHub/LR-ProjectManager/vendor/laravel/framework/src/Illuminate/Pipeline/Pipeline.php(219): Illuminate\\Http\\Middleware\\ValidatePathEncoding->handle(Object(Illuminate\\Http\\Request), Object(Closure))
#68 /Users/huzai/Documents/GitHub/LR-ProjectManager/vendor/laravel/framework/src/Illuminate/Pipeline/Pipeline.php(137): Illuminate\\Pipeline\\Pipeline->{closure:{closure:Illuminate\\Pipeline\\Pipeline::carry():194}:195}(Object(Illuminate\\Http\\Request))
#69 /Users/huzai/Documents/GitHub/LR-ProjectManager/vendor/laravel/framework/src/Illuminate/Foundation/Http/Kernel.php(175): Illuminate\\Pipeline\\Pipeline->then(Object(Closure))
#70 /Users/huzai/Documents/GitHub/LR-ProjectManager/vendor/laravel/framework/src/Illuminate/Foundation/Http/Kernel.php(144): Illuminate\\Foundation\\Http\\Kernel->sendRequestThroughRouter(Object(Illuminate\\Http\\Request))
#71 /Users/huzai/Documents/GitHub/LR-ProjectManager/vendor/laravel/framework/src/Illuminate/Foundation/Testing/Concerns/MakesHttpRequests.php(607): Illuminate\\Foundation\\Http\\Kernel->handle(Object(Illuminate\\Http\\Request))
#72 /Users/huzai/Documents/GitHub/LR-ProjectManager/vendor/laravel/framework/src/Illuminate/Foundation/Testing/Concerns/MakesHttpRequests.php(368): Illuminate\\Foundation\\Testing\\TestCase->call('GET', 'http://127.0.0....', Array, Array, Array, Array)
#73 /Users/huzai/Documents/GitHub/LR-ProjectManager/tests/Feature/Auth/TwoFactorChallengeTest.php(49): Illuminate\\Foundation\\Testing\\TestCase->get('http://127.0.0....')
#74 /Users/huzai/Documents/GitHub/LR-ProjectManager/vendor/phpunit/phpunit/src/Framework/TestCase.php(1314): Tests\\Feature\\Auth\\TwoFactorChallengeTest->test_two_factor_challenge_can_be_rendered()
#75 /Users/huzai/Documents/GitHub/LR-ProjectManager/vendor/phpunit/phpunit/src/Framework/TestCase.php(1351): PHPUnit\\Framework\\TestCase->invokeTestMethod('test_two_factor...', Array)
#76 /Users/huzai/Documents/GitHub/LR-ProjectManager/vendor/phpunit/phpunit/src/Framework/TestCase.php(521): PHPUnit\\Framework\\TestCase->runTest()
#77 /Users/huzai/Documents/GitHub/LR-ProjectManager/vendor/phpunit/phpunit/src/Framework/TestRunner/TestRunner.php(99): PHPUnit\\Framework\\TestCase->runBare()
#78 /Users/huzai/Documents/GitHub/LR-ProjectManager/vendor/phpunit/phpunit/src/Framework/TestCase.php(361): PHPUnit\\Framework\\TestRunner->run(Object(Tests\\Feature\\Auth\\TwoFactorChallengeTest))
#79 /Users/huzai/Documents/GitHub/LR-ProjectManager/vendor/phpunit/phpunit/src/Framework/TestSuite.php(374): PHPUnit\\Framework\\TestCase->run()
#80 /Users/huzai/Documents/GitHub/LR-ProjectManager/vendor/phpunit/phpunit/src/Framework/TestSuite.php(374): PHPUnit\\Framework\\TestSuite->run()
#81 /Users/huzai/Documents/GitHub/LR-ProjectManager/vendor/phpunit/phpunit/src/Framework/TestSuite.php(374): PHPUnit\\Framework\\TestSuite->run()
#82 /Users/huzai/Documents/GitHub/LR-ProjectManager/vendor/phpunit/phpunit/src/TextUI/TestRunner.php(64): PHPUnit\\Framework\\TestSuite->run()
#83 /Users/huzai/Documents/GitHub/LR-ProjectManager/vendor/phpunit/phpunit/src/TextUI/Application.php(229): PHPUnit\\TextUI\\TestRunner->run(Object(PHPUnit\\TextUI\\Configuration\\Configuration), Object(PHPUnit\\Runner\\ResultCache\\DefaultResultCache), Object(PHPUnit\\Framework\\TestSuite))
#84 /Users/huzai/Documents/GitHub/LR-ProjectManager/vendor/phpunit/phpunit/phpunit(104): PHPUnit\\TextUI\\Application->run(Array)
#85 {main}
"} 
[2026-05-31 12:40:51] testing.ERROR: Vite manifest not found at: /Users/huzai/Documents/GitHub/LR-ProjectManager/public/build/manifest.json (View: /Users/huzai/Documents/GitHub/LR-ProjectManager/resources/views/app.blade.php) {"userId":1,"exception":"[object] (Illuminate\\View\\ViewException(code: 0): Vite manifest not found at: /Users/huzai/Documents/GitHub/LR-ProjectManager/public/build/manifest.json (View: /Users/huzai/Documents/GitHub/LR-ProjectManager/resources/views/app.blade.php) at /Users/huzai/Documents/GitHub/LR-ProjectManager/vendor/laravel/framework/src/Illuminate/Foundation/Vite.php:960)
[stacktrace]
#0 /Users/huzai/Documents/GitHub/LR-ProjectManager/vendor/laravel/framework/src/Illuminate/View/Engines/PhpEngine.php(59): Illuminate\\View\\Engines\\CompilerEngine->handleViewException(Object(Illuminate\\Foundation\\ViteManifestNotFoundException), 1)
#1 /Users/huzai/Documents/GitHub/LR-ProjectManager/vendor/laravel/framework/src/Illuminate/View/Engines/CompilerEngine.php(76): Illuminate\\View\\Engines\\PhpEngine->evaluatePath('/Users/huzai/Do...', Array)
#2 /Users/huzai/Documents/GitHub/LR-ProjectManager/vendor/laravel/framework/src/Illuminate/View/View.php(208): Illuminate\\View\\Engines\\CompilerEngine->get('/Users/huzai/Do...', Array)
#3 /Users/huzai/Documents/GitHub/LR-ProjectManager/vendor/laravel/framework/src/Illuminate/View/View.php(191): Illuminate\\View\\View->getContents()
#4 /Users/huzai/Documents/GitHub/LR-ProjectManager/vendor/laravel/framework/src/Illuminate/View/View.php(160): Illuminate\\View\\View->renderContents()
#5 /Users/huzai/Documents/GitHub/LR-ProjectManager/vendor/laravel/framework/src/Illuminate/Http/Response.php(78): Illuminate\\View\\View->render()
#6 /Users/huzai/Documents/GitHub/LR-ProjectManager/vendor/laravel/framework/src/Illuminate/Http/Response.php(34): Illuminate\\Http\\Response->setContent(Object(Illuminate\\View\\View))
#7 /Users/huzai/Documents/GitHub/LR-ProjectManager/vendor/laravel/framework/src/Illuminate/Routing/ResponseFactory.php(61): Illuminate\\Http\\Response->__construct(Object(Illuminate\\View\\View), 200, Array)
#8 /Users/huzai/Documents/GitHub/LR-ProjectManager/vendor/laravel/framework/src/Illuminate/Routing/ResponseFactory.php(91): Illuminate\\Routing\\ResponseFactory->make(Object(Illuminate\\View\\View), 200, Array)
#9 /Users/huzai/Documents/GitHub/LR-ProjectManager/vendor/laravel/framework/src/Illuminate/Support/Facades/Facade.php(363): Illuminate\\Routing\\ResponseFactory->view('app', Array)
#10 /Users/huzai/Documents/GitHub/LR-ProjectManager/vendor/inertiajs/inertia-laravel/src/Response.php(211): Illuminate\\Support\\Facades\\Facade::__callStatic('view', Array)
#11 /Users/huzai/Documents/GitHub/LR-ProjectManager/vendor/laravel/framework/src/Illuminate/Routing/Router.php(921): Inertia\\Response->toResponse(Object(Illuminate\\Http\\Request))
#12 /Users/huzai/Documents/GitHub/LR-ProjectManager/vendor/laravel/framework/src/Illuminate/Routing/Router.php(906): Illuminate\\Routing\\Router::toResponse(Object(Illuminate\\Http\\Request), Object(Inertia\\Response))
#13 /Users/huzai/Documents/GitHub/LR-ProjectManager/vendor/laravel/framework/src/Illuminate/Routing/Router.php(821): Illuminate\\Routing\\Router->prepareResponse(Object(Illuminate\\Http\\Request), Object(Inertia\\Response))
#14 /Users/huzai/Documents/GitHub/LR-ProjectManager/vendor/laravel/framework/src/Illuminate/Pipeline/Pipeline.php(180): Illuminate\\Routing\\Router->{closure:Illuminate\\Routing\\Router::runRouteWithinStack():821}(Object(Illuminate\\Http\\Request))
#15 /Users/huzai/Documents/GitHub/LR-ProjectManager/vendor/laravel/framework/src/Illuminate/Auth/Middleware/EnsureEmailIsVerified.php(41): Illuminate\\Pipeline\\Pipeline->{closure:Illuminate\\Pipeline\\Pipeline::prepareDestination():178}(Object(Illuminate\\Http\\Request))
#16 /Users/huzai/Documents/GitHub/LR-ProjectManager/vendor/laravel/framework/src/Illuminate/Pipeline/Pipeline.php(219): Illuminate\\Auth\\Middleware\\EnsureEmailIsVerified->handle(Object(Illuminate\\Http\\Request), Object(Closure))
#17 /Users/huzai/Documents/GitHub/LR-ProjectManager/vendor/laravel/framework/src/Illuminate/Http/Middleware/AddLinkHeadersForPreloadedAssets.php(32): Illuminate\\Pipeline\\Pipeline->{closure:{closure:Illuminate\\Pipeline\\Pipeline::carry():194}:195}(Object(Illuminate\\Http\\Request))
#18 /Users/huzai/Documents/GitHub/LR-ProjectManager/vendor/laravel/framework/src/Illuminate/Pipeline/Pipeline.php(219): Illuminate\\Http\\Middleware\\AddLinkHeadersForPreloadedAssets->handle(Object(Illuminate\\Http\\Request), Object(Closure))
#19 /Users/huzai/Documents/GitHub/LR-ProjectManager/vendor/inertiajs/inertia-laravel/src/Middleware.php(138): Illuminate\\Pipeline\\Pipeline->{closure:{closure:Illuminate\\Pipeline\\Pipeline::carry():194}:195}(Object(Illuminate\\Http\\Request))
#20 /Users/huzai/Documents/GitHub/LR-ProjectManager/vendor/laravel/framework/src/Illuminate/Pipeline/Pipeline.php(219): Inertia\\Middleware->handle(Object(Illuminate\\Http\\Request), Object(Closure))
#21 /Users/huzai/Documents/GitHub/LR-ProjectManager/app/Http/Middleware/HandleAppearance.php(21): Illuminate\\Pipeline\\Pipeline->{closure:{closure:Illuminate\\Pipeline\\Pipeline::carry():194}:195}(Object(Illuminate\\Http\\Request))
#22 /Users/huzai/Documents/GitHub/LR-ProjectManager/vendor/laravel/framework/src/Illuminate/Pipeline/Pipeline.php(219): App\\Http\\Middleware\\HandleAppearance->handle(Object(Illuminate\\Http\\Request), Object(Closure))
#23 /Users/huzai/Documents/GitHub/LR-ProjectManager/vendor/laravel/framework/src/Illuminate/Routing/Middleware/SubstituteBindings.php(52): Illuminate\\Pipeline\\Pipeline->{closure:{closure:Illuminate\\Pipeline\\Pipeline::carry():194}:195}(Object(Illuminate\\Http\\Request))
#24 /Users/huzai/Documents/GitHub/LR-ProjectManager/vendor/laravel/framework/src/Illuminate/Pipeline/Pipeline.php(219): Illuminate\\Routing\\Middleware\\SubstituteBindings->handle(Object(Illuminate\\Http\\Request), Object(Closure))
#25 /Users/huzai/Documents/GitHub/LR-ProjectManager/vendor/laravel/framework/src/Illuminate/Auth/Middleware/Authenticate.php(63): Illuminate\\Pipeline\\Pipeline->{closure:{closure:Illuminate\\Pipeline\\Pipeline::carry():194}:195}(Object(Illuminate\\Http\\Request))
#26 /Users/huzai/Documents/GitHub/LR-ProjectManager/vendor/laravel/framework/src/Illuminate/Pipeline/Pipeline.php(219): Illuminate\\Auth\\Middleware\\Authenticate->handle(Object(Illuminate\\Http\\Request), Object(Closure))
#27 /Users/huzai/Documents/GitHub/LR-ProjectManager/vendor/laravel/framework/src/Illuminate/Foundation/Http/Middleware/PreventRequestForgery.php(104): Illuminate\\Pipeline\\Pipeline->{closure:{closure:Illuminate\\Pipeline\\Pipeline::carry():194}:195}(Object(Illuminate\\Http\\Request))
#28 /Users/huzai/Documents/GitHub/LR-ProjectManager/vendor/laravel/framework/src/Illuminate/Pipeline/Pipeline.php(219): Illuminate\\Foundation\\Http\\Middleware\\PreventRequestForgery->handle(Object(Illuminate\\Http\\Request), Object(Closure))
#29 /Users/huzai/Documents/GitHub/LR-ProjectManager/vendor/laravel/framework/src/Illuminate/View/Middleware/ShareErrorsFromSession.php(48): Illuminate\\Pipeline\\Pipeline->{closure:{closure:Illuminate\\Pipeline\\Pipeline::carry():194}:195}(Object(Illuminate\\Http\\Request))
#30 /Users/huzai/Documents/GitHub/LR-ProjectManager/vendor/laravel/framework/src/Illuminate/Pipeline/Pipeline.php(219): Illuminate\\View\\Middleware\\ShareErrorsFromSession->handle(Object(Illuminate\\Http\\Request), Object(Closure))
#31 /Users/huzai/Documents/GitHub/LR-ProjectManager/vendor/laravel/framework/src/Illuminate/Session/Middleware/StartSession.php(120): Illuminate\\Pipeline\\Pipeline->{closure:{closure:Illuminate\\Pipeline\\Pipeline::carry():194}:195}(Object(Illuminate\\Http\\Request))
#32 /Users/huzai/Documents/GitHub/LR-ProjectManager/vendor/laravel/framework/src/Illuminate/Session/Middleware/StartSession.php(63): Illuminate\\Session\\Middleware\\StartSession->handleStatefulRequest(Object(Illuminate\\Http\\Request), Object(Illuminate\\Session\\Store), Object(Closure))
#33 /Users/huzai/Documents/GitHub/LR-ProjectManager/vendor/laravel/framework/src/Illuminate/Pipeline/Pipeline.php(219): Illuminate\\Session\\Middleware\\StartSession->handle(Object(Illuminate\\Http\\Request), Object(Closure))
#34 /Users/huzai/Documents/GitHub/LR-ProjectManager/vendor/laravel/framework/src/Illuminate/Cookie/Middleware/AddQueuedCookiesToResponse.php(36): Illuminate\\Pipeline\\Pipeline->{closure:{closure:Illuminate\\Pipeline\\Pipeline::carry():194}:195}(Object(Illuminate\\Http\\Request))
#35 /Users/huzai/Documents/GitHub/LR-ProjectManager/vendor/laravel/framework/src/Illuminate/Pipeline/Pipeline.php(219): Illuminate\\Cookie\\Middleware\\AddQueuedCookiesToResponse->handle(Object(Illuminate\\Http\\Request), Object(Closure))
#36 /Users/huzai/Documents/GitHub/LR-ProjectManager/vendor/laravel/framework/src/Illuminate/Cookie/Middleware/EncryptCookies.php(74): Illuminate\\Pipeline\\Pipeline->{closure:{closure:Illuminate\\Pipeline\\Pipeline::carry():194}:195}(Object(Illuminate\\Http\\Request))
#37 /Users/huzai/Documents/GitHub/LR-ProjectManager/vendor/laravel/framework/src/Illuminate/Pipeline/Pipeline.php(219): Illuminate\\Cookie\\Middleware\\EncryptCookies->handle(Object(Illuminate\\Http\\Request), Object(Closure))
#38 /Users/huzai/Documents/GitHub/LR-ProjectManager/vendor/laravel/framework/src/Illuminate/Pipeline/Pipeline.php(137): Illuminate\\Pipeline\\Pipeline->{closure:{closure:Illuminate\\Pipeline\\Pipeline::carry():194}:195}(Object(Illuminate\\Http\\Request))
#39 /Users/huzai/Documents/GitHub/LR-ProjectManager/vendor/laravel/framework/src/Illuminate/Routing/Router.php(821): Illuminate\\Pipeline\\Pipeline->then(Object(Closure))
#40 /Users/huzai/Documents/GitHub/LR-ProjectManager/vendor/laravel/framework/src/Illuminate/Routing/Router.php(800): Illuminate\\Routing\\Router->runRouteWithinStack(Object(Illuminate\\Routing\\Route), Object(Illuminate\\Http\\Request))
#41 /Users/huzai/Documents/GitHub/LR-ProjectManager/vendor/laravel/framework/src/Illuminate/Routing/Router.php(764): Illuminate\\Routing\\Router->runRoute(Object(Illuminate\\Http\\Request), Object(Illuminate\\Routing\\Route))
#42 /Users/huzai/Documents/GitHub/LR-ProjectManager/vendor/laravel/framework/src/Illuminate/Routing/Router.php(753): Illuminate\\Routing\\Router->dispatchToRoute(Object(Illuminate\\Http\\Request))
#43 /Users/huzai/Documents/GitHub/LR-ProjectManager/vendor/laravel/framework/src/Illuminate/Foundation/Http/Kernel.php(200): Illuminate\\Routing\\Router->dispatch(Object(Illuminate\\Http\\Request))
#44 /Users/huzai/Documents/GitHub/LR-ProjectManager/vendor/laravel/framework/src/Illuminate/Pipeline/Pipeline.php(180): Illuminate\\Foundation\\Http\\Kernel->{closure:Illuminate\\Foundation\\Http\\Kernel::dispatchToRouter():197}(Object(Illuminate\\Http\\Request))
#45 /Users/huzai/Documents/GitHub/LR-ProjectManager/vendor/inertiajs/inertia-laravel/src/Middleware/EnsureGetOnRedirect.php(19): Illuminate\\Pipeline\\Pipeline->{closure:Illuminate\\Pipeline\\Pipeline::prepareDestination():178}(Object(Illuminate\\Http\\Request))
#46 /Users/huzai/Documents/GitHub/LR-ProjectManager/vendor/laravel/framework/src/Illuminate/Pipeline/Pipeline.php(219): Inertia\\Middleware\\EnsureGetOnRedirect->handle(Object(Illuminate\\Http\\Request), Object(Closure))
#47 /Users/huzai/Documents/GitHub/LR-ProjectManager/vendor/laravel/framework/src/Illuminate/Foundation/Http/Middleware/TransformsRequest.php(21): Illuminate\\Pipeline\\Pipeline->{closure:{closure:Illuminate\\Pipeline\\Pipeline::carry():194}:195}(Object(Illuminate\\Http\\Request))
#48 /Users/huzai/Documents/GitHub/LR-ProjectManager/vendor/laravel/framework/src/Illuminate/Foundation/Http/Middleware/ConvertEmptyStringsToNull.php(31): Illuminate\\Foundation\\Http\\Middleware\\TransformsRequest->handle(Object(Illuminate\\Http\\Request), Object(Closure))
#49 /Users/huzai/Documents/GitHub/LR-ProjectManager/vendor/laravel/framework/src/Illuminate/Pipeline/Pipeline.php(219): Illuminate\\Foundation\\Http\\Middleware\\ConvertEmptyStringsToNull->handle(Object(Illuminate\\Http\\Request), Object(Closure))
#50 /Users/huzai/Documents/GitHub/LR-ProjectManager/vendor/laravel/framework/src/Illuminate/Foundation/Http/Middleware/TransformsRequest.php(21): Illuminate\\Pipeline\\Pipeline->{closure:{closure:Illuminate\\Pipeline\\Pipeline::carry():194}:195}(Object(Illuminate\\Http\\Request))
#51 /Users/huzai/Documents/GitHub/LR-ProjectManager/vendor/laravel/framework/src/Illuminate/Foundation/Http/Middleware/TrimStrings.php(51): Illuminate\\Foundation\\Http\\Middleware\\TransformsRequest->handle(Object(Illuminate\\Http\\Request), Object(Closure))
#52 /Users/huzai/Documents/GitHub/LR-ProjectManager/vendor/laravel/framework/src/Illuminate/Pipeline/Pipeline.php(219): Illuminate\\Foundation\\Http\\Middleware\\TrimStrings->handle(Object(Illuminate\\Http\\Request), Object(Closure))
#53 /Users/huzai/Documents/GitHub/LR-ProjectManager/vendor/laravel/framework/src/Illuminate/Http/Middleware/ValidatePostSize.php(27): Illuminate\\Pipeline\\Pipeline->{closure:{closure:Illuminate\\Pipeline\\Pipeline::carry():194}:195}(Object(Illuminate\\Http\\Request))
#54 /Users/huzai/Documents/GitHub/LR-ProjectManager/vendor/laravel/framework/src/Illuminate/Pipeline/Pipeline.php(219): Illuminate\\Http\\Middleware\\ValidatePostSize->handle(Object(Illuminate\\Http\\Request), Object(Closure))
#55 /Users/huzai/Documents/GitHub/LR-ProjectManager/vendor/laravel/framework/src/Illuminate/Foundation/Http/Middleware/PreventRequestsDuringMaintenance.php(109): Illuminate\\Pipeline\\Pipeline->{closure:{closure:Illuminate\\Pipeline\\Pipeline::carry():194}:195}(Object(Illuminate\\Http\\Request))
#56 /Users/huzai/Documents/GitHub/LR-ProjectManager/vendor/laravel/framework/src/Illuminate/Pipeline/Pipeline.php(219): Illuminate\\Foundation\\Http\\Middleware\\PreventRequestsDuringMaintenance->handle(Object(Illuminate\\Http\\Request), Object(Closure))
#57 /Users/huzai/Documents/GitHub/LR-ProjectManager/vendor/laravel/framework/src/Illuminate/Http/Middleware/HandleCors.php(61): Illuminate\\Pipeline\\Pipeline->{closure:{closure:Illuminate\\Pipeline\\Pipeline::carry():194}:195}(Object(Illuminate\\Http\\Request))
#58 /Users/huzai/Documents/GitHub/LR-ProjectManager/vendor/laravel/framework/src/Illuminate/Pipeline/Pipeline.php(219): Illuminate\\Http\\Middleware\\HandleCors->handle(Object(Illuminate\\Http\\Request), Object(Closure))
#59 /Users/huzai/Documents/GitHub/LR-ProjectManager/vendor/laravel/framework/src/Illuminate/Http/Middleware/TrustProxies.php(58): Illuminate\\Pipeline\\Pipeline->{closure:{closure:Illuminate\\Pipeline\\Pipeline::carry():194}:195}(Object(Illuminate\\Http\\Request))
#60 /Users/huzai/Documents/GitHub/LR-ProjectManager/vendor/laravel/framework/src/Illuminate/Pipeline/Pipeline.php(219): Illuminate\\Http\\Middleware\\TrustProxies->handle(Object(Illuminate\\Http\\Request), Object(Closure))
#61 /Users/huzai/Documents/GitHub/LR-ProjectManager/vendor/laravel/framework/src/Illuminate/Foundation/Http/Middleware/InvokeDeferredCallbacks.php(22): Illuminate\\Pipeline\\Pipeline->{closure:{closure:Illuminate\\Pipeline\\Pipeline::carry():194}:195}(Object(Illuminate\\Http\\Request))
#62 /Users/huzai/Documents/GitHub/LR-ProjectManager/vendor/laravel/framework/src/Illuminate/Pipeline/Pipeline.php(219): Illuminate\\Foundation\\Http\\Middleware\\InvokeDeferredCallbacks->handle(Object(Illuminate\\Http\\Request), Object(Closure))
#63 /Users/huzai/Documents/GitHub/LR-ProjectManager/vendor/laravel/framework/src/Illuminate/Http/Middleware/ValidatePathEncoding.php(28): Illuminate\\Pipeline\\Pipeline->{closure:{closure:Illuminate\\Pipeline\\Pipeline::carry():194}:195}(Object(Illuminate\\Http\\Request))
#64 /Users/huzai/Documents/GitHub/LR-ProjectManager/vendor/laravel/framework/src/Illuminate/Pipeline/Pipeline.php(219): Illuminate\\Http\\Middleware\\ValidatePathEncoding->handle(Object(Illuminate\\Http\\Request), Object(Closure))
#65 /Users/huzai/Documents/GitHub/LR-ProjectManager/vendor/laravel/framework/src/Illuminate/Pipeline/Pipeline.php(137): Illuminate\\Pipeline\\Pipeline->{closure:{closure:Illuminate\\Pipeline\\Pipeline::carry():194}:195}(Object(Illuminate\\Http\\Request))
#66 /Users/huzai/Documents/GitHub/LR-ProjectManager/vendor/laravel/framework/src/Illuminate/Foundation/Http/Kernel.php(175): Illuminate\\Pipeline\\Pipeline->then(Object(Closure))
#67 /Users/huzai/Documents/GitHub/LR-ProjectManager/vendor/laravel/framework/src/Illuminate/Foundation/Http/Kernel.php(144): Illuminate\\Foundation\\Http\\Kernel->sendRequestThroughRouter(Object(Illuminate\\Http\\Request))
#68 /Users/huzai/Documents/GitHub/LR-ProjectManager/vendor/laravel/framework/src/Illuminate/Foundation/Testing/Concerns/MakesHttpRequests.php(607): Illuminate\\Foundation\\Http\\Kernel->handle(Object(Illuminate\\Http\\Request))
#69 /Users/huzai/Documents/GitHub/LR-ProjectManager/vendor/laravel/framework/src/Illuminate/Foundation/Testing/Concerns/MakesHttpRequests.php(368): Illuminate\\Foundation\\Testing\\TestCase->call('GET', 'http://127.0.0....', Array, Array, Array, Array)
#70 /Users/huzai/Documents/GitHub/LR-ProjectManager/tests/Feature/ExampleTest.php(24): Illuminate\\Foundation\\Testing\\TestCase->get('http://127.0.0....')
#71 /Users/huzai/Documents/GitHub/LR-ProjectManager/vendor/phpunit/phpunit/src/Framework/TestCase.php(1314): Tests\\Feature\\ExampleTest->test_authenticated_users_can_visit_home()
#72 /Users/huzai/Documents/GitHub/LR-ProjectManager/vendor/phpunit/phpunit/src/Framework/TestCase.php(1351): PHPUnit\\Framework\\TestCase->invokeTestMethod('test_authentica...', Array)
#73 /Users/huzai/Documents/GitHub/LR-ProjectManager/vendor/phpunit/phpunit/src/Framework/TestCase.php(521): PHPUnit\\Framework\\TestCase->runTest()
#74 /Users/huzai/Documents/GitHub/LR-ProjectManager/vendor/phpunit/phpunit/src/Framework/TestRunner/TestRunner.php(99): PHPUnit\\Framework\\TestCase->runBare()
#75 /Users/huzai/Documents/GitHub/LR-ProjectManager/vendor/phpunit/phpunit/src/Framework/TestCase.php(361): PHPUnit\\Framework\\TestRunner->run(Object(Tests\\Feature\\ExampleTest))
#76 /Users/huzai/Documents/GitHub/LR-ProjectManager/vendor/phpunit/phpunit/src/Framework/TestSuite.php(374): PHPUnit\\Framework\\TestCase->run()
#77 /Users/huzai/Documents/GitHub/LR-ProjectManager/vendor/phpunit/phpunit/src/Framework/TestSuite.php(374): PHPUnit\\Framework\\TestSuite->run()
#78 /Users/huzai/Documents/GitHub/LR-ProjectManager/vendor/phpunit/phpunit/src/Framework/TestSuite.php(374): PHPUnit\\Framework\\TestSuite->run()
#79 /Users/huzai/Documents/GitHub/LR-ProjectManager/vendor/phpunit/phpunit/src/TextUI/TestRunner.php(64): PHPUnit\\Framework\\TestSuite->run()
#80 /Users/huzai/Documents/GitHub/LR-ProjectManager/vendor/phpunit/phpunit/src/TextUI/Application.php(229): PHPUnit\\TextUI\\TestRunner->run(Object(PHPUnit\\TextUI\\Configuration\\Configuration), Object(PHPUnit\\Runner\\ResultCache\\DefaultResultCache), Object(PHPUnit\\Framework\\TestSuite))
#81 /Users/huzai/Documents/GitHub/LR-ProjectManager/vendor/phpunit/phpunit/phpunit(104): PHPUnit\\TextUI\\Application->run(Array)
#82 {main}

[previous exception] [object] (Illuminate\\Foundation\\ViteManifestNotFoundException(code: 0): Vite manifest not found at: /Users/huzai/Documents/GitHub/LR-ProjectManager/public/build/manifest.json at /Users/huzai/Documents/GitHub/LR-ProjectManager/vendor/laravel/framework/src/Illuminate/Foundation/Vite.php:960)
[stacktrace]
#0 /Users/huzai/Documents/GitHub/LR-ProjectManager/vendor/laravel/framework/src/Illuminate/Foundation/Vite.php(398): Illuminate\\Foundation\\Vite->manifest('build')
#1 /Users/huzai/Documents/GitHub/LR-ProjectManager/storage/framework/views/cc980059043f8a994bd2e0d5afbf0963.php(40): Illuminate\\Foundation\\Vite->__invoke(Object(Illuminate\\Support\\Collection))
#2 /Users/huzai/Documents/GitHub/LR-ProjectManager/vendor/laravel/framework/src/Illuminate/Filesystem/Filesystem.php(123): require('/Users/huzai/Do...')
#3 /Users/huzai/Documents/GitHub/LR-ProjectManager/vendor/laravel/framework/src/Illuminate/Filesystem/Filesystem.php(124): Illuminate\\Filesystem\\Filesystem::{closure:Illuminate\\Filesystem\\Filesystem::getRequire():120}()
#4 /Users/huzai/Documents/GitHub/LR-ProjectManager/vendor/laravel/framework/src/Illuminate/View/Engines/PhpEngine.php(57): Illuminate\\Filesystem\\Filesystem->getRequire('/Users/huzai/Do...', Array)
#5 /Users/huzai/Documents/GitHub/LR-ProjectManager/vendor/laravel/framework/src/Illuminate/View/Engines/CompilerEngine.php(76): Illuminate\\View\\Engines\\PhpEngine->evaluatePath('/Users/huzai/Do...', Array)
#6 /Users/huzai/Documents/GitHub/LR-ProjectManager/vendor/laravel/framework/src/Illuminate/View/View.php(208): Illuminate\\View\\Engines\\CompilerEngine->get('/Users/huzai/Do...', Array)
#7 /Users/huzai/Documents/GitHub/LR-ProjectManager/vendor/laravel/framework/src/Illuminate/View/View.php(191): Illuminate\\View\\View->getContents()
#8 /Users/huzai/Documents/GitHub/LR-ProjectManager/vendor/laravel/framework/src/Illuminate/View/View.php(160): Illuminate\\View\\View->renderContents()
#9 /Users/huzai/Documents/GitHub/LR-ProjectManager/vendor/laravel/framework/src/Illuminate/Http/Response.php(78): Illuminate\\View\\View->render()
#10 /Users/huzai/Documents/GitHub/LR-ProjectManager/vendor/laravel/framework/src/Illuminate/Http/Response.php(34): Illuminate\\Http\\Response->setContent(Object(Illuminate\\View\\View))
#11 /Users/huzai/Documents/GitHub/LR-ProjectManager/vendor/laravel/framework/src/Illuminate/Routing/ResponseFactory.php(61): Illuminate\\Http\\Response->__construct(Object(Illuminate\\View\\View), 200, Array)
#12 /Users/huzai/Documents/GitHub/LR-ProjectManager/vendor/laravel/framework/src/Illuminate/Routing/ResponseFactory.php(91): Illuminate\\Routing\\ResponseFactory->make(Object(Illuminate\\View\\View), 200, Array)
#13 /Users/huzai/Documents/GitHub/LR-ProjectManager/vendor/laravel/framework/src/Illuminate/Support/Facades/Facade.php(363): Illuminate\\Routing\\ResponseFactory->view('app', Array)
#14 /Users/huzai/Documents/GitHub/LR-ProjectManager/vendor/inertiajs/inertia-laravel/src/Response.php(211): Illuminate\\Support\\Facades\\Facade::__callStatic('view', Array)
#15 /Users/huzai/Documents/GitHub/LR-ProjectManager/vendor/laravel/framework/src/Illuminate/Routing/Router.php(921): Inertia\\Response->toResponse(Object(Illuminate\\Http\\Request))
#16 /Users/huzai/Documents/GitHub/LR-ProjectManager/vendor/laravel/framework/src/Illuminate/Routing/Router.php(906): Illuminate\\Routing\\Router::toResponse(Object(Illuminate\\Http\\Request), Object(Inertia\\Response))
#17 /Users/huzai/Documents/GitHub/LR-ProjectManager/vendor/laravel/framework/src/Illuminate/Routing/Router.php(821): Illuminate\\Routing\\Router->prepareResponse(Object(Illuminate\\Http\\Request), Object(Inertia\\Response))
#18 /Users/huzai/Documents/GitHub/LR-ProjectManager/vendor/laravel/framework/src/Illuminate/Pipeline/Pipeline.php(180): Illuminate\\Routing\\Router->{closure:Illuminate\\Routing\\Router::runRouteWithinStack():821}(Object(Illuminate\\Http\\Request))
#19 /Users/huzai/Documents/GitHub/LR-ProjectManager/vendor/laravel/framework/src/Illuminate/Auth/Middleware/EnsureEmailIsVerified.php(41): Illuminate\\Pipeline\\Pipeline->{closure:Illuminate\\Pipeline\\Pipeline::prepareDestination():178}(Object(Illuminate\\Http\\Request))
#20 /Users/huzai/Documents/GitHub/LR-ProjectManager/vendor/laravel/framework/src/Illuminate/Pipeline/Pipeline.php(219): Illuminate\\Auth\\Middleware\\EnsureEmailIsVerified->handle(Object(Illuminate\\Http\\Request), Object(Closure))
#21 /Users/huzai/Documents/GitHub/LR-ProjectManager/vendor/laravel/framework/src/Illuminate/Http/Middleware/AddLinkHeadersForPreloadedAssets.php(32): Illuminate\\Pipeline\\Pipeline->{closure:{closure:Illuminate\\Pipeline\\Pipeline::carry():194}:195}(Object(Illuminate\\Http\\Request))
#22 /Users/huzai/Documents/GitHub/LR-ProjectManager/vendor/laravel/framework/src/Illuminate/Pipeline/Pipeline.php(219): Illuminate\\Http\\Middleware\\AddLinkHeadersForPreloadedAssets->handle(Object(Illuminate\\Http\\Request), Object(Closure))
#23 /Users/huzai/Documents/GitHub/LR-ProjectManager/vendor/inertiajs/inertia-laravel/src/Middleware.php(138): Illuminate\\Pipeline\\Pipeline->{closure:{closure:Illuminate\\Pipeline\\Pipeline::carry():194}:195}(Object(Illuminate\\Http\\Request))
#24 /Users/huzai/Documents/GitHub/LR-ProjectManager/vendor/laravel/framework/src/Illuminate/Pipeline/Pipeline.php(219): Inertia\\Middleware->handle(Object(Illuminate\\Http\\Request), Object(Closure))
#25 /Users/huzai/Documents/GitHub/LR-ProjectManager/app/Http/Middleware/HandleAppearance.php(21): Illuminate\\Pipeline\\Pipeline->{closure:{closure:Illuminate\\Pipeline\\Pipeline::carry():194}:195}(Object(Illuminate\\Http\\Request))
#26 /Users/huzai/Documents/GitHub/LR-ProjectManager/vendor/laravel/framework/src/Illuminate/Pipeline/Pipeline.php(219): App\\Http\\Middleware\\HandleAppearance->handle(Object(Illuminate\\Http\\Request), Object(Closure))
#27 /Users/huzai/Documents/GitHub/LR-ProjectManager/vendor/laravel/framework/src/Illuminate/Routing/Middleware/SubstituteBindings.php(52): Illuminate\\Pipeline\\Pipeline->{closure:{closure:Illuminate\\Pipeline\\Pipeline::carry():194}:195}(Object(Illuminate\\Http\\Request))
#28 /Users/huzai/Documents/GitHub/LR-ProjectManager/vendor/laravel/framework/src/Illuminate/Pipeline/Pipeline.php(219): Illuminate\\Routing\\Middleware\\SubstituteBindings->handle(Object(Illuminate\\Http\\Request), Object(Closure))
#29 /Users/huzai/Documents/GitHub/LR-ProjectManager/vendor/laravel/framework/src/Illuminate/Auth/Middleware/Authenticate.php(63): Illuminate\\Pipeline\\Pipeline->{closure:{closure:Illuminate\\Pipeline\\Pipeline::carry():194}:195}(Object(Illuminate\\Http\\Request))
#30 /Users/huzai/Documents/GitHub/LR-ProjectManager/vendor/laravel/framework/src/Illuminate/Pipeline/Pipeline.php(219): Illuminate\\Auth\\Middleware\\Authenticate->handle(Object(Illuminate\\Http\\Request), Object(Closure))
#31 /Users/huzai/Documents/GitHub/LR-ProjectManager/vendor/laravel/framework/src/Illuminate/Foundation/Http/Middleware/PreventRequestForgery.php(104): Illuminate\\Pipeline\\Pipeline->{closure:{closure:Illuminate\\Pipeline\\Pipeline::carry():194}:195}(Object(Illuminate\\Http\\Request))
#32 /Users/huzai/Documents/GitHub/LR-ProjectManager/vendor/laravel/framework/src/Illuminate/Pipeline/Pipeline.php(219): Illuminate\\Foundation\\Http\\Middleware\\PreventRequestForgery->handle(Object(Illuminate\\Http\\Request), Object(Closure))
#33 /Users/huzai/Documents/GitHub/LR-ProjectManager/vendor/laravel/framework/src/Illuminate/View/Middleware/ShareErrorsFromSession.php(48): Illuminate\\Pipeline\\Pipeline->{closure:{closure:Illuminate\\Pipeline\\Pipeline::carry():194}:195}(Object(Illuminate\\Http\\Request))
#34 /Users/huzai/Documents/GitHub/LR-ProjectManager/vendor/laravel/framework/src/Illuminate/Pipeline/Pipeline.php(219): Illuminate\\View\\Middleware\\ShareErrorsFromSession->handle(Object(Illuminate\\Http\\Request), Object(Closure))
#35 /Users/huzai/Documents/GitHub/LR-ProjectManager/vendor/laravel/framework/src/Illuminate/Session/Middleware/StartSession.php(120): Illuminate\\Pipeline\\Pipeline->{closure:{closure:Illuminate\\Pipeline\\Pipeline::carry():194}:195}(Object(Illuminate\\Http\\Request))
#36 /Users/huzai/Documents/GitHub/LR-ProjectManager/vendor/laravel/framework/src/Illuminate/Session/Middleware/StartSession.php(63): Illuminate\\Session\\Middleware\\StartSession->handleStatefulRequest(Object(Illuminate\\Http\\Request), Object(Illuminate\\Session\\Store), Object(Closure))
#37 /Users/huzai/Documents/GitHub/LR-ProjectManager/vendor/laravel/framework/src/Illuminate/Pipeline/Pipeline.php(219): Illuminate\\Session\\Middleware\\StartSession->handle(Object(Illuminate\\Http\\Request), Object(Closure))
#38 /Users/huzai/Documents/GitHub/LR-ProjectManager/vendor/laravel/framework/src/Illuminate/Cookie/Middleware/AddQueuedCookiesToResponse.php(36): Illuminate\\Pipeline\\Pipeline->{closure:{closure:Illuminate\\Pipeline\\Pipeline::carry():194}:195}(Object(Illuminate\\Http\\Request))
#39 /Users/huzai/Documents/GitHub/LR-ProjectManager/vendor/laravel/framework/src/Illuminate/Pipeline/Pipeline.php(219): Illuminate\\Cookie\\Middleware\\AddQueuedCookiesToResponse->handle(Object(Illuminate\\Http\\Request), Object(Closure))
#40 /Users/huzai/Documents/GitHub/LR-ProjectManager/vendor/laravel/framework/src/Illuminate/Cookie/Middleware/EncryptCookies.php(74): Illuminate\\Pipeline\\Pipeline->{closure:{closure:Illuminate\\Pipeline\\Pipeline::carry():194}:195}(Object(Illuminate\\Http\\Request))
#41 /Users/huzai/Documents/GitHub/LR-ProjectManager/vendor/laravel/framework/src/Illuminate/Pipeline/Pipeline.php(219): Illuminate\\Cookie\\Middleware\\EncryptCookies->handle(Object(Illuminate\\Http\\Request), Object(Closure))
#42 /Users/huzai/Documents/GitHub/LR-ProjectManager/vendor/laravel/framework/src/Illuminate/Pipeline/Pipeline.php(137): Illuminate\\Pipeline\\Pipeline->{closure:{closure:Illuminate\\Pipeline\\Pipeline::carry():194}:195}(Object(Illuminate\\Http\\Request))
#43 /Users/huzai/Documents/GitHub/LR-ProjectManager/vendor/laravel/framework/src/Illuminate/Routing/Router.php(821): Illuminate\\Pipeline\\Pipeline->then(Object(Closure))
#44 /Users/huzai/Documents/GitHub/LR-ProjectManager/vendor/laravel/framework/src/Illuminate/Routing/Router.php(800): Illuminate\\Routing\\Router->runRouteWithinStack(Object(Illuminate\\Routing\\Route), Object(Illuminate\\Http\\Request))
#45 /Users/huzai/Documents/GitHub/LR-ProjectManager/vendor/laravel/framework/src/Illuminate/Routing/Router.php(764): Illuminate\\Routing\\Router->runRoute(Object(Illuminate\\Http\\Request), Object(Illuminate\\Routing\\Route))
#46 /Users/huzai/Documents/GitHub/LR-ProjectManager/vendor/laravel/framework/src/Illuminate/Routing/Router.php(753): Illuminate\\Routing\\Router->dispatchToRoute(Object(Illuminate\\Http\\Request))
#47 /Users/huzai/Documents/GitHub/LR-ProjectManager/vendor/laravel/framework/src/Illuminate/Foundation/Http/Kernel.php(200): Illuminate\\Routing\\Router->dispatch(Object(Illuminate\\Http\\Request))
#48 /Users/huzai/Documents/GitHub/LR-ProjectManager/vendor/laravel/framework/src/Illuminate/Pipeline/Pipeline.php(180): Illuminate\\Foundation\\Http\\Kernel->{closure:Illuminate\\Foundation\\Http\\Kernel::dispatchToRouter():197}(Object(Illuminate\\Http\\Request))
#49 /Users/huzai/Documents/GitHub/LR-ProjectManager/vendor/inertiajs/inertia-laravel/src/Middleware/EnsureGetOnRedirect.php(19): Illuminate\\Pipeline\\Pipeline->{closure:Illuminate\\Pipeline\\Pipeline::prepareDestination():178}(Object(Illuminate\\Http\\Request))
#50 /Users/huzai/Documents/GitHub/LR-ProjectManager/vendor/laravel/framework/src/Illuminate/Pipeline/Pipeline.php(219): Inertia\\Middleware\\EnsureGetOnRedirect->handle(Object(Illuminate\\Http\\Request), Object(Closure))
#51 /Users/huzai/Documents/GitHub/LR-ProjectManager/vendor/laravel/framework/src/Illuminate/Foundation/Http/Middleware/TransformsRequest.php(21): Illuminate\\Pipeline\\Pipeline->{closure:{closure:Illuminate\\Pipeline\\Pipeline::carry():194}:195}(Object(Illuminate\\Http\\Request))
#52 /Users/huzai/Documents/GitHub/LR-ProjectManager/vendor/laravel/framework/src/Illuminate/Foundation/Http/Middleware/ConvertEmptyStringsToNull.php(31): Illuminate\\Foundation\\Http\\Middleware\\TransformsRequest->handle(Object(Illuminate\\Http\\Request), Object(Closure))
#53 /Users/huzai/Documents/GitHub/LR-ProjectManager/vendor/laravel/framework/src/Illuminate/Pipeline/Pipeline.php(219): Illuminate\\Foundation\\Http\\Middleware\\ConvertEmptyStringsToNull->handle(Object(Illuminate\\Http\\Request), Object(Closure))
#54 /Users/huzai/Documents/GitHub/LR-ProjectManager/vendor/laravel/framework/src/Illuminate/Foundation/Http/Middleware/TransformsRequest.php(21): Illuminate\\Pipeline\\Pipeline->{closure:{closure:Illuminate\\Pipeline\\Pipeline::carry():194}:195}(Object(Illuminate\\Http\\Request))
#55 /Users/huzai/Documents/GitHub/LR-ProjectManager/vendor/laravel/framework/src/Illuminate/Foundation/Http/Middleware/TrimStrings.php(51): Illuminate\\Foundation\\Http\\Middleware\\TransformsRequest->handle(Object(Illuminate\\Http\\Request), Object(Closure))
#56 /Users/huzai/Documents/GitHub/LR-ProjectManager/vendor/laravel/framework/src/Illuminate/Pipeline/Pipeline.php(219): Illuminate\\Foundation\\Http\\Middleware\\TrimStrings->handle(Object(Illuminate\\Http\\Request), Object(Closure))
#57 /Users/huzai/Documents/GitHub/LR-ProjectManager/vendor/laravel/framework/src/Illuminate/Http/Middleware/ValidatePostSize.php(27): Illuminate\\Pipeline\\Pipeline->{closure:{closure:Illuminate\\Pipeline\\Pipeline::carry():194}:195}(Object(Illuminate\\Http\\Request))
#58 /Users/huzai/Documents/GitHub/LR-ProjectManager/vendor/laravel/framework/src/Illuminate/Pipeline/Pipeline.php(219): Illuminate\\Http\\Middleware\\ValidatePostSize->handle(Object(Illuminate\\Http\\Request), Object(Closure))
#59 /Users/huzai/Documents/GitHub/LR-ProjectManager/vendor/laravel/framework/src/Illuminate/Foundation/Http/Middleware/PreventRequestsDuringMaintenance.php(109): Illuminate\\Pipeline\\Pipeline->{closure:{closure:Illuminate\\Pipeline\\Pipeline::carry():194}:195}(Object(Illuminate\\Http\\Request))
#60 /Users/huzai/Documents/GitHub/LR-ProjectManager/vendor/laravel/framework/src/Illuminate/Pipeline/Pipeline.php(219): Illuminate\\Foundation\\Http\\Middleware\\PreventRequestsDuringMaintenance->handle(Object(Illuminate\\Http\\Request), Object(Closure))
#61 /Users/huzai/Documents/GitHub/LR-ProjectManager/vendor/laravel/framework/src/Illuminate/Http/Middleware/HandleCors.php(61): Illuminate\\Pipeline\\Pipeline->{closure:{closure:Illuminate\\Pipeline\\Pipeline::carry():194}:195}(Object(Illuminate\\Http\\Request))
#62 /Users/huzai/Documents/GitHub/LR-ProjectManager/vendor/laravel/framework/src/Illuminate/Pipeline/Pipeline.php(219): Illuminate\\Http\\Middleware\\HandleCors->handle(Object(Illuminate\\Http\\Request), Object(Closure))
#63 /Users/huzai/Documents/GitHub/LR-ProjectManager/vendor/laravel/framework/src/Illuminate/Http/Middleware/TrustProxies.php(58): Illuminate\\Pipeline\\Pipeline->{closure:{closure:Illuminate\\Pipeline\\Pipeline::carry():194}:195}(Object(Illuminate\\Http\\Request))
#64 /Users/huzai/Documents/GitHub/LR-ProjectManager/vendor/laravel/framework/src/Illuminate/Pipeline/Pipeline.php(219): Illuminate\\Http\\Middleware\\TrustProxies->handle(Object(Illuminate\\Http\\Request), Object(Closure))
#65 /Users/huzai/Documents/GitHub/LR-ProjectManager/vendor/laravel/framework/src/Illuminate/Foundation/Http/Middleware/InvokeDeferredCallbacks.php(22): Illuminate\\Pipeline\\Pipeline->{closure:{closure:Illuminate\\Pipeline\\Pipeline::carry():194}:195}(Object(Illuminate\\Http\\Request))
#66 /Users/huzai/Documents/GitHub/LR-ProjectManager/vendor/laravel/framework/src/Illuminate/Pipeline/Pipeline.php(219): Illuminate\\Foundation\\Http\\Middleware\\InvokeDeferredCallbacks->handle(Object(Illuminate\\Http\\Request), Object(Closure))
#67 /Users/huzai/Documents/GitHub/LR-ProjectManager/vendor/laravel/framework/src/Illuminate/Http/Middleware/ValidatePathEncoding.php(28): Illuminate\\Pipeline\\Pipeline->{closure:{closure:Illuminate\\Pipeline\\Pipeline::carry():194}:195}(Object(Illuminate\\Http\\Request))
#68 /Users/huzai/Documents/GitHub/LR-ProjectManager/vendor/laravel/framework/src/Illuminate/Pipeline/Pipeline.php(219): Illuminate\\Http\\Middleware\\ValidatePathEncoding->handle(Object(Illuminate\\Http\\Request), Object(Closure))
#69 /Users/huzai/Documents/GitHub/LR-ProjectManager/vendor/laravel/framework/src/Illuminate/Pipeline/Pipeline.php(137): Illuminate\\Pipeline\\Pipeline->{closure:{closure:Illuminate\\Pipeline\\Pipeline::carry():194}:195}(Object(Illuminate\\Http\\Request))
#70 /Users/huzai/Documents/GitHub/LR-ProjectManager/vendor/laravel/framework/src/Illuminate/Foundation/Http/Kernel.php(175): Illuminate\\Pipeline\\Pipeline->then(Object(Closure))
#71 /Users/huzai/Documents/GitHub/LR-ProjectManager/vendor/laravel/framework/src/Illuminate/Foundation/Http/Kernel.php(144): Illuminate\\Foundation\\Http\\Kernel->sendRequestThroughRouter(Object(Illuminate\\Http\\Request))
#72 /Users/huzai/Documents/GitHub/LR-ProjectManager/vendor/laravel/framework/src/Illuminate/Foundation/Testing/Concerns/MakesHttpRequests.php(607): Illuminate\\Foundation\\Http\\Kernel->handle(Object(Illuminate\\Http\\Request))
#73 /Users/huzai/Documents/GitHub/LR-ProjectManager/vendor/laravel/framework/src/Illuminate/Foundation/Testing/Concerns/MakesHttpRequests.php(368): Illuminate\\Foundation\\Testing\\TestCase->call('GET', 'http://127.0.0....', Array, Array, Array, Array)
#74 /Users/huzai/Documents/GitHub/LR-ProjectManager/tests/Feature/ExampleTest.php(24): Illuminate\\Foundation\\Testing\\TestCase->get('http://127.0.0....')
#75 /Users/huzai/Documents/GitHub/LR-ProjectManager/vendor/phpunit/phpunit/src/Framework/TestCase.php(1314): Tests\\Feature\\ExampleTest->test_authenticated_users_can_visit_home()
#76 /Users/huzai/Documents/GitHub/LR-ProjectManager/vendor/phpunit/phpunit/src/Framework/TestCase.php(1351): PHPUnit\\Framework\\TestCase->invokeTestMethod('test_authentica...', Array)
#77 /Users/huzai/Documents/GitHub/LR-ProjectManager/vendor/phpunit/phpunit/src/Framework/TestCase.php(521): PHPUnit\\Framework\\TestCase->runTest()
#78 /Users/huzai/Documents/GitHub/LR-ProjectManager/vendor/phpunit/phpunit/src/Framework/TestRunner/TestRunner.php(99): PHPUnit\\Framework\\TestCase->runBare()
#79 /Users/huzai/Documents/GitHub/LR-ProjectManager/vendor/phpunit/phpunit/src/Framework/TestCase.php(361): PHPUnit\\Framework\\TestRunner->run(Object(Tests\\Feature\\ExampleTest))
#80 /Users/huzai/Documents/GitHub/LR-ProjectManager/vendor/phpunit/phpunit/src/Framework/TestSuite.php(374): PHPUnit\\Framework\\TestCase->run()
#81 /Users/huzai/Documents/GitHub/LR-ProjectManager/vendor/phpunit/phpunit/src/Framework/TestSuite.php(374): PHPUnit\\Framework\\TestSuite->run()
#82 /Users/huzai/Documents/GitHub/LR-ProjectManager/vendor/phpunit/phpunit/src/Framework/TestSuite.php(374): PHPUnit\\Framework\\TestSuite->run()
#83 /Users/huzai/Documents/GitHub/LR-ProjectManager/vendor/phpunit/phpunit/src/TextUI/TestRunner.php(64): PHPUnit\\Framework\\TestSuite->run()
#84 /Users/huzai/Documents/GitHub/LR-ProjectManager/vendor/phpunit/phpunit/src/TextUI/Application.php(229): PHPUnit\\TextUI\\TestRunner->run(Object(PHPUnit\\TextUI\\Configuration\\Configuration), Object(PHPUnit\\Runner\\ResultCache\\DefaultResultCache), Object(PHPUnit\\Framework\\TestSuite))
#85 /Users/huzai/Documents/GitHub/LR-ProjectManager/vendor/phpunit/phpunit/phpunit(104): PHPUnit\\TextUI\\Application->run(Array)
#86 {main}
"} 
[2026-05-31 12:40:56] testing.ERROR: Vite manifest not found at: /Users/huzai/Documents/GitHub/LR-ProjectManager/public/build/manifest.json (View: /Users/huzai/Documents/GitHub/LR-ProjectManager/resources/views/app.blade.php) {"userId":1,"exception":"[object] (Illuminate\\View\\ViewException(code: 0): Vite manifest not found at: /Users/huzai/Documents/GitHub/LR-ProjectManager/public/build/manifest.json (View: /Users/huzai/Documents/GitHub/LR-ProjectManager/resources/views/app.blade.php) at /Users/huzai/Documents/GitHub/LR-ProjectManager/vendor/laravel/framework/src/Illuminate/Foundation/Vite.php:960)
[stacktrace]
#0 /Users/huzai/Documents/GitHub/LR-ProjectManager/vendor/laravel/framework/src/Illuminate/View/Engines/PhpEngine.php(59): Illuminate\\View\\Engines\\CompilerEngine->handleViewException(Object(Illuminate\\Foundation\\ViteManifestNotFoundException), 1)
#1 /Users/huzai/Documents/GitHub/LR-ProjectManager/vendor/laravel/framework/src/Illuminate/View/Engines/CompilerEngine.php(76): Illuminate\\View\\Engines\\PhpEngine->evaluatePath('/Users/huzai/Do...', Array)
#2 /Users/huzai/Documents/GitHub/LR-ProjectManager/vendor/laravel/framework/src/Illuminate/View/View.php(208): Illuminate\\View\\Engines\\CompilerEngine->get('/Users/huzai/Do...', Array)
#3 /Users/huzai/Documents/GitHub/LR-ProjectManager/vendor/laravel/framework/src/Illuminate/View/View.php(191): Illuminate\\View\\View->getContents()
#4 /Users/huzai/Documents/GitHub/LR-ProjectManager/vendor/laravel/framework/src/Illuminate/View/View.php(160): Illuminate\\View\\View->renderContents()
#5 /Users/huzai/Documents/GitHub/LR-ProjectManager/vendor/laravel/framework/src/Illuminate/Http/Response.php(78): Illuminate\\View\\View->render()
#6 /Users/huzai/Documents/GitHub/LR-ProjectManager/vendor/laravel/framework/src/Illuminate/Http/Response.php(34): Illuminate\\Http\\Response->setContent(Object(Illuminate\\View\\View))
#7 /Users/huzai/Documents/GitHub/LR-ProjectManager/vendor/laravel/framework/src/Illuminate/Routing/ResponseFactory.php(61): Illuminate\\Http\\Response->__construct(Object(Illuminate\\View\\View), 200, Array)
#8 /Users/huzai/Documents/GitHub/LR-ProjectManager/vendor/laravel/framework/src/Illuminate/Routing/ResponseFactory.php(91): Illuminate\\Routing\\ResponseFactory->make(Object(Illuminate\\View\\View), 200, Array)
#9 /Users/huzai/Documents/GitHub/LR-ProjectManager/vendor/laravel/framework/src/Illuminate/Support/Facades/Facade.php(363): Illuminate\\Routing\\ResponseFactory->view('app', Array)
#10 /Users/huzai/Documents/GitHub/LR-ProjectManager/vendor/inertiajs/inertia-laravel/src/Response.php(211): Illuminate\\Support\\Facades\\Facade::__callStatic('view', Array)
#11 /Users/huzai/Documents/GitHub/LR-ProjectManager/vendor/laravel/framework/src/Illuminate/Routing/Router.php(921): Inertia\\Response->toResponse(Object(Illuminate\\Http\\Request))
#12 /Users/huzai/Documents/GitHub/LR-ProjectManager/vendor/laravel/framework/src/Illuminate/Routing/Router.php(906): Illuminate\\Routing\\Router::toResponse(Object(Illuminate\\Http\\Request), Object(Inertia\\Response))
#13 /Users/huzai/Documents/GitHub/LR-ProjectManager/vendor/laravel/framework/src/Illuminate/Routing/Router.php(821): Illuminate\\Routing\\Router->prepareResponse(Object(Illuminate\\Http\\Request), Object(Inertia\\Response))
#14 /Users/huzai/Documents/GitHub/LR-ProjectManager/vendor/laravel/framework/src/Illuminate/Pipeline/Pipeline.php(180): Illuminate\\Routing\\Router->{closure:Illuminate\\Routing\\Router::runRouteWithinStack():821}(Object(Illuminate\\Http\\Request))
#15 /Users/huzai/Documents/GitHub/LR-ProjectManager/vendor/laravel/framework/src/Illuminate/Http/Middleware/AddLinkHeadersForPreloadedAssets.php(32): Illuminate\\Pipeline\\Pipeline->{closure:Illuminate\\Pipeline\\Pipeline::prepareDestination():178}(Object(Illuminate\\Http\\Request))
#16 /Users/huzai/Documents/GitHub/LR-ProjectManager/vendor/laravel/framework/src/Illuminate/Pipeline/Pipeline.php(219): Illuminate\\Http\\Middleware\\AddLinkHeadersForPreloadedAssets->handle(Object(Illuminate\\Http\\Request), Object(Closure))
#17 /Users/huzai/Documents/GitHub/LR-ProjectManager/vendor/inertiajs/inertia-laravel/src/Middleware.php(138): Illuminate\\Pipeline\\Pipeline->{closure:{closure:Illuminate\\Pipeline\\Pipeline::carry():194}:195}(Object(Illuminate\\Http\\Request))
#18 /Users/huzai/Documents/GitHub/LR-ProjectManager/vendor/laravel/framework/src/Illuminate/Pipeline/Pipeline.php(219): Inertia\\Middleware->handle(Object(Illuminate\\Http\\Request), Object(Closure))
#19 /Users/huzai/Documents/GitHub/LR-ProjectManager/app/Http/Middleware/HandleAppearance.php(21): Illuminate\\Pipeline\\Pipeline->{closure:{closure:Illuminate\\Pipeline\\Pipeline::carry():194}:195}(Object(Illuminate\\Http\\Request))
#20 /Users/huzai/Documents/GitHub/LR-ProjectManager/vendor/laravel/framework/src/Illuminate/Pipeline/Pipeline.php(219): App\\Http\\Middleware\\HandleAppearance->handle(Object(Illuminate\\Http\\Request), Object(Closure))
#21 /Users/huzai/Documents/GitHub/LR-ProjectManager/vendor/laravel/framework/src/Illuminate/Routing/Middleware/SubstituteBindings.php(52): Illuminate\\Pipeline\\Pipeline->{closure:{closure:Illuminate\\Pipeline\\Pipeline::carry():194}:195}(Object(Illuminate\\Http\\Request))
#22 /Users/huzai/Documents/GitHub/LR-ProjectManager/vendor/laravel/framework/src/Illuminate/Pipeline/Pipeline.php(219): Illuminate\\Routing\\Middleware\\SubstituteBindings->handle(Object(Illuminate\\Http\\Request), Object(Closure))
#23 /Users/huzai/Documents/GitHub/LR-ProjectManager/vendor/laravel/framework/src/Illuminate/Auth/Middleware/Authenticate.php(63): Illuminate\\Pipeline\\Pipeline->{closure:{closure:Illuminate\\Pipeline\\Pipeline::carry():194}:195}(Object(Illuminate\\Http\\Request))
#24 /Users/huzai/Documents/GitHub/LR-ProjectManager/vendor/laravel/framework/src/Illuminate/Pipeline/Pipeline.php(219): Illuminate\\Auth\\Middleware\\Authenticate->handle(Object(Illuminate\\Http\\Request), Object(Closure))
#25 /Users/huzai/Documents/GitHub/LR-ProjectManager/vendor/laravel/framework/src/Illuminate/Foundation/Http/Middleware/PreventRequestForgery.php(104): Illuminate\\Pipeline\\Pipeline->{closure:{closure:Illuminate\\Pipeline\\Pipeline::carry():194}:195}(Object(Illuminate\\Http\\Request))
#26 /Users/huzai/Documents/GitHub/LR-ProjectManager/vendor/laravel/framework/src/Illuminate/Pipeline/Pipeline.php(219): Illuminate\\Foundation\\Http\\Middleware\\PreventRequestForgery->handle(Object(Illuminate\\Http\\Request), Object(Closure))
#27 /Users/huzai/Documents/GitHub/LR-ProjectManager/vendor/laravel/framework/src/Illuminate/View/Middleware/ShareErrorsFromSession.php(48): Illuminate\\Pipeline\\Pipeline->{closure:{closure:Illuminate\\Pipeline\\Pipeline::carry():194}:195}(Object(Illuminate\\Http\\Request))
#28 /Users/huzai/Documents/GitHub/LR-ProjectManager/vendor/laravel/framework/src/Illuminate/Pipeline/Pipeline.php(219): Illuminate\\View\\Middleware\\ShareErrorsFromSession->handle(Object(Illuminate\\Http\\Request), Object(Closure))
#29 /Users/huzai/Documents/GitHub/LR-ProjectManager/vendor/laravel/framework/src/Illuminate/Session/Middleware/StartSession.php(120): Illuminate\\Pipeline\\Pipeline->{closure:{closure:Illuminate\\Pipeline\\Pipeline::carry():194}:195}(Object(Illuminate\\Http\\Request))
#30 /Users/huzai/Documents/GitHub/LR-ProjectManager/vendor/laravel/framework/src/Illuminate/Session/Middleware/StartSession.php(63): Illuminate\\Session\\Middleware\\StartSession->handleStatefulRequest(Object(Illuminate\\Http\\Request), Object(Illuminate\\Session\\Store), Object(Closure))
#31 /Users/huzai/Documents/GitHub/LR-ProjectManager/vendor/laravel/framework/src/Illuminate/Pipeline/Pipeline.php(219): Illuminate\\Session\\Middleware\\StartSession->handle(Object(Illuminate\\Http\\Request), Object(Closure))
#32 /Users/huzai/Documents/GitHub/LR-ProjectManager/vendor/laravel/framework/src/Illuminate/Cookie/Middleware/AddQueuedCookiesToResponse.php(36): Illuminate\\Pipeline\\Pipeline->{closure:{closure:Illuminate\\Pipeline\\Pipeline::carry():194}:195}(Object(Illuminate\\Http\\Request))
#33 /Users/huzai/Documents/GitHub/LR-ProjectManager/vendor/laravel/framework/src/Illuminate/Pipeline/Pipeline.php(219): Illuminate\\Cookie\\Middleware\\AddQueuedCookiesToResponse->handle(Object(Illuminate\\Http\\Request), Object(Closure))
#34 /Users/huzai/Documents/GitHub/LR-ProjectManager/vendor/laravel/framework/src/Illuminate/Cookie/Middleware/EncryptCookies.php(74): Illuminate\\Pipeline\\Pipeline->{closure:{closure:Illuminate\\Pipeline\\Pipeline::carry():194}:195}(Object(Illuminate\\Http\\Request))
#35 /Users/huzai/Documents/GitHub/LR-ProjectManager/vendor/laravel/framework/src/Illuminate/Pipeline/Pipeline.php(219): Illuminate\\Cookie\\Middleware\\EncryptCookies->handle(Object(Illuminate\\Http\\Request), Object(Closure))
#36 /Users/huzai/Documents/GitHub/LR-ProjectManager/vendor/laravel/framework/src/Illuminate/Pipeline/Pipeline.php(137): Illuminate\\Pipeline\\Pipeline->{closure:{closure:Illuminate\\Pipeline\\Pipeline::carry():194}:195}(Object(Illuminate\\Http\\Request))
#37 /Users/huzai/Documents/GitHub/LR-ProjectManager/vendor/laravel/framework/src/Illuminate/Routing/Router.php(821): Illuminate\\Pipeline\\Pipeline->then(Object(Closure))
#38 /Users/huzai/Documents/GitHub/LR-ProjectManager/vendor/laravel/framework/src/Illuminate/Routing/Router.php(800): Illuminate\\Routing\\Router->runRouteWithinStack(Object(Illuminate\\Routing\\Route), Object(Illuminate\\Http\\Request))
#39 /Users/huzai/Documents/GitHub/LR-ProjectManager/vendor/laravel/framework/src/Illuminate/Routing/Router.php(764): Illuminate\\Routing\\Router->runRoute(Object(Illuminate\\Http\\Request), Object(Illuminate\\Routing\\Route))
#40 /Users/huzai/Documents/GitHub/LR-ProjectManager/vendor/laravel/framework/src/Illuminate/Routing/Router.php(753): Illuminate\\Routing\\Router->dispatchToRoute(Object(Illuminate\\Http\\Request))
#41 /Users/huzai/Documents/GitHub/LR-ProjectManager/vendor/laravel/framework/src/Illuminate/Foundation/Http/Kernel.php(200): Illuminate\\Routing\\Router->dispatch(Object(Illuminate\\Http\\Request))
#42 /Users/huzai/Documents/GitHub/LR-ProjectManager/vendor/laravel/framework/src/Illuminate/Pipeline/Pipeline.php(180): Illuminate\\Foundation\\Http\\Kernel->{closure:Illuminate\\Foundation\\Http\\Kernel::dispatchToRouter():197}(Object(Illuminate\\Http\\Request))
#43 /Users/huzai/Documents/GitHub/LR-ProjectManager/vendor/inertiajs/inertia-laravel/src/Middleware/EnsureGetOnRedirect.php(19): Illuminate\\Pipeline\\Pipeline->{closure:Illuminate\\Pipeline\\Pipeline::prepareDestination():178}(Object(Illuminate\\Http\\Request))
#44 /Users/huzai/Documents/GitHub/LR-ProjectManager/vendor/laravel/framework/src/Illuminate/Pipeline/Pipeline.php(219): Inertia\\Middleware\\EnsureGetOnRedirect->handle(Object(Illuminate\\Http\\Request), Object(Closure))
#45 /Users/huzai/Documents/GitHub/LR-ProjectManager/vendor/laravel/framework/src/Illuminate/Foundation/Http/Middleware/TransformsRequest.php(21): Illuminate\\Pipeline\\Pipeline->{closure:{closure:Illuminate\\Pipeline\\Pipeline::carry():194}:195}(Object(Illuminate\\Http\\Request))
#46 /Users/huzai/Documents/GitHub/LR-ProjectManager/vendor/laravel/framework/src/Illuminate/Foundation/Http/Middleware/ConvertEmptyStringsToNull.php(31): Illuminate\\Foundation\\Http\\Middleware\\TransformsRequest->handle(Object(Illuminate\\Http\\Request), Object(Closure))
#47 /Users/huzai/Documents/GitHub/LR-ProjectManager/vendor/laravel/framework/src/Illuminate/Pipeline/Pipeline.php(219): Illuminate\\Foundation\\Http\\Middleware\\ConvertEmptyStringsToNull->handle(Object(Illuminate\\Http\\Request), Object(Closure))
#48 /Users/huzai/Documents/GitHub/LR-ProjectManager/vendor/laravel/framework/src/Illuminate/Foundation/Http/Middleware/TransformsRequest.php(21): Illuminate\\Pipeline\\Pipeline->{closure:{closure:Illuminate\\Pipeline\\Pipeline::carry():194}:195}(Object(Illuminate\\Http\\Request))
#49 /Users/huzai/Documents/GitHub/LR-ProjectManager/vendor/laravel/framework/src/Illuminate/Foundation/Http/Middleware/TrimStrings.php(51): Illuminate\\Foundation\\Http\\Middleware\\TransformsRequest->handle(Object(Illuminate\\Http\\Request), Object(Closure))
#50 /Users/huzai/Documents/GitHub/LR-ProjectManager/vendor/laravel/framework/src/Illuminate/Pipeline/Pipeline.php(219): Illuminate\\Foundation\\Http\\Middleware\\TrimStrings->handle(Object(Illuminate\\Http\\Request), Object(Closure))
#51 /Users/huzai/Documents/GitHub/LR-ProjectManager/vendor/laravel/framework/src/Illuminate/Http/Middleware/ValidatePostSize.php(27): Illuminate\\Pipeline\\Pipeline->{closure:{closure:Illuminate\\Pipeline\\Pipeline::carry():194}:195}(Object(Illuminate\\Http\\Request))
#52 /Users/huzai/Documents/GitHub/LR-ProjectManager/vendor/laravel/framework/src/Illuminate/Pipeline/Pipeline.php(219): Illuminate\\Http\\Middleware\\ValidatePostSize->handle(Object(Illuminate\\Http\\Request), Object(Closure))
#53 /Users/huzai/Documents/GitHub/LR-ProjectManager/vendor/laravel/framework/src/Illuminate/Foundation/Http/Middleware/PreventRequestsDuringMaintenance.php(109): Illuminate\\Pipeline\\Pipeline->{closure:{closure:Illuminate\\Pipeline\\Pipeline::carry():194}:195}(Object(Illuminate\\Http\\Request))
#54 /Users/huzai/Documents/GitHub/LR-ProjectManager/vendor/laravel/framework/src/Illuminate/Pipeline/Pipeline.php(219): Illuminate\\Foundation\\Http\\Middleware\\PreventRequestsDuringMaintenance->handle(Object(Illuminate\\Http\\Request), Object(Closure))
#55 /Users/huzai/Documents/GitHub/LR-ProjectManager/vendor/laravel/framework/src/Illuminate/Http/Middleware/HandleCors.php(61): Illuminate\\Pipeline\\Pipeline->{closure:{closure:Illuminate\\Pipeline\\Pipeline::carry():194}:195}(Object(Illuminate\\Http\\Request))
#56 /Users/huzai/Documents/GitHub/LR-ProjectManager/vendor/laravel/framework/src/Illuminate/Pipeline/Pipeline.php(219): Illuminate\\Http\\Middleware\\HandleCors->handle(Object(Illuminate\\Http\\Request), Object(Closure))
#57 /Users/huzai/Documents/GitHub/LR-ProjectManager/vendor/laravel/framework/src/Illuminate/Http/Middleware/TrustProxies.php(58): Illuminate\\Pipeline\\Pipeline->{closure:{closure:Illuminate\\Pipeline\\Pipeline::carry():194}:195}(Object(Illuminate\\Http\\Request))
#58 /Users/huzai/Documents/GitHub/LR-ProjectManager/vendor/laravel/framework/src/Illuminate/Pipeline/Pipeline.php(219): Illuminate\\Http\\Middleware\\TrustProxies->handle(Object(Illuminate\\Http\\Request), Object(Closure))
#59 /Users/huzai/Documents/GitHub/LR-ProjectManager/vendor/laravel/framework/src/Illuminate/Foundation/Http/Middleware/InvokeDeferredCallbacks.php(22): Illuminate\\Pipeline\\Pipeline->{closure:{closure:Illuminate\\Pipeline\\Pipeline::carry():194}:195}(Object(Illuminate\\Http\\Request))
#60 /Users/huzai/Documents/GitHub/LR-ProjectManager/vendor/laravel/framework/src/Illuminate/Pipeline/Pipeline.php(219): Illuminate\\Foundation\\Http\\Middleware\\InvokeDeferredCallbacks->handle(Object(Illuminate\\Http\\Request), Object(Closure))
#61 /Users/huzai/Documents/GitHub/LR-ProjectManager/vendor/laravel/framework/src/Illuminate/Http/Middleware/ValidatePathEncoding.php(28): Illuminate\\Pipeline\\Pipeline->{closure:{closure:Illuminate\\Pipeline\\Pipeline::carry():194}:195}(Object(Illuminate\\Http\\Request))
#62 /Users/huzai/Documents/GitHub/LR-ProjectManager/vendor/laravel/framework/src/Illuminate/Pipeline/Pipeline.php(219): Illuminate\\Http\\Middleware\\ValidatePathEncoding->handle(Object(Illuminate\\Http\\Request), Object(Closure))
#63 /Users/huzai/Documents/GitHub/LR-ProjectManager/vendor/laravel/framework/src/Illuminate/Pipeline/Pipeline.php(137): Illuminate\\Pipeline\\Pipeline->{closure:{closure:Illuminate\\Pipeline\\Pipeline::carry():194}:195}(Object(Illuminate\\Http\\Request))
#64 /Users/huzai/Documents/GitHub/LR-ProjectManager/vendor/laravel/framework/src/Illuminate/Foundation/Http/Kernel.php(175): Illuminate\\Pipeline\\Pipeline->then(Object(Closure))
#65 /Users/huzai/Documents/GitHub/LR-ProjectManager/vendor/laravel/framework/src/Illuminate/Foundation/Http/Kernel.php(144): Illuminate\\Foundation\\Http\\Kernel->sendRequestThroughRouter(Object(Illuminate\\Http\\Request))
#66 /Users/huzai/Documents/GitHub/LR-ProjectManager/vendor/laravel/framework/src/Illuminate/Foundation/Testing/Concerns/MakesHttpRequests.php(607): Illuminate\\Foundation\\Http\\Kernel->handle(Object(Illuminate\\Http\\Request))
#67 /Users/huzai/Documents/GitHub/LR-ProjectManager/vendor/laravel/framework/src/Illuminate/Foundation/Testing/Concerns/MakesHttpRequests.php(368): Illuminate\\Foundation\\Testing\\TestCase->call('GET', 'http://127.0.0....', Array, Array, Array, Array)
#68 /Users/huzai/Documents/GitHub/LR-ProjectManager/tests/Feature/Settings/ProfileUpdateTest.php(19): Illuminate\\Foundation\\Testing\\TestCase->get('http://127.0.0....')
#69 /Users/huzai/Documents/GitHub/LR-ProjectManager/vendor/phpunit/phpunit/src/Framework/TestCase.php(1314): Tests\\Feature\\Settings\\ProfileUpdateTest->test_profile_page_is_displayed()
#70 /Users/huzai/Documents/GitHub/LR-ProjectManager/vendor/phpunit/phpunit/src/Framework/TestCase.php(1351): PHPUnit\\Framework\\TestCase->invokeTestMethod('test_profile_pa...', Array)
#71 /Users/huzai/Documents/GitHub/LR-ProjectManager/vendor/phpunit/phpunit/src/Framework/TestCase.php(521): PHPUnit\\Framework\\TestCase->runTest()
#72 /Users/huzai/Documents/GitHub/LR-ProjectManager/vendor/phpunit/phpunit/src/Framework/TestRunner/TestRunner.php(99): PHPUnit\\Framework\\TestCase->runBare()
#73 /Users/huzai/Documents/GitHub/LR-ProjectManager/vendor/phpunit/phpunit/src/Framework/TestCase.php(361): PHPUnit\\Framework\\TestRunner->run(Object(Tests\\Feature\\Settings\\ProfileUpdateTest))
#74 /Users/huzai/Documents/GitHub/LR-ProjectManager/vendor/phpunit/phpunit/src/Framework/TestSuite.php(374): PHPUnit\\Framework\\TestCase->run()
#75 /Users/huzai/Documents/GitHub/LR-ProjectManager/vendor/phpunit/phpunit/src/Framework/TestSuite.php(374): PHPUnit\\Framework\\TestSuite->run()
#76 /Users/huzai/Documents/GitHub/LR-ProjectManager/vendor/phpunit/phpunit/src/Framework/TestSuite.php(374): PHPUnit\\Framework\\TestSuite->run()
#77 /Users/huzai/Documents/GitHub/LR-ProjectManager/vendor/phpunit/phpunit/src/TextUI/TestRunner.php(64): PHPUnit\\Framework\\TestSuite->run()
#78 /Users/huzai/Documents/GitHub/LR-ProjectManager/vendor/phpunit/phpunit/src/TextUI/Application.php(229): PHPUnit\\TextUI\\TestRunner->run(Object(PHPUnit\\TextUI\\Configuration\\Configuration), Object(PHPUnit\\Runner\\ResultCache\\DefaultResultCache), Object(PHPUnit\\Framework\\TestSuite))
#79 /Users/huzai/Documents/GitHub/LR-ProjectManager/vendor/phpunit/phpunit/phpunit(104): PHPUnit\\TextUI\\Application->run(Array)
#80 {main}

[previous exception] [object] (Illuminate\\Foundation\\ViteManifestNotFoundException(code: 0): Vite manifest not found at: /Users/huzai/Documents/GitHub/LR-ProjectManager/public/build/manifest.json at /Users/huzai/Documents/GitHub/LR-ProjectManager/vendor/laravel/framework/src/Illuminate/Foundation/Vite.php:960)
[stacktrace]
#0 /Users/huzai/Documents/GitHub/LR-ProjectManager/vendor/laravel/framework/src/Illuminate/Foundation/Vite.php(398): Illuminate\\Foundation\\Vite->manifest('build')
#1 /Users/huzai/Documents/GitHub/LR-ProjectManager/storage/framework/views/cc980059043f8a994bd2e0d5afbf0963.php(40): Illuminate\\Foundation\\Vite->__invoke(Object(Illuminate\\Support\\Collection))
#2 /Users/huzai/Documents/GitHub/LR-ProjectManager/vendor/laravel/framework/src/Illuminate/Filesystem/Filesystem.php(123): require('/Users/huzai/Do...')
#3 /Users/huzai/Documents/GitHub/LR-ProjectManager/vendor/laravel/framework/src/Illuminate/Filesystem/Filesystem.php(124): Illuminate\\Filesystem\\Filesystem::{closure:Illuminate\\Filesystem\\Filesystem::getRequire():120}()
#4 /Users/huzai/Documents/GitHub/LR-ProjectManager/vendor/laravel/framework/src/Illuminate/View/Engines/PhpEngine.php(57): Illuminate\\Filesystem\\Filesystem->getRequire('/Users/huzai/Do...', Array)
#5 /Users/huzai/Documents/GitHub/LR-ProjectManager/vendor/laravel/framework/src/Illuminate/View/Engines/CompilerEngine.php(76): Illuminate\\View\\Engines\\PhpEngine->evaluatePath('/Users/huzai/Do...', Array)
#6 /Users/huzai/Documents/GitHub/LR-ProjectManager/vendor/laravel/framework/src/Illuminate/View/View.php(208): Illuminate\\View\\Engines\\CompilerEngine->get('/Users/huzai/Do...', Array)
#7 /Users/huzai/Documents/GitHub/LR-ProjectManager/vendor/laravel/framework/src/Illuminate/View/View.php(191): Illuminate\\View\\View->getContents()
#8 /Users/huzai/Documents/GitHub/LR-ProjectManager/vendor/laravel/framework/src/Illuminate/View/View.php(160): Illuminate\\View\\View->renderContents()
#9 /Users/huzai/Documents/GitHub/LR-ProjectManager/vendor/laravel/framework/src/Illuminate/Http/Response.php(78): Illuminate\\View\\View->render()
#10 /Users/huzai/Documents/GitHub/LR-ProjectManager/vendor/laravel/framework/src/Illuminate/Http/Response.php(34): Illuminate\\Http\\Response->setContent(Object(Illuminate\\View\\View))
#11 /Users/huzai/Documents/GitHub/LR-ProjectManager/vendor/laravel/framework/src/Illuminate/Routing/ResponseFactory.php(61): Illuminate\\Http\\Response->__construct(Object(Illuminate\\View\\View), 200, Array)
#12 /Users/huzai/Documents/GitHub/LR-ProjectManager/vendor/laravel/framework/src/Illuminate/Routing/ResponseFactory.php(91): Illuminate\\Routing\\ResponseFactory->make(Object(Illuminate\\View\\View), 200, Array)
#13 /Users/huzai/Documents/GitHub/LR-ProjectManager/vendor/laravel/framework/src/Illuminate/Support/Facades/Facade.php(363): Illuminate\\Routing\\ResponseFactory->view('app', Array)
#14 /Users/huzai/Documents/GitHub/LR-ProjectManager/vendor/inertiajs/inertia-laravel/src/Response.php(211): Illuminate\\Support\\Facades\\Facade::__callStatic('view', Array)
#15 /Users/huzai/Documents/GitHub/LR-ProjectManager/vendor/laravel/framework/src/Illuminate/Routing/Router.php(921): Inertia\\Response->toResponse(Object(Illuminate\\Http\\Request))
#16 /Users/huzai/Documents/GitHub/LR-ProjectManager/vendor/laravel/framework/src/Illuminate/Routing/Router.php(906): Illuminate\\Routing\\Router::toResponse(Object(Illuminate\\Http\\Request), Object(Inertia\\Response))
#17 /Users/huzai/Documents/GitHub/LR-ProjectManager/vendor/laravel/framework/src/Illuminate/Routing/Router.php(821): Illuminate\\Routing\\Router->prepareResponse(Object(Illuminate\\Http\\Request), Object(Inertia\\Response))
#18 /Users/huzai/Documents/GitHub/LR-ProjectManager/vendor/laravel/framework/src/Illuminate/Pipeline/Pipeline.php(180): Illuminate\\Routing\\Router->{closure:Illuminate\\Routing\\Router::runRouteWithinStack():821}(Object(Illuminate\\Http\\Request))
#19 /Users/huzai/Documents/GitHub/LR-ProjectManager/vendor/laravel/framework/src/Illuminate/Http/Middleware/AddLinkHeadersForPreloadedAssets.php(32): Illuminate\\Pipeline\\Pipeline->{closure:Illuminate\\Pipeline\\Pipeline::prepareDestination():178}(Object(Illuminate\\Http\\Request))
#20 /Users/huzai/Documents/GitHub/LR-ProjectManager/vendor/laravel/framework/src/Illuminate/Pipeline/Pipeline.php(219): Illuminate\\Http\\Middleware\\AddLinkHeadersForPreloadedAssets->handle(Object(Illuminate\\Http\\Request), Object(Closure))
#21 /Users/huzai/Documents/GitHub/LR-ProjectManager/vendor/inertiajs/inertia-laravel/src/Middleware.php(138): Illuminate\\Pipeline\\Pipeline->{closure:{closure:Illuminate\\Pipeline\\Pipeline::carry():194}:195}(Object(Illuminate\\Http\\Request))
#22 /Users/huzai/Documents/GitHub/LR-ProjectManager/vendor/laravel/framework/src/Illuminate/Pipeline/Pipeline.php(219): Inertia\\Middleware->handle(Object(Illuminate\\Http\\Request), Object(Closure))
#23 /Users/huzai/Documents/GitHub/LR-ProjectManager/app/Http/Middleware/HandleAppearance.php(21): Illuminate\\Pipeline\\Pipeline->{closure:{closure:Illuminate\\Pipeline\\Pipeline::carry():194}:195}(Object(Illuminate\\Http\\Request))
#24 /Users/huzai/Documents/GitHub/LR-ProjectManager/vendor/laravel/framework/src/Illuminate/Pipeline/Pipeline.php(219): App\\Http\\Middleware\\HandleAppearance->handle(Object(Illuminate\\Http\\Request), Object(Closure))
#25 /Users/huzai/Documents/GitHub/LR-ProjectManager/vendor/laravel/framework/src/Illuminate/Routing/Middleware/SubstituteBindings.php(52): Illuminate\\Pipeline\\Pipeline->{closure:{closure:Illuminate\\Pipeline\\Pipeline::carry():194}:195}(Object(Illuminate\\Http\\Request))
#26 /Users/huzai/Documents/GitHub/LR-ProjectManager/vendor/laravel/framework/src/Illuminate/Pipeline/Pipeline.php(219): Illuminate\\Routing\\Middleware\\SubstituteBindings->handle(Object(Illuminate\\Http\\Request), Object(Closure))
#27 /Users/huzai/Documents/GitHub/LR-ProjectManager/vendor/laravel/framework/src/Illuminate/Auth/Middleware/Authenticate.php(63): Illuminate\\Pipeline\\Pipeline->{closure:{closure:Illuminate\\Pipeline\\Pipeline::carry():194}:195}(Object(Illuminate\\Http\\Request))
#28 /Users/huzai/Documents/GitHub/LR-ProjectManager/vendor/laravel/framework/src/Illuminate/Pipeline/Pipeline.php(219): Illuminate\\Auth\\Middleware\\Authenticate->handle(Object(Illuminate\\Http\\Request), Object(Closure))
#29 /Users/huzai/Documents/GitHub/LR-ProjectManager/vendor/laravel/framework/src/Illuminate/Foundation/Http/Middleware/PreventRequestForgery.php(104): Illuminate\\Pipeline\\Pipeline->{closure:{closure:Illuminate\\Pipeline\\Pipeline::carry():194}:195}(Object(Illuminate\\Http\\Request))
#30 /Users/huzai/Documents/GitHub/LR-ProjectManager/vendor/laravel/framework/src/Illuminate/Pipeline/Pipeline.php(219): Illuminate\\Foundation\\Http\\Middleware\\PreventRequestForgery->handle(Object(Illuminate\\Http\\Request), Object(Closure))
#31 /Users/huzai/Documents/GitHub/LR-ProjectManager/vendor/laravel/framework/src/Illuminate/View/Middleware/ShareErrorsFromSession.php(48): Illuminate\\Pipeline\\Pipeline->{closure:{closure:Illuminate\\Pipeline\\Pipeline::carry():194}:195}(Object(Illuminate\\Http\\Request))
#32 /Users/huzai/Documents/GitHub/LR-ProjectManager/vendor/laravel/framework/src/Illuminate/Pipeline/Pipeline.php(219): Illuminate\\View\\Middleware\\ShareErrorsFromSession->handle(Object(Illuminate\\Http\\Request), Object(Closure))
#33 /Users/huzai/Documents/GitHub/LR-ProjectManager/vendor/laravel/framework/src/Illuminate/Session/Middleware/StartSession.php(120): Illuminate\\Pipeline\\Pipeline->{closure:{closure:Illuminate\\Pipeline\\Pipeline::carry():194}:195}(Object(Illuminate\\Http\\Request))
#34 /Users/huzai/Documents/GitHub/LR-ProjectManager/vendor/laravel/framework/src/Illuminate/Session/Middleware/StartSession.php(63): Illuminate\\Session\\Middleware\\StartSession->handleStatefulRequest(Object(Illuminate\\Http\\Request), Object(Illuminate\\Session\\Store), Object(Closure))
#35 /Users/huzai/Documents/GitHub/LR-ProjectManager/vendor/laravel/framework/src/Illuminate/Pipeline/Pipeline.php(219): Illuminate\\Session\\Middleware\\StartSession->handle(Object(Illuminate\\Http\\Request), Object(Closure))
#36 /Users/huzai/Documents/GitHub/LR-ProjectManager/vendor/laravel/framework/src/Illuminate/Cookie/Middleware/AddQueuedCookiesToResponse.php(36): Illuminate\\Pipeline\\Pipeline->{closure:{closure:Illuminate\\Pipeline\\Pipeline::carry():194}:195}(Object(Illuminate\\Http\\Request))
#37 /Users/huzai/Documents/GitHub/LR-ProjectManager/vendor/laravel/framework/src/Illuminate/Pipeline/Pipeline.php(219): Illuminate\\Cookie\\Middleware\\AddQueuedCookiesToResponse->handle(Object(Illuminate\\Http\\Request), Object(Closure))
#38 /Users/huzai/Documents/GitHub/LR-ProjectManager/vendor/laravel/framework/src/Illuminate/Cookie/Middleware/EncryptCookies.php(74): Illuminate\\Pipeline\\Pipeline->{closure:{closure:Illuminate\\Pipeline\\Pipeline::carry():194}:195}(Object(Illuminate\\Http\\Request))
#39 /Users/huzai/Documents/GitHub/LR-ProjectManager/vendor/laravel/framework/src/Illuminate/Pipeline/Pipeline.php(219): Illuminate\\Cookie\\Middleware\\EncryptCookies->handle(Object(Illuminate\\Http\\Request), Object(Closure))
#40 /Users/huzai/Documents/GitHub/LR-ProjectManager/vendor/laravel/framework/src/Illuminate/Pipeline/Pipeline.php(137): Illuminate\\Pipeline\\Pipeline->{closure:{closure:Illuminate\\Pipeline\\Pipeline::carry():194}:195}(Object(Illuminate\\Http\\Request))
#41 /Users/huzai/Documents/GitHub/LR-ProjectManager/vendor/laravel/framework/src/Illuminate/Routing/Router.php(821): Illuminate\\Pipeline\\Pipeline->then(Object(Closure))
#42 /Users/huzai/Documents/GitHub/LR-ProjectManager/vendor/laravel/framework/src/Illuminate/Routing/Router.php(800): Illuminate\\Routing\\Router->runRouteWithinStack(Object(Illuminate\\Routing\\Route), Object(Illuminate\\Http\\Request))
#43 /Users/huzai/Documents/GitHub/LR-ProjectManager/vendor/laravel/framework/src/Illuminate/Routing/Router.php(764): Illuminate\\Routing\\Router->runRoute(Object(Illuminate\\Http\\Request), Object(Illuminate\\Routing\\Route))
#44 /Users/huzai/Documents/GitHub/LR-ProjectManager/vendor/laravel/framework/src/Illuminate/Routing/Router.php(753): Illuminate\\Routing\\Router->dispatchToRoute(Object(Illuminate\\Http\\Request))
#45 /Users/huzai/Documents/GitHub/LR-ProjectManager/vendor/laravel/framework/src/Illuminate/Foundation/Http/Kernel.php(200): Illuminate\\Routing\\Router->dispatch(Object(Illuminate\\Http\\Request))
#46 /Users/huzai/Documents/GitHub/LR-ProjectManager/vendor/laravel/framework/src/Illuminate/Pipeline/Pipeline.php(180): Illuminate\\Foundation\\Http\\Kernel->{closure:Illuminate\\Foundation\\Http\\Kernel::dispatchToRouter():197}(Object(Illuminate\\Http\\Request))
#47 /Users/huzai/Documents/GitHub/LR-ProjectManager/vendor/inertiajs/inertia-laravel/src/Middleware/EnsureGetOnRedirect.php(19): Illuminate\\Pipeline\\Pipeline->{closure:Illuminate\\Pipeline\\Pipeline::prepareDestination():178}(Object(Illuminate\\Http\\Request))
#48 /Users/huzai/Documents/GitHub/LR-ProjectManager/vendor/laravel/framework/src/Illuminate/Pipeline/Pipeline.php(219): Inertia\\Middleware\\EnsureGetOnRedirect->handle(Object(Illuminate\\Http\\Request), Object(Closure))
#49 /Users/huzai/Documents/GitHub/LR-ProjectManager/vendor/laravel/framework/src/Illuminate/Foundation/Http/Middleware/TransformsRequest.php(21): Illuminate\\Pipeline\\Pipeline->{closure:{closure:Illuminate\\Pipeline\\Pipeline::carry():194}:195}(Object(Illuminate\\Http\\Request))
#50 /Users/huzai/Documents/GitHub/LR-ProjectManager/vendor/laravel/framework/src/Illuminate/Foundation/Http/Middleware/ConvertEmptyStringsToNull.php(31): Illuminate\\Foundation\\Http\\Middleware\\TransformsRequest->handle(Object(Illuminate\\Http\\Request), Object(Closure))
#51 /Users/huzai/Documents/GitHub/LR-ProjectManager/vendor/laravel/framework/src/Illuminate/Pipeline/Pipeline.php(219): Illuminate\\Foundation\\Http\\Middleware\\ConvertEmptyStringsToNull->handle(Object(Illuminate\\Http\\Request), Object(Closure))
#52 /Users/huzai/Documents/GitHub/LR-ProjectManager/vendor/laravel/framework/src/Illuminate/Foundation/Http/Middleware/TransformsRequest.php(21): Illuminate\\Pipeline\\Pipeline->{closure:{closure:Illuminate\\Pipeline\\Pipeline::carry():194}:195}(Object(Illuminate\\Http\\Request))
#53 /Users/huzai/Documents/GitHub/LR-ProjectManager/vendor/laravel/framework/src/Illuminate/Foundation/Http/Middleware/TrimStrings.php(51): Illuminate\\Foundation\\Http\\Middleware\\TransformsRequest->handle(Object(Illuminate\\Http\\Request), Object(Closure))
#54 /Users/huzai/Documents/GitHub/LR-ProjectManager/vendor/laravel/framework/src/Illuminate/Pipeline/Pipeline.php(219): Illuminate\\Foundation\\Http\\Middleware\\TrimStrings->handle(Object(Illuminate\\Http\\Request), Object(Closure))
#55 /Users/huzai/Documents/GitHub/LR-ProjectManager/vendor/laravel/framework/src/Illuminate/Http/Middleware/ValidatePostSize.php(27): Illuminate\\Pipeline\\Pipeline->{closure:{closure:Illuminate\\Pipeline\\Pipeline::carry():194}:195}(Object(Illuminate\\Http\\Request))
#56 /Users/huzai/Documents/GitHub/LR-ProjectManager/vendor/laravel/framework/src/Illuminate/Pipeline/Pipeline.php(219): Illuminate\\Http\\Middleware\\ValidatePostSize->handle(Object(Illuminate\\Http\\Request), Object(Closure))
#57 /Users/huzai/Documents/GitHub/LR-ProjectManager/vendor/laravel/framework/src/Illuminate/Foundation/Http/Middleware/PreventRequestsDuringMaintenance.php(109): Illuminate\\Pipeline\\Pipeline->{closure:{closure:Illuminate\\Pipeline\\Pipeline::carry():194}:195}(Object(Illuminate\\Http\\Request))
#58 /Users/huzai/Documents/GitHub/LR-ProjectManager/vendor/laravel/framework/src/Illuminate/Pipeline/Pipeline.php(219): Illuminate\\Foundation\\Http\\Middleware\\PreventRequestsDuringMaintenance->handle(Object(Illuminate\\Http\\Request), Object(Closure))
#59 /Users/huzai/Documents/GitHub/LR-ProjectManager/vendor/laravel/framework/src/Illuminate/Http/Middleware/HandleCors.php(61): Illuminate\\Pipeline\\Pipeline->{closure:{closure:Illuminate\\Pipeline\\Pipeline::carry():194}:195}(Object(Illuminate\\Http\\Request))
#60 /Users/huzai/Documents/GitHub/LR-ProjectManager/vendor/laravel/framework/src/Illuminate/Pipeline/Pipeline.php(219): Illuminate\\Http\\Middleware\\HandleCors->handle(Object(Illuminate\\Http\\Request), Object(Closure))
#61 /Users/huzai/Documents/GitHub/LR-ProjectManager/vendor/laravel/framework/src/Illuminate/Http/Middleware/TrustProxies.php(58): Illuminate\\Pipeline\\Pipeline->{closure:{closure:Illuminate\\Pipeline\\Pipeline::carry():194}:195}(Object(Illuminate\\Http\\Request))
#62 /Users/huzai/Documents/GitHub/LR-ProjectManager/vendor/laravel/framework/src/Illuminate/Pipeline/Pipeline.php(219): Illuminate\\Http\\Middleware\\TrustProxies->handle(Object(Illuminate\\Http\\Request), Object(Closure))
#63 /Users/huzai/Documents/GitHub/LR-ProjectManager/vendor/laravel/framework/src/Illuminate/Foundation/Http/Middleware/InvokeDeferredCallbacks.php(22): Illuminate\\Pipeline\\Pipeline->{closure:{closure:Illuminate\\Pipeline\\Pipeline::carry():194}:195}(Object(Illuminate\\Http\\Request))
#64 /Users/huzai/Documents/GitHub/LR-ProjectManager/vendor/laravel/framework/src/Illuminate/Pipeline/Pipeline.php(219): Illuminate\\Foundation\\Http\\Middleware\\InvokeDeferredCallbacks->handle(Object(Illuminate\\Http\\Request), Object(Closure))
#65 /Users/huzai/Documents/GitHub/LR-ProjectManager/vendor/laravel/framework/src/Illuminate/Http/Middleware/ValidatePathEncoding.php(28): Illuminate\\Pipeline\\Pipeline->{closure:{closure:Illuminate\\Pipeline\\Pipeline::carry():194}:195}(Object(Illuminate\\Http\\Request))
#66 /Users/huzai/Documents/GitHub/LR-ProjectManager/vendor/laravel/framework/src/Illuminate/Pipeline/Pipeline.php(219): Illuminate\\Http\\Middleware\\ValidatePathEncoding->handle(Object(Illuminate\\Http\\Request), Object(Closure))
#67 /Users/huzai/Documents/GitHub/LR-ProjectManager/vendor/laravel/framework/src/Illuminate/Pipeline/Pipeline.php(137): Illuminate\\Pipeline\\Pipeline->{closure:{closure:Illuminate\\Pipeline\\Pipeline::carry():194}:195}(Object(Illuminate\\Http\\Request))
#68 /Users/huzai/Documents/GitHub/LR-ProjectManager/vendor/laravel/framework/src/Illuminate/Foundation/Http/Kernel.php(175): Illuminate\\Pipeline\\Pipeline->then(Object(Closure))
#69 /Users/huzai/Documents/GitHub/LR-ProjectManager/vendor/laravel/framework/src/Illuminate/Foundation/Http/Kernel.php(144): Illuminate\\Foundation\\Http\\Kernel->sendRequestThroughRouter(Object(Illuminate\\Http\\Request))
#70 /Users/huzai/Documents/GitHub/LR-ProjectManager/vendor/laravel/framework/src/Illuminate/Foundation/Testing/Concerns/MakesHttpRequests.php(607): Illuminate\\Foundation\\Http\\Kernel->handle(Object(Illuminate\\Http\\Request))
#71 /Users/huzai/Documents/GitHub/LR-ProjectManager/vendor/laravel/framework/src/Illuminate/Foundation/Testing/Concerns/MakesHttpRequests.php(368): Illuminate\\Foundation\\Testing\\TestCase->call('GET', 'http://127.0.0....', Array, Array, Array, Array)
#72 /Users/huzai/Documents/GitHub/LR-ProjectManager/tests/Feature/Settings/ProfileUpdateTest.php(19): Illuminate\\Foundation\\Testing\\TestCase->get('http://127.0.0....')
#73 /Users/huzai/Documents/GitHub/LR-ProjectManager/vendor/phpunit/phpunit/src/Framework/TestCase.php(1314): Tests\\Feature\\Settings\\ProfileUpdateTest->test_profile_page_is_displayed()
#74 /Users/huzai/Documents/GitHub/LR-ProjectManager/vendor/phpunit/phpunit/src/Framework/TestCase.php(1351): PHPUnit\\Framework\\TestCase->invokeTestMethod('test_profile_pa...', Array)
#75 /Users/huzai/Documents/GitHub/LR-ProjectManager/vendor/phpunit/phpunit/src/Framework/TestCase.php(521): PHPUnit\\Framework\\TestCase->runTest()
#76 /Users/huzai/Documents/GitHub/LR-ProjectManager/vendor/phpunit/phpunit/src/Framework/TestRunner/TestRunner.php(99): PHPUnit\\Framework\\TestCase->runBare()
#77 /Users/huzai/Documents/GitHub/LR-ProjectManager/vendor/phpunit/phpunit/src/Framework/TestCase.php(361): PHPUnit\\Framework\\TestRunner->run(Object(Tests\\Feature\\Settings\\ProfileUpdateTest))
#78 /Users/huzai/Documents/GitHub/LR-ProjectManager/vendor/phpunit/phpunit/src/Framework/TestSuite.php(374): PHPUnit\\Framework\\TestCase->run()
#79 /Users/huzai/Documents/GitHub/LR-ProjectManager/vendor/phpunit/phpunit/src/Framework/TestSuite.php(374): PHPUnit\\Framework\\TestSuite->run()
#80 /Users/huzai/Documents/GitHub/LR-ProjectManager/vendor/phpunit/phpunit/src/Framework/TestSuite.php(374): PHPUnit\\Framework\\TestSuite->run()
#81 /Users/huzai/Documents/GitHub/LR-ProjectManager/vendor/phpunit/phpunit/src/TextUI/TestRunner.php(64): PHPUnit\\Framework\\TestSuite->run()
#82 /Users/huzai/Documents/GitHub/LR-ProjectManager/vendor/phpunit/phpunit/src/TextUI/Application.php(229): PHPUnit\\TextUI\\TestRunner->run(Object(PHPUnit\\TextUI\\Configuration\\Configuration), Object(PHPUnit\\Runner\\ResultCache\\DefaultResultCache), Object(PHPUnit\\Framework\\TestSuite))
#83 /Users/huzai/Documents/GitHub/LR-ProjectManager/vendor/phpunit/phpunit/phpunit(104): PHPUnit\\TextUI\\Application->run(Array)
#84 {main}
"} 
[2026-05-31 12:41:03] testing.ERROR: Vite manifest not found at: /Users/huzai/Documents/GitHub/LR-ProjectManager/public/build/manifest.json (View: /Users/huzai/Documents/GitHub/LR-ProjectManager/resources/views/app.blade.php) {"userId":1,"exception":"[object] (Illuminate\\View\\ViewException(code: 0): Vite manifest not found at: /Users/huzai/Documents/GitHub/LR-ProjectManager/public/build/manifest.json (View: /Users/huzai/Documents/GitHub/LR-ProjectManager/resources/views/app.blade.php) at /Users/huzai/Documents/GitHub/LR-ProjectManager/vendor/laravel/framework/src/Illuminate/Foundation/Vite.php:960)
[stacktrace]
#0 /Users/huzai/Documents/GitHub/LR-ProjectManager/vendor/laravel/framework/src/Illuminate/View/Engines/PhpEngine.php(59): Illuminate\\View\\Engines\\CompilerEngine->handleViewException(Object(Illuminate\\Foundation\\ViteManifestNotFoundException), 1)
#1 /Users/huzai/Documents/GitHub/LR-ProjectManager/vendor/laravel/framework/src/Illuminate/View/Engines/CompilerEngine.php(76): Illuminate\\View\\Engines\\PhpEngine->evaluatePath('/Users/huzai/Do...', Array)
#2 /Users/huzai/Documents/GitHub/LR-ProjectManager/vendor/laravel/framework/src/Illuminate/View/View.php(208): Illuminate\\View\\Engines\\CompilerEngine->get('/Users/huzai/Do...', Array)
#3 /Users/huzai/Documents/GitHub/LR-ProjectManager/vendor/laravel/framework/src/Illuminate/View/View.php(191): Illuminate\\View\\View->getContents()
#4 /Users/huzai/Documents/GitHub/LR-ProjectManager/vendor/laravel/framework/src/Illuminate/View/View.php(160): Illuminate\\View\\View->renderContents()
#5 /Users/huzai/Documents/GitHub/LR-ProjectManager/vendor/laravel/framework/src/Illuminate/Http/Response.php(78): Illuminate\\View\\View->render()
#6 /Users/huzai/Documents/GitHub/LR-ProjectManager/vendor/laravel/framework/src/Illuminate/Http/Response.php(34): Illuminate\\Http\\Response->setContent(Object(Illuminate\\View\\View))
#7 /Users/huzai/Documents/GitHub/LR-ProjectManager/vendor/laravel/framework/src/Illuminate/Routing/ResponseFactory.php(61): Illuminate\\Http\\Response->__construct(Object(Illuminate\\View\\View), 200, Array)
#8 /Users/huzai/Documents/GitHub/LR-ProjectManager/vendor/laravel/framework/src/Illuminate/Routing/ResponseFactory.php(91): Illuminate\\Routing\\ResponseFactory->make(Object(Illuminate\\View\\View), 200, Array)
#9 /Users/huzai/Documents/GitHub/LR-ProjectManager/vendor/laravel/framework/src/Illuminate/Support/Facades/Facade.php(363): Illuminate\\Routing\\ResponseFactory->view('app', Array)
#10 /Users/huzai/Documents/GitHub/LR-ProjectManager/vendor/inertiajs/inertia-laravel/src/Response.php(211): Illuminate\\Support\\Facades\\Facade::__callStatic('view', Array)
#11 /Users/huzai/Documents/GitHub/LR-ProjectManager/vendor/laravel/framework/src/Illuminate/Routing/Router.php(921): Inertia\\Response->toResponse(Object(Illuminate\\Http\\Request))
#12 /Users/huzai/Documents/GitHub/LR-ProjectManager/vendor/laravel/framework/src/Illuminate/Routing/Router.php(906): Illuminate\\Routing\\Router::toResponse(Object(Illuminate\\Http\\Request), Object(Inertia\\Response))
#13 /Users/huzai/Documents/GitHub/LR-ProjectManager/vendor/laravel/framework/src/Illuminate/Routing/Router.php(821): Illuminate\\Routing\\Router->prepareResponse(Object(Illuminate\\Http\\Request), Object(Inertia\\Response))
#14 /Users/huzai/Documents/GitHub/LR-ProjectManager/vendor/laravel/framework/src/Illuminate/Pipeline/Pipeline.php(180): Illuminate\\Routing\\Router->{closure:Illuminate\\Routing\\Router::runRouteWithinStack():821}(Object(Illuminate\\Http\\Request))
#15 /Users/huzai/Documents/GitHub/LR-ProjectManager/vendor/laravel/framework/src/Illuminate/Auth/Middleware/RequirePassword.php(84): Illuminate\\Pipeline\\Pipeline->{closure:Illuminate\\Pipeline\\Pipeline::prepareDestination():178}(Object(Illuminate\\Http\\Request))
#16 /Users/huzai/Documents/GitHub/LR-ProjectManager/vendor/laravel/framework/src/Illuminate/Pipeline/Pipeline.php(219): Illuminate\\Auth\\Middleware\\RequirePassword->handle(Object(Illuminate\\Http\\Request), Object(Closure))
#17 /Users/huzai/Documents/GitHub/LR-ProjectManager/vendor/laravel/framework/src/Illuminate/Auth/Middleware/EnsureEmailIsVerified.php(41): Illuminate\\Pipeline\\Pipeline->{closure:{closure:Illuminate\\Pipeline\\Pipeline::carry():194}:195}(Object(Illuminate\\Http\\Request))
#18 /Users/huzai/Documents/GitHub/LR-ProjectManager/vendor/laravel/framework/src/Illuminate/Pipeline/Pipeline.php(219): Illuminate\\Auth\\Middleware\\EnsureEmailIsVerified->handle(Object(Illuminate\\Http\\Request), Object(Closure))
#19 /Users/huzai/Documents/GitHub/LR-ProjectManager/vendor/laravel/framework/src/Illuminate/Http/Middleware/AddLinkHeadersForPreloadedAssets.php(32): Illuminate\\Pipeline\\Pipeline->{closure:{closure:Illuminate\\Pipeline\\Pipeline::carry():194}:195}(Object(Illuminate\\Http\\Request))
#20 /Users/huzai/Documents/GitHub/LR-ProjectManager/vendor/laravel/framework/src/Illuminate/Pipeline/Pipeline.php(219): Illuminate\\Http\\Middleware\\AddLinkHeadersForPreloadedAssets->handle(Object(Illuminate\\Http\\Request), Object(Closure))
#21 /Users/huzai/Documents/GitHub/LR-ProjectManager/vendor/inertiajs/inertia-laravel/src/Middleware.php(138): Illuminate\\Pipeline\\Pipeline->{closure:{closure:Illuminate\\Pipeline\\Pipeline::carry():194}:195}(Object(Illuminate\\Http\\Request))
#22 /Users/huzai/Documents/GitHub/LR-ProjectManager/vendor/laravel/framework/src/Illuminate/Pipeline/Pipeline.php(219): Inertia\\Middleware->handle(Object(Illuminate\\Http\\Request), Object(Closure))
#23 /Users/huzai/Documents/GitHub/LR-ProjectManager/app/Http/Middleware/HandleAppearance.php(21): Illuminate\\Pipeline\\Pipeline->{closure:{closure:Illuminate\\Pipeline\\Pipeline::carry():194}:195}(Object(Illuminate\\Http\\Request))
#24 /Users/huzai/Documents/GitHub/LR-ProjectManager/vendor/laravel/framework/src/Illuminate/Pipeline/Pipeline.php(219): App\\Http\\Middleware\\HandleAppearance->handle(Object(Illuminate\\Http\\Request), Object(Closure))
#25 /Users/huzai/Documents/GitHub/LR-ProjectManager/vendor/laravel/framework/src/Illuminate/Routing/Middleware/SubstituteBindings.php(52): Illuminate\\Pipeline\\Pipeline->{closure:{closure:Illuminate\\Pipeline\\Pipeline::carry():194}:195}(Object(Illuminate\\Http\\Request))
#26 /Users/huzai/Documents/GitHub/LR-ProjectManager/vendor/laravel/framework/src/Illuminate/Pipeline/Pipeline.php(219): Illuminate\\Routing\\Middleware\\SubstituteBindings->handle(Object(Illuminate\\Http\\Request), Object(Closure))
#27 /Users/huzai/Documents/GitHub/LR-ProjectManager/vendor/laravel/framework/src/Illuminate/Auth/Middleware/Authenticate.php(63): Illuminate\\Pipeline\\Pipeline->{closure:{closure:Illuminate\\Pipeline\\Pipeline::carry():194}:195}(Object(Illuminate\\Http\\Request))
#28 /Users/huzai/Documents/GitHub/LR-ProjectManager/vendor/laravel/framework/src/Illuminate/Pipeline/Pipeline.php(219): Illuminate\\Auth\\Middleware\\Authenticate->handle(Object(Illuminate\\Http\\Request), Object(Closure))
#29 /Users/huzai/Documents/GitHub/LR-ProjectManager/vendor/laravel/framework/src/Illuminate/Foundation/Http/Middleware/PreventRequestForgery.php(104): Illuminate\\Pipeline\\Pipeline->{closure:{closure:Illuminate\\Pipeline\\Pipeline::carry():194}:195}(Object(Illuminate\\Http\\Request))
#30 /Users/huzai/Documents/GitHub/LR-ProjectManager/vendor/laravel/framework/src/Illuminate/Pipeline/Pipeline.php(219): Illuminate\\Foundation\\Http\\Middleware\\PreventRequestForgery->handle(Object(Illuminate\\Http\\Request), Object(Closure))
#31 /Users/huzai/Documents/GitHub/LR-ProjectManager/vendor/laravel/framework/src/Illuminate/View/Middleware/ShareErrorsFromSession.php(48): Illuminate\\Pipeline\\Pipeline->{closure:{closure:Illuminate\\Pipeline\\Pipeline::carry():194}:195}(Object(Illuminate\\Http\\Request))
#32 /Users/huzai/Documents/GitHub/LR-ProjectManager/vendor/laravel/framework/src/Illuminate/Pipeline/Pipeline.php(219): Illuminate\\View\\Middleware\\ShareErrorsFromSession->handle(Object(Illuminate\\Http\\Request), Object(Closure))
#33 /Users/huzai/Documents/GitHub/LR-ProjectManager/vendor/laravel/framework/src/Illuminate/Session/Middleware/StartSession.php(120): Illuminate\\Pipeline\\Pipeline->{closure:{closure:Illuminate\\Pipeline\\Pipeline::carry():194}:195}(Object(Illuminate\\Http\\Request))
#34 /Users/huzai/Documents/GitHub/LR-ProjectManager/vendor/laravel/framework/src/Illuminate/Session/Middleware/StartSession.php(63): Illuminate\\Session\\Middleware\\StartSession->handleStatefulRequest(Object(Illuminate\\Http\\Request), Object(Illuminate\\Session\\Store), Object(Closure))
#35 /Users/huzai/Documents/GitHub/LR-ProjectManager/vendor/laravel/framework/src/Illuminate/Pipeline/Pipeline.php(219): Illuminate\\Session\\Middleware\\StartSession->handle(Object(Illuminate\\Http\\Request), Object(Closure))
#36 /Users/huzai/Documents/GitHub/LR-ProjectManager/vendor/laravel/framework/src/Illuminate/Cookie/Middleware/AddQueuedCookiesToResponse.php(36): Illuminate\\Pipeline\\Pipeline->{closure:{closure:Illuminate\\Pipeline\\Pipeline::carry():194}:195}(Object(Illuminate\\Http\\Request))
#37 /Users/huzai/Documents/GitHub/LR-ProjectManager/vendor/laravel/framework/src/Illuminate/Pipeline/Pipeline.php(219): Illuminate\\Cookie\\Middleware\\AddQueuedCookiesToResponse->handle(Object(Illuminate\\Http\\Request), Object(Closure))
#38 /Users/huzai/Documents/GitHub/LR-ProjectManager/vendor/laravel/framework/src/Illuminate/Cookie/Middleware/EncryptCookies.php(74): Illuminate\\Pipeline\\Pipeline->{closure:{closure:Illuminate\\Pipeline\\Pipeline::carry():194}:195}(Object(Illuminate\\Http\\Request))
#39 /Users/huzai/Documents/GitHub/LR-ProjectManager/vendor/laravel/framework/src/Illuminate/Pipeline/Pipeline.php(219): Illuminate\\Cookie\\Middleware\\EncryptCookies->handle(Object(Illuminate\\Http\\Request), Object(Closure))
#40 /Users/huzai/Documents/GitHub/LR-ProjectManager/vendor/laravel/framework/src/Illuminate/Pipeline/Pipeline.php(137): Illuminate\\Pipeline\\Pipeline->{closure:{closure:Illuminate\\Pipeline\\Pipeline::carry():194}:195}(Object(Illuminate\\Http\\Request))
#41 /Users/huzai/Documents/GitHub/LR-ProjectManager/vendor/laravel/framework/src/Illuminate/Routing/Router.php(821): Illuminate\\Pipeline\\Pipeline->then(Object(Closure))
#42 /Users/huzai/Documents/GitHub/LR-ProjectManager/vendor/laravel/framework/src/Illuminate/Routing/Router.php(800): Illuminate\\Routing\\Router->runRouteWithinStack(Object(Illuminate\\Routing\\Route), Object(Illuminate\\Http\\Request))
#43 /Users/huzai/Documents/GitHub/LR-ProjectManager/vendor/laravel/framework/src/Illuminate/Routing/Router.php(764): Illuminate\\Routing\\Router->runRoute(Object(Illuminate\\Http\\Request), Object(Illuminate\\Routing\\Route))
#44 /Users/huzai/Documents/GitHub/LR-ProjectManager/vendor/laravel/framework/src/Illuminate/Routing/Router.php(753): Illuminate\\Routing\\Router->dispatchToRoute(Object(Illuminate\\Http\\Request))
#45 /Users/huzai/Documents/GitHub/LR-ProjectManager/vendor/laravel/framework/src/Illuminate/Foundation/Http/Kernel.php(200): Illuminate\\Routing\\Router->dispatch(Object(Illuminate\\Http\\Request))
#46 /Users/huzai/Documents/GitHub/LR-ProjectManager/vendor/laravel/framework/src/Illuminate/Pipeline/Pipeline.php(180): Illuminate\\Foundation\\Http\\Kernel->{closure:Illuminate\\Foundation\\Http\\Kernel::dispatchToRouter():197}(Object(Illuminate\\Http\\Request))
#47 /Users/huzai/Documents/GitHub/LR-ProjectManager/vendor/inertiajs/inertia-laravel/src/Middleware/EnsureGetOnRedirect.php(19): Illuminate\\Pipeline\\Pipeline->{closure:Illuminate\\Pipeline\\Pipeline::prepareDestination():178}(Object(Illuminate\\Http\\Request))
#48 /Users/huzai/Documents/GitHub/LR-ProjectManager/vendor/laravel/framework/src/Illuminate/Pipeline/Pipeline.php(219): Inertia\\Middleware\\EnsureGetOnRedirect->handle(Object(Illuminate\\Http\\Request), Object(Closure))
#49 /Users/huzai/Documents/GitHub/LR-ProjectManager/vendor/laravel/framework/src/Illuminate/Foundation/Http/Middleware/TransformsRequest.php(21): Illuminate\\Pipeline\\Pipeline->{closure:{closure:Illuminate\\Pipeline\\Pipeline::carry():194}:195}(Object(Illuminate\\Http\\Request))
#50 /Users/huzai/Documents/GitHub/LR-ProjectManager/vendor/laravel/framework/src/Illuminate/Foundation/Http/Middleware/ConvertEmptyStringsToNull.php(31): Illuminate\\Foundation\\Http\\Middleware\\TransformsRequest->handle(Object(Illuminate\\Http\\Request), Object(Closure))
#51 /Users/huzai/Documents/GitHub/LR-ProjectManager/vendor/laravel/framework/src/Illuminate/Pipeline/Pipeline.php(219): Illuminate\\Foundation\\Http\\Middleware\\ConvertEmptyStringsToNull->handle(Object(Illuminate\\Http\\Request), Object(Closure))
#52 /Users/huzai/Documents/GitHub/LR-ProjectManager/vendor/laravel/framework/src/Illuminate/Foundation/Http/Middleware/TransformsRequest.php(21): Illuminate\\Pipeline\\Pipeline->{closure:{closure:Illuminate\\Pipeline\\Pipeline::carry():194}:195}(Object(Illuminate\\Http\\Request))
#53 /Users/huzai/Documents/GitHub/LR-ProjectManager/vendor/laravel/framework/src/Illuminate/Foundation/Http/Middleware/TrimStrings.php(51): Illuminate\\Foundation\\Http\\Middleware\\TransformsRequest->handle(Object(Illuminate\\Http\\Request), Object(Closure))
#54 /Users/huzai/Documents/GitHub/LR-ProjectManager/vendor/laravel/framework/src/Illuminate/Pipeline/Pipeline.php(219): Illuminate\\Foundation\\Http\\Middleware\\TrimStrings->handle(Object(Illuminate\\Http\\Request), Object(Closure))
#55 /Users/huzai/Documents/GitHub/LR-ProjectManager/vendor/laravel/framework/src/Illuminate/Http/Middleware/ValidatePostSize.php(27): Illuminate\\Pipeline\\Pipeline->{closure:{closure:Illuminate\\Pipeline\\Pipeline::carry():194}:195}(Object(Illuminate\\Http\\Request))
#56 /Users/huzai/Documents/GitHub/LR-ProjectManager/vendor/laravel/framework/src/Illuminate/Pipeline/Pipeline.php(219): Illuminate\\Http\\Middleware\\ValidatePostSize->handle(Object(Illuminate\\Http\\Request), Object(Closure))
#57 /Users/huzai/Documents/GitHub/LR-ProjectManager/vendor/laravel/framework/src/Illuminate/Foundation/Http/Middleware/PreventRequestsDuringMaintenance.php(109): Illuminate\\Pipeline\\Pipeline->{closure:{closure:Illuminate\\Pipeline\\Pipeline::carry():194}:195}(Object(Illuminate\\Http\\Request))
#58 /Users/huzai/Documents/GitHub/LR-ProjectManager/vendor/laravel/framework/src/Illuminate/Pipeline/Pipeline.php(219): Illuminate\\Foundation\\Http\\Middleware\\PreventRequestsDuringMaintenance->handle(Object(Illuminate\\Http\\Request), Object(Closure))
#59 /Users/huzai/Documents/GitHub/LR-ProjectManager/vendor/laravel/framework/src/Illuminate/Http/Middleware/HandleCors.php(61): Illuminate\\Pipeline\\Pipeline->{closure:{closure:Illuminate\\Pipeline\\Pipeline::carry():194}:195}(Object(Illuminate\\Http\\Request))
#60 /Users/huzai/Documents/GitHub/LR-ProjectManager/vendor/laravel/framework/src/Illuminate/Pipeline/Pipeline.php(219): Illuminate\\Http\\Middleware\\HandleCors->handle(Object(Illuminate\\Http\\Request), Object(Closure))
#61 /Users/huzai/Documents/GitHub/LR-ProjectManager/vendor/laravel/framework/src/Illuminate/Http/Middleware/TrustProxies.php(58): Illuminate\\Pipeline\\Pipeline->{closure:{closure:Illuminate\\Pipeline\\Pipeline::carry():194}:195}(Object(Illuminate\\Http\\Request))
#62 /Users/huzai/Documents/GitHub/LR-ProjectManager/vendor/laravel/framework/src/Illuminate/Pipeline/Pipeline.php(219): Illuminate\\Http\\Middleware\\TrustProxies->handle(Object(Illuminate\\Http\\Request), Object(Closure))
#63 /Users/huzai/Documents/GitHub/LR-ProjectManager/vendor/laravel/framework/src/Illuminate/Foundation/Http/Middleware/InvokeDeferredCallbacks.php(22): Illuminate\\Pipeline\\Pipeline->{closure:{closure:Illuminate\\Pipeline\\Pipeline::carry():194}:195}(Object(Illuminate\\Http\\Request))
#64 /Users/huzai/Documents/GitHub/LR-ProjectManager/vendor/laravel/framework/src/Illuminate/Pipeline/Pipeline.php(219): Illuminate\\Foundation\\Http\\Middleware\\InvokeDeferredCallbacks->handle(Object(Illuminate\\Http\\Request), Object(Closure))
#65 /Users/huzai/Documents/GitHub/LR-ProjectManager/vendor/laravel/framework/src/Illuminate/Http/Middleware/ValidatePathEncoding.php(28): Illuminate\\Pipeline\\Pipeline->{closure:{closure:Illuminate\\Pipeline\\Pipeline::carry():194}:195}(Object(Illuminate\\Http\\Request))
#66 /Users/huzai/Documents/GitHub/LR-ProjectManager/vendor/laravel/framework/src/Illuminate/Pipeline/Pipeline.php(219): Illuminate\\Http\\Middleware\\ValidatePathEncoding->handle(Object(Illuminate\\Http\\Request), Object(Closure))
#67 /Users/huzai/Documents/GitHub/LR-ProjectManager/vendor/laravel/framework/src/Illuminate/Pipeline/Pipeline.php(137): Illuminate\\Pipeline\\Pipeline->{closure:{closure:Illuminate\\Pipeline\\Pipeline::carry():194}:195}(Object(Illuminate\\Http\\Request))
#68 /Users/huzai/Documents/GitHub/LR-ProjectManager/vendor/laravel/framework/src/Illuminate/Foundation/Http/Kernel.php(175): Illuminate\\Pipeline\\Pipeline->then(Object(Closure))
#69 /Users/huzai/Documents/GitHub/LR-ProjectManager/vendor/laravel/framework/src/Illuminate/Foundation/Http/Kernel.php(144): Illuminate\\Foundation\\Http\\Kernel->sendRequestThroughRouter(Object(Illuminate\\Http\\Request))
#70 /Users/huzai/Documents/GitHub/LR-ProjectManager/vendor/laravel/framework/src/Illuminate/Foundation/Testing/Concerns/MakesHttpRequests.php(607): Illuminate\\Foundation\\Http\\Kernel->handle(Object(Illuminate\\Http\\Request))
#71 /Users/huzai/Documents/GitHub/LR-ProjectManager/vendor/laravel/framework/src/Illuminate/Foundation/Testing/Concerns/MakesHttpRequests.php(368): Illuminate\\Foundation\\Testing\\TestCase->call('GET', 'http://127.0.0....', Array, Array, Array, Array)
#72 /Users/huzai/Documents/GitHub/LR-ProjectManager/tests/Feature/Settings/SecurityTest.php(29): Illuminate\\Foundation\\Testing\\TestCase->get('http://127.0.0....')
#73 /Users/huzai/Documents/GitHub/LR-ProjectManager/vendor/phpunit/phpunit/src/Framework/TestCase.php(1314): Tests\\Feature\\Settings\\SecurityTest->test_security_page_is_displayed()
#74 /Users/huzai/Documents/GitHub/LR-ProjectManager/vendor/phpunit/phpunit/src/Framework/TestCase.php(1351): PHPUnit\\Framework\\TestCase->invokeTestMethod('test_security_p...', Array)
#75 /Users/huzai/Documents/GitHub/LR-ProjectManager/vendor/phpunit/phpunit/src/Framework/TestCase.php(521): PHPUnit\\Framework\\TestCase->runTest()
#76 /Users/huzai/Documents/GitHub/LR-ProjectManager/vendor/phpunit/phpunit/src/Framework/TestRunner/TestRunner.php(99): PHPUnit\\Framework\\TestCase->runBare()
#77 /Users/huzai/Documents/GitHub/LR-ProjectManager/vendor/phpunit/phpunit/src/Framework/TestCase.php(361): PHPUnit\\Framework\\TestRunner->run(Object(Tests\\Feature\\Settings\\SecurityTest))
#78 /Users/huzai/Documents/GitHub/LR-ProjectManager/vendor/phpunit/phpunit/src/Framework/TestSuite.php(374): PHPUnit\\Framework\\TestCase->run()
#79 /Users/huzai/Documents/GitHub/LR-ProjectManager/vendor/phpunit/phpunit/src/Framework/TestSuite.php(374): PHPUnit\\Framework\\TestSuite->run()
#80 /Users/huzai/Documents/GitHub/LR-ProjectManager/vendor/phpunit/phpunit/src/Framework/TestSuite.php(374): PHPUnit\\Framework\\TestSuite->run()
#81 /Users/huzai/Documents/GitHub/LR-ProjectManager/vendor/phpunit/phpunit/src/TextUI/TestRunner.php(64): PHPUnit\\Framework\\TestSuite->run()
#82 /Users/huzai/Documents/GitHub/LR-ProjectManager/vendor/phpunit/phpunit/src/TextUI/Application.php(229): PHPUnit\\TextUI\\TestRunner->run(Object(PHPUnit\\TextUI\\Configuration\\Configuration), Object(PHPUnit\\Runner\\ResultCache\\DefaultResultCache), Object(PHPUnit\\Framework\\TestSuite))
#83 /Users/huzai/Documents/GitHub/LR-ProjectManager/vendor/phpunit/phpunit/phpunit(104): PHPUnit\\TextUI\\Application->run(Array)
#84 {main}

[previous exception] [object] (Illuminate\\Foundation\\ViteManifestNotFoundException(code: 0): Vite manifest not found at: /Users/huzai/Documents/GitHub/LR-ProjectManager/public/build/manifest.json at /Users/huzai/Documents/GitHub/LR-ProjectManager/vendor/laravel/framework/src/Illuminate/Foundation/Vite.php:960)
[stacktrace]
#0 /Users/huzai/Documents/GitHub/LR-ProjectManager/vendor/laravel/framework/src/Illuminate/Foundation/Vite.php(398): Illuminate\\Foundation\\Vite->manifest('build')
#1 /Users/huzai/Documents/GitHub/LR-ProjectManager/storage/framework/views/cc980059043f8a994bd2e0d5afbf0963.php(40): Illuminate\\Foundation\\Vite->__invoke(Object(Illuminate\\Support\\Collection))
#2 /Users/huzai/Documents/GitHub/LR-ProjectManager/vendor/laravel/framework/src/Illuminate/Filesystem/Filesystem.php(123): require('/Users/huzai/Do...')
#3 /Users/huzai/Documents/GitHub/LR-ProjectManager/vendor/laravel/framework/src/Illuminate/Filesystem/Filesystem.php(124): Illuminate\\Filesystem\\Filesystem::{closure:Illuminate\\Filesystem\\Filesystem::getRequire():120}()
#4 /Users/huzai/Documents/GitHub/LR-ProjectManager/vendor/laravel/framework/src/Illuminate/View/Engines/PhpEngine.php(57): Illuminate\\Filesystem\\Filesystem->getRequire('/Users/huzai/Do...', Array)
#5 /Users/huzai/Documents/GitHub/LR-ProjectManager/vendor/laravel/framework/src/Illuminate/View/Engines/CompilerEngine.php(76): Illuminate\\View\\Engines\\PhpEngine->evaluatePath('/Users/huzai/Do...', Array)
#6 /Users/huzai/Documents/GitHub/LR-ProjectManager/vendor/laravel/framework/src/Illuminate/View/View.php(208): Illuminate\\View\\Engines\\CompilerEngine->get('/Users/huzai/Do...', Array)
#7 /Users/huzai/Documents/GitHub/LR-ProjectManager/vendor/laravel/framework/src/Illuminate/View/View.php(191): Illuminate\\View\\View->getContents()
#8 /Users/huzai/Documents/GitHub/LR-ProjectManager/vendor/laravel/framework/src/Illuminate/View/View.php(160): Illuminate\\View\\View->renderContents()
#9 /Users/huzai/Documents/GitHub/LR-ProjectManager/vendor/laravel/framework/src/Illuminate/Http/Response.php(78): Illuminate\\View\\View->render()
#10 /Users/huzai/Documents/GitHub/LR-ProjectManager/vendor/laravel/framework/src/Illuminate/Http/Response.php(34): Illuminate\\Http\\Response->setContent(Object(Illuminate\\View\\View))
#11 /Users/huzai/Documents/GitHub/LR-ProjectManager/vendor/laravel/framework/src/Illuminate/Routing/ResponseFactory.php(61): Illuminate\\Http\\Response->__construct(Object(Illuminate\\View\\View), 200, Array)
#12 /Users/huzai/Documents/GitHub/LR-ProjectManager/vendor/laravel/framework/src/Illuminate/Routing/ResponseFactory.php(91): Illuminate\\Routing\\ResponseFactory->make(Object(Illuminate\\View\\View), 200, Array)
#13 /Users/huzai/Documents/GitHub/LR-ProjectManager/vendor/laravel/framework/src/Illuminate/Support/Facades/Facade.php(363): Illuminate\\Routing\\ResponseFactory->view('app', Array)
#14 /Users/huzai/Documents/GitHub/LR-ProjectManager/vendor/inertiajs/inertia-laravel/src/Response.php(211): Illuminate\\Support\\Facades\\Facade::__callStatic('view', Array)
#15 /Users/huzai/Documents/GitHub/LR-ProjectManager/vendor/laravel/framework/src/Illuminate/Routing/Router.php(921): Inertia\\Response->toResponse(Object(Illuminate\\Http\\Request))
#16 /Users/huzai/Documents/GitHub/LR-ProjectManager/vendor/laravel/framework/src/Illuminate/Routing/Router.php(906): Illuminate\\Routing\\Router::toResponse(Object(Illuminate\\Http\\Request), Object(Inertia\\Response))
#17 /Users/huzai/Documents/GitHub/LR-ProjectManager/vendor/laravel/framework/src/Illuminate/Routing/Router.php(821): Illuminate\\Routing\\Router->prepareResponse(Object(Illuminate\\Http\\Request), Object(Inertia\\Response))
#18 /Users/huzai/Documents/GitHub/LR-ProjectManager/vendor/laravel/framework/src/Illuminate/Pipeline/Pipeline.php(180): Illuminate\\Routing\\Router->{closure:Illuminate\\Routing\\Router::runRouteWithinStack():821}(Object(Illuminate\\Http\\Request))
#19 /Users/huzai/Documents/GitHub/LR-ProjectManager/vendor/laravel/framework/src/Illuminate/Auth/Middleware/RequirePassword.php(84): Illuminate\\Pipeline\\Pipeline->{closure:Illuminate\\Pipeline\\Pipeline::prepareDestination():178}(Object(Illuminate\\Http\\Request))
#20 /Users/huzai/Documents/GitHub/LR-ProjectManager/vendor/laravel/framework/src/Illuminate/Pipeline/Pipeline.php(219): Illuminate\\Auth\\Middleware\\RequirePassword->handle(Object(Illuminate\\Http\\Request), Object(Closure))
#21 /Users/huzai/Documents/GitHub/LR-ProjectManager/vendor/laravel/framework/src/Illuminate/Auth/Middleware/EnsureEmailIsVerified.php(41): Illuminate\\Pipeline\\Pipeline->{closure:{closure:Illuminate\\Pipeline\\Pipeline::carry():194}:195}(Object(Illuminate\\Http\\Request))
#22 /Users/huzai/Documents/GitHub/LR-ProjectManager/vendor/laravel/framework/src/Illuminate/Pipeline/Pipeline.php(219): Illuminate\\Auth\\Middleware\\EnsureEmailIsVerified->handle(Object(Illuminate\\Http\\Request), Object(Closure))
#23 /Users/huzai/Documents/GitHub/LR-ProjectManager/vendor/laravel/framework/src/Illuminate/Http/Middleware/AddLinkHeadersForPreloadedAssets.php(32): Illuminate\\Pipeline\\Pipeline->{closure:{closure:Illuminate\\Pipeline\\Pipeline::carry():194}:195}(Object(Illuminate\\Http\\Request))
#24 /Users/huzai/Documents/GitHub/LR-ProjectManager/vendor/laravel/framework/src/Illuminate/Pipeline/Pipeline.php(219): Illuminate\\Http\\Middleware\\AddLinkHeadersForPreloadedAssets->handle(Object(Illuminate\\Http\\Request), Object(Closure))
#25 /Users/huzai/Documents/GitHub/LR-ProjectManager/vendor/inertiajs/inertia-laravel/src/Middleware.php(138): Illuminate\\Pipeline\\Pipeline->{closure:{closure:Illuminate\\Pipeline\\Pipeline::carry():194}:195}(Object(Illuminate\\Http\\Request))
#26 /Users/huzai/Documents/GitHub/LR-ProjectManager/vendor/laravel/framework/src/Illuminate/Pipeline/Pipeline.php(219): Inertia\\Middleware->handle(Object(Illuminate\\Http\\Request), Object(Closure))
#27 /Users/huzai/Documents/GitHub/LR-ProjectManager/app/Http/Middleware/HandleAppearance.php(21): Illuminate\\Pipeline\\Pipeline->{closure:{closure:Illuminate\\Pipeline\\Pipeline::carry():194}:195}(Object(Illuminate\\Http\\Request))
#28 /Users/huzai/Documents/GitHub/LR-ProjectManager/vendor/laravel/framework/src/Illuminate/Pipeline/Pipeline.php(219): App\\Http\\Middleware\\HandleAppearance->handle(Object(Illuminate\\Http\\Request), Object(Closure))
#29 /Users/huzai/Documents/GitHub/LR-ProjectManager/vendor/laravel/framework/src/Illuminate/Routing/Middleware/SubstituteBindings.php(52): Illuminate\\Pipeline\\Pipeline->{closure:{closure:Illuminate\\Pipeline\\Pipeline::carry():194}:195}(Object(Illuminate\\Http\\Request))
#30 /Users/huzai/Documents/GitHub/LR-ProjectManager/vendor/laravel/framework/src/Illuminate/Pipeline/Pipeline.php(219): Illuminate\\Routing\\Middleware\\SubstituteBindings->handle(Object(Illuminate\\Http\\Request), Object(Closure))
#31 /Users/huzai/Documents/GitHub/LR-ProjectManager/vendor/laravel/framework/src/Illuminate/Auth/Middleware/Authenticate.php(63): Illuminate\\Pipeline\\Pipeline->{closure:{closure:Illuminate\\Pipeline\\Pipeline::carry():194}:195}(Object(Illuminate\\Http\\Request))
#32 /Users/huzai/Documents/GitHub/LR-ProjectManager/vendor/laravel/framework/src/Illuminate/Pipeline/Pipeline.php(219): Illuminate\\Auth\\Middleware\\Authenticate->handle(Object(Illuminate\\Http\\Request), Object(Closure))
#33 /Users/huzai/Documents/GitHub/LR-ProjectManager/vendor/laravel/framework/src/Illuminate/Foundation/Http/Middleware/PreventRequestForgery.php(104): Illuminate\\Pipeline\\Pipeline->{closure:{closure:Illuminate\\Pipeline\\Pipeline::carry():194}:195}(Object(Illuminate\\Http\\Request))
#34 /Users/huzai/Documents/GitHub/LR-ProjectManager/vendor/laravel/framework/src/Illuminate/Pipeline/Pipeline.php(219): Illuminate\\Foundation\\Http\\Middleware\\PreventRequestForgery->handle(Object(Illuminate\\Http\\Request), Object(Closure))
#35 /Users/huzai/Documents/GitHub/LR-ProjectManager/vendor/laravel/framework/src/Illuminate/View/Middleware/ShareErrorsFromSession.php(48): Illuminate\\Pipeline\\Pipeline->{closure:{closure:Illuminate\\Pipeline\\Pipeline::carry():194}:195}(Object(Illuminate\\Http\\Request))
#36 /Users/huzai/Documents/GitHub/LR-ProjectManager/vendor/laravel/framework/src/Illuminate/Pipeline/Pipeline.php(219): Illuminate\\View\\Middleware\\ShareErrorsFromSession->handle(Object(Illuminate\\Http\\Request), Object(Closure))
#37 /Users/huzai/Documents/GitHub/LR-ProjectManager/vendor/laravel/framework/src/Illuminate/Session/Middleware/StartSession.php(120): Illuminate\\Pipeline\\Pipeline->{closure:{closure:Illuminate\\Pipeline\\Pipeline::carry():194}:195}(Object(Illuminate\\Http\\Request))
#38 /Users/huzai/Documents/GitHub/LR-ProjectManager/vendor/laravel/framework/src/Illuminate/Session/Middleware/StartSession.php(63): Illuminate\\Session\\Middleware\\StartSession->handleStatefulRequest(Object(Illuminate\\Http\\Request), Object(Illuminate\\Session\\Store), Object(Closure))
#39 /Users/huzai/Documents/GitHub/LR-ProjectManager/vendor/laravel/framework/src/Illuminate/Pipeline/Pipeline.php(219): Illuminate\\Session\\Middleware\\StartSession->handle(Object(Illuminate\\Http\\Request), Object(Closure))
#40 /Users/huzai/Documents/GitHub/LR-ProjectManager/vendor/laravel/framework/src/Illuminate/Cookie/Middleware/AddQueuedCookiesToResponse.php(36): Illuminate\\Pipeline\\Pipeline->{closure:{closure:Illuminate\\Pipeline\\Pipeline::carry():194}:195}(Object(Illuminate\\Http\\Request))
#41 /Users/huzai/Documents/GitHub/LR-ProjectManager/vendor/laravel/framework/src/Illuminate/Pipeline/Pipeline.php(219): Illuminate\\Cookie\\Middleware\\AddQueuedCookiesToResponse->handle(Object(Illuminate\\Http\\Request), Object(Closure))
#42 /Users/huzai/Documents/GitHub/LR-ProjectManager/vendor/laravel/framework/src/Illuminate/Cookie/Middleware/EncryptCookies.php(74): Illuminate\\Pipeline\\Pipeline->{closure:{closure:Illuminate\\Pipeline\\Pipeline::carry():194}:195}(Object(Illuminate\\Http\\Request))
#43 /Users/huzai/Documents/GitHub/LR-ProjectManager/vendor/laravel/framework/src/Illuminate/Pipeline/Pipeline.php(219): Illuminate\\Cookie\\Middleware\\EncryptCookies->handle(Object(Illuminate\\Http\\Request), Object(Closure))
#44 /Users/huzai/Documents/GitHub/LR-ProjectManager/vendor/laravel/framework/src/Illuminate/Pipeline/Pipeline.php(137): Illuminate\\Pipeline\\Pipeline->{closure:{closure:Illuminate\\Pipeline\\Pipeline::carry():194}:195}(Object(Illuminate\\Http\\Request))
#45 /Users/huzai/Documents/GitHub/LR-ProjectManager/vendor/laravel/framework/src/Illuminate/Routing/Router.php(821): Illuminate\\Pipeline\\Pipeline->then(Object(Closure))
#46 /Users/huzai/Documents/GitHub/LR-ProjectManager/vendor/laravel/framework/src/Illuminate/Routing/Router.php(800): Illuminate\\Routing\\Router->runRouteWithinStack(Object(Illuminate\\Routing\\Route), Object(Illuminate\\Http\\Request))
#47 /Users/huzai/Documents/GitHub/LR-ProjectManager/vendor/laravel/framework/src/Illuminate/Routing/Router.php(764): Illuminate\\Routing\\Router->runRoute(Object(Illuminate\\Http\\Request), Object(Illuminate\\Routing\\Route))
#48 /Users/huzai/Documents/GitHub/LR-ProjectManager/vendor/laravel/framework/src/Illuminate/Routing/Router.php(753): Illuminate\\Routing\\Router->dispatchToRoute(Object(Illuminate\\Http\\Request))
#49 /Users/huzai/Documents/GitHub/LR-ProjectManager/vendor/laravel/framework/src/Illuminate/Foundation/Http/Kernel.php(200): Illuminate\\Routing\\Router->dispatch(Object(Illuminate\\Http\\Request))
#50 /Users/huzai/Documents/GitHub/LR-ProjectManager/vendor/laravel/framework/src/Illuminate/Pipeline/Pipeline.php(180): Illuminate\\Foundation\\Http\\Kernel->{closure:Illuminate\\Foundation\\Http\\Kernel::dispatchToRouter():197}(Object(Illuminate\\Http\\Request))
#51 /Users/huzai/Documents/GitHub/LR-ProjectManager/vendor/inertiajs/inertia-laravel/src/Middleware/EnsureGetOnRedirect.php(19): Illuminate\\Pipeline\\Pipeline->{closure:Illuminate\\Pipeline\\Pipeline::prepareDestination():178}(Object(Illuminate\\Http\\Request))
#52 /Users/huzai/Documents/GitHub/LR-ProjectManager/vendor/laravel/framework/src/Illuminate/Pipeline/Pipeline.php(219): Inertia\\Middleware\\EnsureGetOnRedirect->handle(Object(Illuminate\\Http\\Request), Object(Closure))
#53 /Users/huzai/Documents/GitHub/LR-ProjectManager/vendor/laravel/framework/src/Illuminate/Foundation/Http/Middleware/TransformsRequest.php(21): Illuminate\\Pipeline\\Pipeline->{closure:{closure:Illuminate\\Pipeline\\Pipeline::carry():194}:195}(Object(Illuminate\\Http\\Request))
#54 /Users/huzai/Documents/GitHub/LR-ProjectManager/vendor/laravel/framework/src/Illuminate/Foundation/Http/Middleware/ConvertEmptyStringsToNull.php(31): Illuminate\\Foundation\\Http\\Middleware\\TransformsRequest->handle(Object(Illuminate\\Http\\Request), Object(Closure))
#55 /Users/huzai/Documents/GitHub/LR-ProjectManager/vendor/laravel/framework/src/Illuminate/Pipeline/Pipeline.php(219): Illuminate\\Foundation\\Http\\Middleware\\ConvertEmptyStringsToNull->handle(Object(Illuminate\\Http\\Request), Object(Closure))
#56 /Users/huzai/Documents/GitHub/LR-ProjectManager/vendor/laravel/framework/src/Illuminate/Foundation/Http/Middleware/TransformsRequest.php(21): Illuminate\\Pipeline\\Pipeline->{closure:{closure:Illuminate\\Pipeline\\Pipeline::carry():194}:195}(Object(Illuminate\\Http\\Request))
#57 /Users/huzai/Documents/GitHub/LR-ProjectManager/vendor/laravel/framework/src/Illuminate/Foundation/Http/Middleware/TrimStrings.php(51): Illuminate\\Foundation\\Http\\Middleware\\TransformsRequest->handle(Object(Illuminate\\Http\\Request), Object(Closure))
#58 /Users/huzai/Documents/GitHub/LR-ProjectManager/vendor/laravel/framework/src/Illuminate/Pipeline/Pipeline.php(219): Illuminate\\Foundation\\Http\\Middleware\\TrimStrings->handle(Object(Illuminate\\Http\\Request), Object(Closure))
#59 /Users/huzai/Documents/GitHub/LR-ProjectManager/vendor/laravel/framework/src/Illuminate/Http/Middleware/ValidatePostSize.php(27): Illuminate\\Pipeline\\Pipeline->{closure:{closure:Illuminate\\Pipeline\\Pipeline::carry():194}:195}(Object(Illuminate\\Http\\Request))
#60 /Users/huzai/Documents/GitHub/LR-ProjectManager/vendor/laravel/framework/src/Illuminate/Pipeline/Pipeline.php(219): Illuminate\\Http\\Middleware\\ValidatePostSize->handle(Object(Illuminate\\Http\\Request), Object(Closure))
#61 /Users/huzai/Documents/GitHub/LR-ProjectManager/vendor/laravel/framework/src/Illuminate/Foundation/Http/Middleware/PreventRequestsDuringMaintenance.php(109): Illuminate\\Pipeline\\Pipeline->{closure:{closure:Illuminate\\Pipeline\\Pipeline::carry():194}:195}(Object(Illuminate\\Http\\Request))
#62 /Users/huzai/Documents/GitHub/LR-ProjectManager/vendor/laravel/framework/src/Illuminate/Pipeline/Pipeline.php(219): Illuminate\\Foundation\\Http\\Middleware\\PreventRequestsDuringMaintenance->handle(Object(Illuminate\\Http\\Request), Object(Closure))
#63 /Users/huzai/Documents/GitHub/LR-ProjectManager/vendor/laravel/framework/src/Illuminate/Http/Middleware/HandleCors.php(61): Illuminate\\Pipeline\\Pipeline->{closure:{closure:Illuminate\\Pipeline\\Pipeline::carry():194}:195}(Object(Illuminate\\Http\\Request))
#64 /Users/huzai/Documents/GitHub/LR-ProjectManager/vendor/laravel/framework/src/Illuminate/Pipeline/Pipeline.php(219): Illuminate\\Http\\Middleware\\HandleCors->handle(Object(Illuminate\\Http\\Request), Object(Closure))
#65 /Users/huzai/Documents/GitHub/LR-ProjectManager/vendor/laravel/framework/src/Illuminate/Http/Middleware/TrustProxies.php(58): Illuminate\\Pipeline\\Pipeline->{closure:{closure:Illuminate\\Pipeline\\Pipeline::carry():194}:195}(Object(Illuminate\\Http\\Request))
#66 /Users/huzai/Documents/GitHub/LR-ProjectManager/vendor/laravel/framework/src/Illuminate/Pipeline/Pipeline.php(219): Illuminate\\Http\\Middleware\\TrustProxies->handle(Object(Illuminate\\Http\\Request), Object(Closure))
#67 /Users/huzai/Documents/GitHub/LR-ProjectManager/vendor/laravel/framework/src/Illuminate/Foundation/Http/Middleware/InvokeDeferredCallbacks.php(22): Illuminate\\Pipeline\\Pipeline->{closure:{closure:Illuminate\\Pipeline\\Pipeline::carry():194}:195}(Object(Illuminate\\Http\\Request))
#68 /Users/huzai/Documents/GitHub/LR-ProjectManager/vendor/laravel/framework/src/Illuminate/Pipeline/Pipeline.php(219): Illuminate\\Foundation\\Http\\Middleware\\InvokeDeferredCallbacks->handle(Object(Illuminate\\Http\\Request), Object(Closure))
#69 /Users/huzai/Documents/GitHub/LR-ProjectManager/vendor/laravel/framework/src/Illuminate/Http/Middleware/ValidatePathEncoding.php(28): Illuminate\\Pipeline\\Pipeline->{closure:{closure:Illuminate\\Pipeline\\Pipeline::carry():194}:195}(Object(Illuminate\\Http\\Request))
#70 /Users/huzai/Documents/GitHub/LR-ProjectManager/vendor/laravel/framework/src/Illuminate/Pipeline/Pipeline.php(219): Illuminate\\Http\\Middleware\\ValidatePathEncoding->handle(Object(Illuminate\\Http\\Request), Object(Closure))
#71 /Users/huzai/Documents/GitHub/LR-ProjectManager/vendor/laravel/framework/src/Illuminate/Pipeline/Pipeline.php(137): Illuminate\\Pipeline\\Pipeline->{closure:{closure:Illuminate\\Pipeline\\Pipeline::carry():194}:195}(Object(Illuminate\\Http\\Request))
#72 /Users/huzai/Documents/GitHub/LR-ProjectManager/vendor/laravel/framework/src/Illuminate/Foundation/Http/Kernel.php(175): Illuminate\\Pipeline\\Pipeline->then(Object(Closure))
#73 /Users/huzai/Documents/GitHub/LR-ProjectManager/vendor/laravel/framework/src/Illuminate/Foundation/Http/Kernel.php(144): Illuminate\\Foundation\\Http\\Kernel->sendRequestThroughRouter(Object(Illuminate\\Http\\Request))
#74 /Users/huzai/Documents/GitHub/LR-ProjectManager/vendor/laravel/framework/src/Illuminate/Foundation/Testing/Concerns/MakesHttpRequests.php(607): Illuminate\\Foundation\\Http\\Kernel->handle(Object(Illuminate\\Http\\Request))
#75 /Users/huzai/Documents/GitHub/LR-ProjectManager/vendor/laravel/framework/src/Illuminate/Foundation/Testing/Concerns/MakesHttpRequests.php(368): Illuminate\\Foundation\\Testing\\TestCase->call('GET', 'http://127.0.0....', Array, Array, Array, Array)
#76 /Users/huzai/Documents/GitHub/LR-ProjectManager/tests/Feature/Settings/SecurityTest.php(29): Illuminate\\Foundation\\Testing\\TestCase->get('http://127.0.0....')
#77 /Users/huzai/Documents/GitHub/LR-ProjectManager/vendor/phpunit/phpunit/src/Framework/TestCase.php(1314): Tests\\Feature\\Settings\\SecurityTest->test_security_page_is_displayed()
#78 /Users/huzai/Documents/GitHub/LR-ProjectManager/vendor/phpunit/phpunit/src/Framework/TestCase.php(1351): PHPUnit\\Framework\\TestCase->invokeTestMethod('test_security_p...', Array)
#79 /Users/huzai/Documents/GitHub/LR-ProjectManager/vendor/phpunit/phpunit/src/Framework/TestCase.php(521): PHPUnit\\Framework\\TestCase->runTest()
#80 /Users/huzai/Documents/GitHub/LR-ProjectManager/vendor/phpunit/phpunit/src/Framework/TestRunner/TestRunner.php(99): PHPUnit\\Framework\\TestCase->runBare()
#81 /Users/huzai/Documents/GitHub/LR-ProjectManager/vendor/phpunit/phpunit/src/Framework/TestCase.php(361): PHPUnit\\Framework\\TestRunner->run(Object(Tests\\Feature\\Settings\\SecurityTest))
#82 /Users/huzai/Documents/GitHub/LR-ProjectManager/vendor/phpunit/phpunit/src/Framework/TestSuite.php(374): PHPUnit\\Framework\\TestCase->run()
#83 /Users/huzai/Documents/GitHub/LR-ProjectManager/vendor/phpunit/phpunit/src/Framework/TestSuite.php(374): PHPUnit\\Framework\\TestSuite->run()
#84 /Users/huzai/Documents/GitHub/LR-ProjectManager/vendor/phpunit/phpunit/src/Framework/TestSuite.php(374): PHPUnit\\Framework\\TestSuite->run()
#85 /Users/huzai/Documents/GitHub/LR-ProjectManager/vendor/phpunit/phpunit/src/TextUI/TestRunner.php(64): PHPUnit\\Framework\\TestSuite->run()
#86 /Users/huzai/Documents/GitHub/LR-ProjectManager/vendor/phpunit/phpunit/src/TextUI/Application.php(229): PHPUnit\\TextUI\\TestRunner->run(Object(PHPUnit\\TextUI\\Configuration\\Configuration), Object(PHPUnit\\Runner\\ResultCache\\DefaultResultCache), Object(PHPUnit\\Framework\\TestSuite))
#87 /Users/huzai/Documents/GitHub/LR-ProjectManager/vendor/phpunit/phpunit/phpunit(104): PHPUnit\\TextUI\\Application->run(Array)
#88 {main}
"} 
[2026-05-31 12:41:10] testing.ERROR: Vite manifest not found at: /Users/huzai/Documents/GitHub/LR-ProjectManager/public/build/manifest.json (View: /Users/huzai/Documents/GitHub/LR-ProjectManager/resources/views/app.blade.php) {"userId":1,"exception":"[object] (Illuminate\\View\\ViewException(code: 0): Vite manifest not found at: /Users/huzai/Documents/GitHub/LR-ProjectManager/public/build/manifest.json (View: /Users/huzai/Documents/GitHub/LR-ProjectManager/resources/views/app.blade.php) at /Users/huzai/Documents/GitHub/LR-ProjectManager/vendor/laravel/framework/src/Illuminate/Foundation/Vite.php:960)
[stacktrace]
#0 /Users/huzai/Documents/GitHub/LR-ProjectManager/vendor/laravel/framework/src/Illuminate/View/Engines/PhpEngine.php(59): Illuminate\\View\\Engines\\CompilerEngine->handleViewException(Object(Illuminate\\Foundation\\ViteManifestNotFoundException), 1)
#1 /Users/huzai/Documents/GitHub/LR-ProjectManager/vendor/laravel/framework/src/Illuminate/View/Engines/CompilerEngine.php(76): Illuminate\\View\\Engines\\PhpEngine->evaluatePath('/Users/huzai/Do...', Array)
#2 /Users/huzai/Documents/GitHub/LR-ProjectManager/vendor/laravel/framework/src/Illuminate/View/View.php(208): Illuminate\\View\\Engines\\CompilerEngine->get('/Users/huzai/Do...', Array)
#3 /Users/huzai/Documents/GitHub/LR-ProjectManager/vendor/laravel/framework/src/Illuminate/View/View.php(191): Illuminate\\View\\View->getContents()
#4 /Users/huzai/Documents/GitHub/LR-ProjectManager/vendor/laravel/framework/src/Illuminate/View/View.php(160): Illuminate\\View\\View->renderContents()
#5 /Users/huzai/Documents/GitHub/LR-ProjectManager/vendor/laravel/framework/src/Illuminate/Http/Response.php(78): Illuminate\\View\\View->render()
#6 /Users/huzai/Documents/GitHub/LR-ProjectManager/vendor/laravel/framework/src/Illuminate/Http/Response.php(34): Illuminate\\Http\\Response->setContent(Object(Illuminate\\View\\View))
#7 /Users/huzai/Documents/GitHub/LR-ProjectManager/vendor/laravel/framework/src/Illuminate/Routing/ResponseFactory.php(61): Illuminate\\Http\\Response->__construct(Object(Illuminate\\View\\View), 200, Array)
#8 /Users/huzai/Documents/GitHub/LR-ProjectManager/vendor/laravel/framework/src/Illuminate/Routing/ResponseFactory.php(91): Illuminate\\Routing\\ResponseFactory->make(Object(Illuminate\\View\\View), 200, Array)
#9 /Users/huzai/Documents/GitHub/LR-ProjectManager/vendor/laravel/framework/src/Illuminate/Support/Facades/Facade.php(363): Illuminate\\Routing\\ResponseFactory->view('app', Array)
#10 /Users/huzai/Documents/GitHub/LR-ProjectManager/vendor/inertiajs/inertia-laravel/src/Response.php(211): Illuminate\\Support\\Facades\\Facade::__callStatic('view', Array)
#11 /Users/huzai/Documents/GitHub/LR-ProjectManager/vendor/laravel/framework/src/Illuminate/Routing/Router.php(921): Inertia\\Response->toResponse(Object(Illuminate\\Http\\Request))
#12 /Users/huzai/Documents/GitHub/LR-ProjectManager/vendor/laravel/framework/src/Illuminate/Routing/Router.php(906): Illuminate\\Routing\\Router::toResponse(Object(Illuminate\\Http\\Request), Object(Inertia\\Response))
#13 /Users/huzai/Documents/GitHub/LR-ProjectManager/vendor/laravel/framework/src/Illuminate/Routing/Router.php(821): Illuminate\\Routing\\Router->prepareResponse(Object(Illuminate\\Http\\Request), Object(Inertia\\Response))
#14 /Users/huzai/Documents/GitHub/LR-ProjectManager/vendor/laravel/framework/src/Illuminate/Pipeline/Pipeline.php(180): Illuminate\\Routing\\Router->{closure:Illuminate\\Routing\\Router::runRouteWithinStack():821}(Object(Illuminate\\Http\\Request))
#15 /Users/huzai/Documents/GitHub/LR-ProjectManager/vendor/laravel/framework/src/Illuminate/Auth/Middleware/EnsureEmailIsVerified.php(41): Illuminate\\Pipeline\\Pipeline->{closure:Illuminate\\Pipeline\\Pipeline::prepareDestination():178}(Object(Illuminate\\Http\\Request))
#16 /Users/huzai/Documents/GitHub/LR-ProjectManager/vendor/laravel/framework/src/Illuminate/Pipeline/Pipeline.php(219): Illuminate\\Auth\\Middleware\\EnsureEmailIsVerified->handle(Object(Illuminate\\Http\\Request), Object(Closure))
#17 /Users/huzai/Documents/GitHub/LR-ProjectManager/vendor/laravel/framework/src/Illuminate/Http/Middleware/AddLinkHeadersForPreloadedAssets.php(32): Illuminate\\Pipeline\\Pipeline->{closure:{closure:Illuminate\\Pipeline\\Pipeline::carry():194}:195}(Object(Illuminate\\Http\\Request))
#18 /Users/huzai/Documents/GitHub/LR-ProjectManager/vendor/laravel/framework/src/Illuminate/Pipeline/Pipeline.php(219): Illuminate\\Http\\Middleware\\AddLinkHeadersForPreloadedAssets->handle(Object(Illuminate\\Http\\Request), Object(Closure))
#19 /Users/huzai/Documents/GitHub/LR-ProjectManager/vendor/inertiajs/inertia-laravel/src/Middleware.php(138): Illuminate\\Pipeline\\Pipeline->{closure:{closure:Illuminate\\Pipeline\\Pipeline::carry():194}:195}(Object(Illuminate\\Http\\Request))
#20 /Users/huzai/Documents/GitHub/LR-ProjectManager/vendor/laravel/framework/src/Illuminate/Pipeline/Pipeline.php(219): Inertia\\Middleware->handle(Object(Illuminate\\Http\\Request), Object(Closure))
#21 /Users/huzai/Documents/GitHub/LR-ProjectManager/app/Http/Middleware/HandleAppearance.php(21): Illuminate\\Pipeline\\Pipeline->{closure:{closure:Illuminate\\Pipeline\\Pipeline::carry():194}:195}(Object(Illuminate\\Http\\Request))
#22 /Users/huzai/Documents/GitHub/LR-ProjectManager/vendor/laravel/framework/src/Illuminate/Pipeline/Pipeline.php(219): App\\Http\\Middleware\\HandleAppearance->handle(Object(Illuminate\\Http\\Request), Object(Closure))
#23 /Users/huzai/Documents/GitHub/LR-ProjectManager/vendor/laravel/framework/src/Illuminate/Routing/Middleware/SubstituteBindings.php(52): Illuminate\\Pipeline\\Pipeline->{closure:{closure:Illuminate\\Pipeline\\Pipeline::carry():194}:195}(Object(Illuminate\\Http\\Request))
#24 /Users/huzai/Documents/GitHub/LR-ProjectManager/vendor/laravel/framework/src/Illuminate/Pipeline/Pipeline.php(219): Illuminate\\Routing\\Middleware\\SubstituteBindings->handle(Object(Illuminate\\Http\\Request), Object(Closure))
#25 /Users/huzai/Documents/GitHub/LR-ProjectManager/vendor/laravel/framework/src/Illuminate/Auth/Middleware/Authenticate.php(63): Illuminate\\Pipeline\\Pipeline->{closure:{closure:Illuminate\\Pipeline\\Pipeline::carry():194}:195}(Object(Illuminate\\Http\\Request))
#26 /Users/huzai/Documents/GitHub/LR-ProjectManager/vendor/laravel/framework/src/Illuminate/Pipeline/Pipeline.php(219): Illuminate\\Auth\\Middleware\\Authenticate->handle(Object(Illuminate\\Http\\Request), Object(Closure))
#27 /Users/huzai/Documents/GitHub/LR-ProjectManager/vendor/laravel/framework/src/Illuminate/Foundation/Http/Middleware/PreventRequestForgery.php(104): Illuminate\\Pipeline\\Pipeline->{closure:{closure:Illuminate\\Pipeline\\Pipeline::carry():194}:195}(Object(Illuminate\\Http\\Request))
#28 /Users/huzai/Documents/GitHub/LR-ProjectManager/vendor/laravel/framework/src/Illuminate/Pipeline/Pipeline.php(219): Illuminate\\Foundation\\Http\\Middleware\\PreventRequestForgery->handle(Object(Illuminate\\Http\\Request), Object(Closure))
#29 /Users/huzai/Documents/GitHub/LR-ProjectManager/vendor/laravel/framework/src/Illuminate/View/Middleware/ShareErrorsFromSession.php(48): Illuminate\\Pipeline\\Pipeline->{closure:{closure:Illuminate\\Pipeline\\Pipeline::carry():194}:195}(Object(Illuminate\\Http\\Request))
#30 /Users/huzai/Documents/GitHub/LR-ProjectManager/vendor/laravel/framework/src/Illuminate/Pipeline/Pipeline.php(219): Illuminate\\View\\Middleware\\ShareErrorsFromSession->handle(Object(Illuminate\\Http\\Request), Object(Closure))
#31 /Users/huzai/Documents/GitHub/LR-ProjectManager/vendor/laravel/framework/src/Illuminate/Session/Middleware/StartSession.php(120): Illuminate\\Pipeline\\Pipeline->{closure:{closure:Illuminate\\Pipeline\\Pipeline::carry():194}:195}(Object(Illuminate\\Http\\Request))
#32 /Users/huzai/Documents/GitHub/LR-ProjectManager/vendor/laravel/framework/src/Illuminate/Session/Middleware/StartSession.php(63): Illuminate\\Session\\Middleware\\StartSession->handleStatefulRequest(Object(Illuminate\\Http\\Request), Object(Illuminate\\Session\\Store), Object(Closure))
#33 /Users/huzai/Documents/GitHub/LR-ProjectManager/vendor/laravel/framework/src/Illuminate/Pipeline/Pipeline.php(219): Illuminate\\Session\\Middleware\\StartSession->handle(Object(Illuminate\\Http\\Request), Object(Closure))
#34 /Users/huzai/Documents/GitHub/LR-ProjectManager/vendor/laravel/framework/src/Illuminate/Cookie/Middleware/AddQueuedCookiesToResponse.php(36): Illuminate\\Pipeline\\Pipeline->{closure:{closure:Illuminate\\Pipeline\\Pipeline::carry():194}:195}(Object(Illuminate\\Http\\Request))
#35 /Users/huzai/Documents/GitHub/LR-ProjectManager/vendor/laravel/framework/src/Illuminate/Pipeline/Pipeline.php(219): Illuminate\\Cookie\\Middleware\\AddQueuedCookiesToResponse->handle(Object(Illuminate\\Http\\Request), Object(Closure))
#36 /Users/huzai/Documents/GitHub/LR-ProjectManager/vendor/laravel/framework/src/Illuminate/Cookie/Middleware/EncryptCookies.php(74): Illuminate\\Pipeline\\Pipeline->{closure:{closure:Illuminate\\Pipeline\\Pipeline::carry():194}:195}(Object(Illuminate\\Http\\Request))
#37 /Users/huzai/Documents/GitHub/LR-ProjectManager/vendor/laravel/framework/src/Illuminate/Pipeline/Pipeline.php(219): Illuminate\\Cookie\\Middleware\\EncryptCookies->handle(Object(Illuminate\\Http\\Request), Object(Closure))
#38 /Users/huzai/Documents/GitHub/LR-ProjectManager/vendor/laravel/framework/src/Illuminate/Pipeline/Pipeline.php(137): Illuminate\\Pipeline\\Pipeline->{closure:{closure:Illuminate\\Pipeline\\Pipeline::carry():194}:195}(Object(Illuminate\\Http\\Request))
#39 /Users/huzai/Documents/GitHub/LR-ProjectManager/vendor/laravel/framework/src/Illuminate/Routing/Router.php(821): Illuminate\\Pipeline\\Pipeline->then(Object(Closure))
#40 /Users/huzai/Documents/GitHub/LR-ProjectManager/vendor/laravel/framework/src/Illuminate/Routing/Router.php(800): Illuminate\\Routing\\Router->runRouteWithinStack(Object(Illuminate\\Routing\\Route), Object(Illuminate\\Http\\Request))
#41 /Users/huzai/Documents/GitHub/LR-ProjectManager/vendor/laravel/framework/src/Illuminate/Routing/Router.php(764): Illuminate\\Routing\\Router->runRoute(Object(Illuminate\\Http\\Request), Object(Illuminate\\Routing\\Route))
#42 /Users/huzai/Documents/GitHub/LR-ProjectManager/vendor/laravel/framework/src/Illuminate/Routing/Router.php(753): Illuminate\\Routing\\Router->dispatchToRoute(Object(Illuminate\\Http\\Request))
#43 /Users/huzai/Documents/GitHub/LR-ProjectManager/vendor/laravel/framework/src/Illuminate/Foundation/Http/Kernel.php(200): Illuminate\\Routing\\Router->dispatch(Object(Illuminate\\Http\\Request))
#44 /Users/huzai/Documents/GitHub/LR-ProjectManager/vendor/laravel/framework/src/Illuminate/Pipeline/Pipeline.php(180): Illuminate\\Foundation\\Http\\Kernel->{closure:Illuminate\\Foundation\\Http\\Kernel::dispatchToRouter():197}(Object(Illuminate\\Http\\Request))
#45 /Users/huzai/Documents/GitHub/LR-ProjectManager/vendor/inertiajs/inertia-laravel/src/Middleware/EnsureGetOnRedirect.php(19): Illuminate\\Pipeline\\Pipeline->{closure:Illuminate\\Pipeline\\Pipeline::prepareDestination():178}(Object(Illuminate\\Http\\Request))
#46 /Users/huzai/Documents/GitHub/LR-ProjectManager/vendor/laravel/framework/src/Illuminate/Pipeline/Pipeline.php(219): Inertia\\Middleware\\EnsureGetOnRedirect->handle(Object(Illuminate\\Http\\Request), Object(Closure))
#47 /Users/huzai/Documents/GitHub/LR-ProjectManager/vendor/laravel/framework/src/Illuminate/Foundation/Http/Middleware/TransformsRequest.php(21): Illuminate\\Pipeline\\Pipeline->{closure:{closure:Illuminate\\Pipeline\\Pipeline::carry():194}:195}(Object(Illuminate\\Http\\Request))
#48 /Users/huzai/Documents/GitHub/LR-ProjectManager/vendor/laravel/framework/src/Illuminate/Foundation/Http/Middleware/ConvertEmptyStringsToNull.php(31): Illuminate\\Foundation\\Http\\Middleware\\TransformsRequest->handle(Object(Illuminate\\Http\\Request), Object(Closure))
#49 /Users/huzai/Documents/GitHub/LR-ProjectManager/vendor/laravel/framework/src/Illuminate/Pipeline/Pipeline.php(219): Illuminate\\Foundation\\Http\\Middleware\\ConvertEmptyStringsToNull->handle(Object(Illuminate\\Http\\Request), Object(Closure))
#50 /Users/huzai/Documents/GitHub/LR-ProjectManager/vendor/laravel/framework/src/Illuminate/Foundation/Http/Middleware/TransformsRequest.php(21): Illuminate\\Pipeline\\Pipeline->{closure:{closure:Illuminate\\Pipeline\\Pipeline::carry():194}:195}(Object(Illuminate\\Http\\Request))
#51 /Users/huzai/Documents/GitHub/LR-ProjectManager/vendor/laravel/framework/src/Illuminate/Foundation/Http/Middleware/TrimStrings.php(51): Illuminate\\Foundation\\Http\\Middleware\\TransformsRequest->handle(Object(Illuminate\\Http\\Request), Object(Closure))
#52 /Users/huzai/Documents/GitHub/LR-ProjectManager/vendor/laravel/framework/src/Illuminate/Pipeline/Pipeline.php(219): Illuminate\\Foundation\\Http\\Middleware\\TrimStrings->handle(Object(Illuminate\\Http\\Request), Object(Closure))
#53 /Users/huzai/Documents/GitHub/LR-ProjectManager/vendor/laravel/framework/src/Illuminate/Http/Middleware/ValidatePostSize.php(27): Illuminate\\Pipeline\\Pipeline->{closure:{closure:Illuminate\\Pipeline\\Pipeline::carry():194}:195}(Object(Illuminate\\Http\\Request))
#54 /Users/huzai/Documents/GitHub/LR-ProjectManager/vendor/laravel/framework/src/Illuminate/Pipeline/Pipeline.php(219): Illuminate\\Http\\Middleware\\ValidatePostSize->handle(Object(Illuminate\\Http\\Request), Object(Closure))
#55 /Users/huzai/Documents/GitHub/LR-ProjectManager/vendor/laravel/framework/src/Illuminate/Foundation/Http/Middleware/PreventRequestsDuringMaintenance.php(109): Illuminate\\Pipeline\\Pipeline->{closure:{closure:Illuminate\\Pipeline\\Pipeline::carry():194}:195}(Object(Illuminate\\Http\\Request))
#56 /Users/huzai/Documents/GitHub/LR-ProjectManager/vendor/laravel/framework/src/Illuminate/Pipeline/Pipeline.php(219): Illuminate\\Foundation\\Http\\Middleware\\PreventRequestsDuringMaintenance->handle(Object(Illuminate\\Http\\Request), Object(Closure))
#57 /Users/huzai/Documents/GitHub/LR-ProjectManager/vendor/laravel/framework/src/Illuminate/Http/Middleware/HandleCors.php(61): Illuminate\\Pipeline\\Pipeline->{closure:{closure:Illuminate\\Pipeline\\Pipeline::carry():194}:195}(Object(Illuminate\\Http\\Request))
#58 /Users/huzai/Documents/GitHub/LR-ProjectManager/vendor/laravel/framework/src/Illuminate/Pipeline/Pipeline.php(219): Illuminate\\Http\\Middleware\\HandleCors->handle(Object(Illuminate\\Http\\Request), Object(Closure))
#59 /Users/huzai/Documents/GitHub/LR-ProjectManager/vendor/laravel/framework/src/Illuminate/Http/Middleware/TrustProxies.php(58): Illuminate\\Pipeline\\Pipeline->{closure:{closure:Illuminate\\Pipeline\\Pipeline::carry():194}:195}(Object(Illuminate\\Http\\Request))
#60 /Users/huzai/Documents/GitHub/LR-ProjectManager/vendor/laravel/framework/src/Illuminate/Pipeline/Pipeline.php(219): Illuminate\\Http\\Middleware\\TrustProxies->handle(Object(Illuminate\\Http\\Request), Object(Closure))
#61 /Users/huzai/Documents/GitHub/LR-ProjectManager/vendor/laravel/framework/src/Illuminate/Foundation/Http/Middleware/InvokeDeferredCallbacks.php(22): Illuminate\\Pipeline\\Pipeline->{closure:{closure:Illuminate\\Pipeline\\Pipeline::carry():194}:195}(Object(Illuminate\\Http\\Request))
#62 /Users/huzai/Documents/GitHub/LR-ProjectManager/vendor/laravel/framework/src/Illuminate/Pipeline/Pipeline.php(219): Illuminate\\Foundation\\Http\\Middleware\\InvokeDeferredCallbacks->handle(Object(Illuminate\\Http\\Request), Object(Closure))
#63 /Users/huzai/Documents/GitHub/LR-ProjectManager/vendor/laravel/framework/src/Illuminate/Http/Middleware/ValidatePathEncoding.php(28): Illuminate\\Pipeline\\Pipeline->{closure:{closure:Illuminate\\Pipeline\\Pipeline::carry():194}:195}(Object(Illuminate\\Http\\Request))
#64 /Users/huzai/Documents/GitHub/LR-ProjectManager/vendor/laravel/framework/src/Illuminate/Pipeline/Pipeline.php(219): Illuminate\\Http\\Middleware\\ValidatePathEncoding->handle(Object(Illuminate\\Http\\Request), Object(Closure))
#65 /Users/huzai/Documents/GitHub/LR-ProjectManager/vendor/laravel/framework/src/Illuminate/Pipeline/Pipeline.php(137): Illuminate\\Pipeline\\Pipeline->{closure:{closure:Illuminate\\Pipeline\\Pipeline::carry():194}:195}(Object(Illuminate\\Http\\Request))
#66 /Users/huzai/Documents/GitHub/LR-ProjectManager/vendor/laravel/framework/src/Illuminate/Foundation/Http/Kernel.php(175): Illuminate\\Pipeline\\Pipeline->then(Object(Closure))
#67 /Users/huzai/Documents/GitHub/LR-ProjectManager/vendor/laravel/framework/src/Illuminate/Foundation/Http/Kernel.php(144): Illuminate\\Foundation\\Http\\Kernel->sendRequestThroughRouter(Object(Illuminate\\Http\\Request))
#68 /Users/huzai/Documents/GitHub/LR-ProjectManager/vendor/laravel/framework/src/Illuminate/Foundation/Testing/Concerns/MakesHttpRequests.php(607): Illuminate\\Foundation\\Http\\Kernel->handle(Object(Illuminate\\Http\\Request))
#69 /Users/huzai/Documents/GitHub/LR-ProjectManager/vendor/laravel/framework/src/Illuminate/Foundation/Testing/Concerns/MakesHttpRequests.php(368): Illuminate\\Foundation\\Testing\\TestCase->call('GET', 'http://127.0.0....', Array, Array, Array, Array)
#70 /Users/huzai/Documents/GitHub/LR-ProjectManager/tests/Feature/Settings/SecurityTest.php(66): Illuminate\\Foundation\\Testing\\TestCase->get('http://127.0.0....')
#71 /Users/huzai/Documents/GitHub/LR-ProjectManager/vendor/phpunit/phpunit/src/Framework/TestCase.php(1314): Tests\\Feature\\Settings\\SecurityTest->test_security_page_does_not_require_password_confirmation_when_disabled()
#72 /Users/huzai/Documents/GitHub/LR-ProjectManager/vendor/phpunit/phpunit/src/Framework/TestCase.php(1351): PHPUnit\\Framework\\TestCase->invokeTestMethod('test_security_p...', Array)
#73 /Users/huzai/Documents/GitHub/LR-ProjectManager/vendor/phpunit/phpunit/src/Framework/TestCase.php(521): PHPUnit\\Framework\\TestCase->runTest()
#74 /Users/huzai/Documents/GitHub/LR-ProjectManager/vendor/phpunit/phpunit/src/Framework/TestRunner/TestRunner.php(99): PHPUnit\\Framework\\TestCase->runBare()
#75 /Users/huzai/Documents/GitHub/LR-ProjectManager/vendor/phpunit/phpunit/src/Framework/TestCase.php(361): PHPUnit\\Framework\\TestRunner->run(Object(Tests\\Feature\\Settings\\SecurityTest))
#76 /Users/huzai/Documents/GitHub/LR-ProjectManager/vendor/phpunit/phpunit/src/Framework/TestSuite.php(374): PHPUnit\\Framework\\TestCase->run()
#77 /Users/huzai/Documents/GitHub/LR-ProjectManager/vendor/phpunit/phpunit/src/Framework/TestSuite.php(374): PHPUnit\\Framework\\TestSuite->run()
#78 /Users/huzai/Documents/GitHub/LR-ProjectManager/vendor/phpunit/phpunit/src/Framework/TestSuite.php(374): PHPUnit\\Framework\\TestSuite->run()
#79 /Users/huzai/Documents/GitHub/LR-ProjectManager/vendor/phpunit/phpunit/src/TextUI/TestRunner.php(64): PHPUnit\\Framework\\TestSuite->run()
#80 /Users/huzai/Documents/GitHub/LR-ProjectManager/vendor/phpunit/phpunit/src/TextUI/Application.php(229): PHPUnit\\TextUI\\TestRunner->run(Object(PHPUnit\\TextUI\\Configuration\\Configuration), Object(PHPUnit\\Runner\\ResultCache\\DefaultResultCache), Object(PHPUnit\\Framework\\TestSuite))
#81 /Users/huzai/Documents/GitHub/LR-ProjectManager/vendor/phpunit/phpunit/phpunit(104): PHPUnit\\TextUI\\Application->run(Array)
#82 {main}

[previous exception] [object] (Illuminate\\Foundation\\ViteManifestNotFoundException(code: 0): Vite manifest not found at: /Users/huzai/Documents/GitHub/LR-ProjectManager/public/build/manifest.json at /Users/huzai/Documents/GitHub/LR-ProjectManager/vendor/laravel/framework/src/Illuminate/Foundation/Vite.php:960)
[stacktrace]
#0 /Users/huzai/Documents/GitHub/LR-ProjectManager/vendor/laravel/framework/src/Illuminate/Foundation/Vite.php(398): Illuminate\\Foundation\\Vite->manifest('build')
#1 /Users/huzai/Documents/GitHub/LR-ProjectManager/storage/framework/views/cc980059043f8a994bd2e0d5afbf0963.php(40): Illuminate\\Foundation\\Vite->__invoke(Object(Illuminate\\Support\\Collection))
#2 /Users/huzai/Documents/GitHub/LR-ProjectManager/vendor/laravel/framework/src/Illuminate/Filesystem/Filesystem.php(123): require('/Users/huzai/Do...')
#3 /Users/huzai/Documents/GitHub/LR-ProjectManager/vendor/laravel/framework/src/Illuminate/Filesystem/Filesystem.php(124): Illuminate\\Filesystem\\Filesystem::{closure:Illuminate\\Filesystem\\Filesystem::getRequire():120}()
#4 /Users/huzai/Documents/GitHub/LR-ProjectManager/vendor/laravel/framework/src/Illuminate/View/Engines/PhpEngine.php(57): Illuminate\\Filesystem\\Filesystem->getRequire('/Users/huzai/Do...', Array)
#5 /Users/huzai/Documents/GitHub/LR-ProjectManager/vendor/laravel/framework/src/Illuminate/View/Engines/CompilerEngine.php(76): Illuminate\\View\\Engines\\PhpEngine->evaluatePath('/Users/huzai/Do...', Array)
#6 /Users/huzai/Documents/GitHub/LR-ProjectManager/vendor/laravel/framework/src/Illuminate/View/View.php(208): Illuminate\\View\\Engines\\CompilerEngine->get('/Users/huzai/Do...', Array)
#7 /Users/huzai/Documents/GitHub/LR-ProjectManager/vendor/laravel/framework/src/Illuminate/View/View.php(191): Illuminate\\View\\View->getContents()
#8 /Users/huzai/Documents/GitHub/LR-ProjectManager/vendor/laravel/framework/src/Illuminate/View/View.php(160): Illuminate\\View\\View->renderContents()
#9 /Users/huzai/Documents/GitHub/LR-ProjectManager/vendor/laravel/framework/src/Illuminate/Http/Response.php(78): Illuminate\\View\\View->render()
#10 /Users/huzai/Documents/GitHub/LR-ProjectManager/vendor/laravel/framework/src/Illuminate/Http/Response.php(34): Illuminate\\Http\\Response->setContent(Object(Illuminate\\View\\View))
#11 /Users/huzai/Documents/GitHub/LR-ProjectManager/vendor/laravel/framework/src/Illuminate/Routing/ResponseFactory.php(61): Illuminate\\Http\\Response->__construct(Object(Illuminate\\View\\View), 200, Array)
#12 /Users/huzai/Documents/GitHub/LR-ProjectManager/vendor/laravel/framework/src/Illuminate/Routing/ResponseFactory.php(91): Illuminate\\Routing\\ResponseFactory->make(Object(Illuminate\\View\\View), 200, Array)
#13 /Users/huzai/Documents/GitHub/LR-ProjectManager/vendor/laravel/framework/src/Illuminate/Support/Facades/Facade.php(363): Illuminate\\Routing\\ResponseFactory->view('app', Array)
#14 /Users/huzai/Documents/GitHub/LR-ProjectManager/vendor/inertiajs/inertia-laravel/src/Response.php(211): Illuminate\\Support\\Facades\\Facade::__callStatic('view', Array)
#15 /Users/huzai/Documents/GitHub/LR-ProjectManager/vendor/laravel/framework/src/Illuminate/Routing/Router.php(921): Inertia\\Response->toResponse(Object(Illuminate\\Http\\Request))
#16 /Users/huzai/Documents/GitHub/LR-ProjectManager/vendor/laravel/framework/src/Illuminate/Routing/Router.php(906): Illuminate\\Routing\\Router::toResponse(Object(Illuminate\\Http\\Request), Object(Inertia\\Response))
#17 /Users/huzai/Documents/GitHub/LR-ProjectManager/vendor/laravel/framework/src/Illuminate/Routing/Router.php(821): Illuminate\\Routing\\Router->prepareResponse(Object(Illuminate\\Http\\Request), Object(Inertia\\Response))
#18 /Users/huzai/Documents/GitHub/LR-ProjectManager/vendor/laravel/framework/src/Illuminate/Pipeline/Pipeline.php(180): Illuminate\\Routing\\Router->{closure:Illuminate\\Routing\\Router::runRouteWithinStack():821}(Object(Illuminate\\Http\\Request))
#19 /Users/huzai/Documents/GitHub/LR-ProjectManager/vendor/laravel/framework/src/Illuminate/Auth/Middleware/EnsureEmailIsVerified.php(41): Illuminate\\Pipeline\\Pipeline->{closure:Illuminate\\Pipeline\\Pipeline::prepareDestination():178}(Object(Illuminate\\Http\\Request))
#20 /Users/huzai/Documents/GitHub/LR-ProjectManager/vendor/laravel/framework/src/Illuminate/Pipeline/Pipeline.php(219): Illuminate\\Auth\\Middleware\\EnsureEmailIsVerified->handle(Object(Illuminate\\Http\\Request), Object(Closure))
#21 /Users/huzai/Documents/GitHub/LR-ProjectManager/vendor/laravel/framework/src/Illuminate/Http/Middleware/AddLinkHeadersForPreloadedAssets.php(32): Illuminate\\Pipeline\\Pipeline->{closure:{closure:Illuminate\\Pipeline\\Pipeline::carry():194}:195}(Object(Illuminate\\Http\\Request))
#22 /Users/huzai/Documents/GitHub/LR-ProjectManager/vendor/laravel/framework/src/Illuminate/Pipeline/Pipeline.php(219): Illuminate\\Http\\Middleware\\AddLinkHeadersForPreloadedAssets->handle(Object(Illuminate\\Http\\Request), Object(Closure))
#23 /Users/huzai/Documents/GitHub/LR-ProjectManager/vendor/inertiajs/inertia-laravel/src/Middleware.php(138): Illuminate\\Pipeline\\Pipeline->{closure:{closure:Illuminate\\Pipeline\\Pipeline::carry():194}:195}(Object(Illuminate\\Http\\Request))
#24 /Users/huzai/Documents/GitHub/LR-ProjectManager/vendor/laravel/framework/src/Illuminate/Pipeline/Pipeline.php(219): Inertia\\Middleware->handle(Object(Illuminate\\Http\\Request), Object(Closure))
#25 /Users/huzai/Documents/GitHub/LR-ProjectManager/app/Http/Middleware/HandleAppearance.php(21): Illuminate\\Pipeline\\Pipeline->{closure:{closure:Illuminate\\Pipeline\\Pipeline::carry():194}:195}(Object(Illuminate\\Http\\Request))
#26 /Users/huzai/Documents/GitHub/LR-ProjectManager/vendor/laravel/framework/src/Illuminate/Pipeline/Pipeline.php(219): App\\Http\\Middleware\\HandleAppearance->handle(Object(Illuminate\\Http\\Request), Object(Closure))
#27 /Users/huzai/Documents/GitHub/LR-ProjectManager/vendor/laravel/framework/src/Illuminate/Routing/Middleware/SubstituteBindings.php(52): Illuminate\\Pipeline\\Pipeline->{closure:{closure:Illuminate\\Pipeline\\Pipeline::carry():194}:195}(Object(Illuminate\\Http\\Request))
#28 /Users/huzai/Documents/GitHub/LR-ProjectManager/vendor/laravel/framework/src/Illuminate/Pipeline/Pipeline.php(219): Illuminate\\Routing\\Middleware\\SubstituteBindings->handle(Object(Illuminate\\Http\\Request), Object(Closure))
#29 /Users/huzai/Documents/GitHub/LR-ProjectManager/vendor/laravel/framework/src/Illuminate/Auth/Middleware/Authenticate.php(63): Illuminate\\Pipeline\\Pipeline->{closure:{closure:Illuminate\\Pipeline\\Pipeline::carry():194}:195}(Object(Illuminate\\Http\\Request))
#30 /Users/huzai/Documents/GitHub/LR-ProjectManager/vendor/laravel/framework/src/Illuminate/Pipeline/Pipeline.php(219): Illuminate\\Auth\\Middleware\\Authenticate->handle(Object(Illuminate\\Http\\Request), Object(Closure))
#31 /Users/huzai/Documents/GitHub/LR-ProjectManager/vendor/laravel/framework/src/Illuminate/Foundation/Http/Middleware/PreventRequestForgery.php(104): Illuminate\\Pipeline\\Pipeline->{closure:{closure:Illuminate\\Pipeline\\Pipeline::carry():194}:195}(Object(Illuminate\\Http\\Request))
#32 /Users/huzai/Documents/GitHub/LR-ProjectManager/vendor/laravel/framework/src/Illuminate/Pipeline/Pipeline.php(219): Illuminate\\Foundation\\Http\\Middleware\\PreventRequestForgery->handle(Object(Illuminate\\Http\\Request), Object(Closure))
#33 /Users/huzai/Documents/GitHub/LR-ProjectManager/vendor/laravel/framework/src/Illuminate/View/Middleware/ShareErrorsFromSession.php(48): Illuminate\\Pipeline\\Pipeline->{closure:{closure:Illuminate\\Pipeline\\Pipeline::carry():194}:195}(Object(Illuminate\\Http\\Request))
#34 /Users/huzai/Documents/GitHub/LR-ProjectManager/vendor/laravel/framework/src/Illuminate/Pipeline/Pipeline.php(219): Illuminate\\View\\Middleware\\ShareErrorsFromSession->handle(Object(Illuminate\\Http\\Request), Object(Closure))
#35 /Users/huzai/Documents/GitHub/LR-ProjectManager/vendor/laravel/framework/src/Illuminate/Session/Middleware/StartSession.php(120): Illuminate\\Pipeline\\Pipeline->{closure:{closure:Illuminate\\Pipeline\\Pipeline::carry():194}:195}(Object(Illuminate\\Http\\Request))
#36 /Users/huzai/Documents/GitHub/LR-ProjectManager/vendor/laravel/framework/src/Illuminate/Session/Middleware/StartSession.php(63): Illuminate\\Session\\Middleware\\StartSession->handleStatefulRequest(Object(Illuminate\\Http\\Request), Object(Illuminate\\Session\\Store), Object(Closure))
#37 /Users/huzai/Documents/GitHub/LR-ProjectManager/vendor/laravel/framework/src/Illuminate/Pipeline/Pipeline.php(219): Illuminate\\Session\\Middleware\\StartSession->handle(Object(Illuminate\\Http\\Request), Object(Closure))
#38 /Users/huzai/Documents/GitHub/LR-ProjectManager/vendor/laravel/framework/src/Illuminate/Cookie/Middleware/AddQueuedCookiesToResponse.php(36): Illuminate\\Pipeline\\Pipeline->{closure:{closure:Illuminate\\Pipeline\\Pipeline::carry():194}:195}(Object(Illuminate\\Http\\Request))
#39 /Users/huzai/Documents/GitHub/LR-ProjectManager/vendor/laravel/framework/src/Illuminate/Pipeline/Pipeline.php(219): Illuminate\\Cookie\\Middleware\\AddQueuedCookiesToResponse->handle(Object(Illuminate\\Http\\Request), Object(Closure))
#40 /Users/huzai/Documents/GitHub/LR-ProjectManager/vendor/laravel/framework/src/Illuminate/Cookie/Middleware/EncryptCookies.php(74): Illuminate\\Pipeline\\Pipeline->{closure:{closure:Illuminate\\Pipeline\\Pipeline::carry():194}:195}(Object(Illuminate\\Http\\Request))
#41 /Users/huzai/Documents/GitHub/LR-ProjectManager/vendor/laravel/framework/src/Illuminate/Pipeline/Pipeline.php(219): Illuminate\\Cookie\\Middleware\\EncryptCookies->handle(Object(Illuminate\\Http\\Request), Object(Closure))
#42 /Users/huzai/Documents/GitHub/LR-ProjectManager/vendor/laravel/framework/src/Illuminate/Pipeline/Pipeline.php(137): Illuminate\\Pipeline\\Pipeline->{closure:{closure:Illuminate\\Pipeline\\Pipeline::carry():194}:195}(Object(Illuminate\\Http\\Request))
#43 /Users/huzai/Documents/GitHub/LR-ProjectManager/vendor/laravel/framework/src/Illuminate/Routing/Router.php(821): Illuminate\\Pipeline\\Pipeline->then(Object(Closure))
#44 /Users/huzai/Documents/GitHub/LR-ProjectManager/vendor/laravel/framework/src/Illuminate/Routing/Router.php(800): Illuminate\\Routing\\Router->runRouteWithinStack(Object(Illuminate\\Routing\\Route), Object(Illuminate\\Http\\Request))
#45 /Users/huzai/Documents/GitHub/LR-ProjectManager/vendor/laravel/framework/src/Illuminate/Routing/Router.php(764): Illuminate\\Routing\\Router->runRoute(Object(Illuminate\\Http\\Request), Object(Illuminate\\Routing\\Route))
#46 /Users/huzai/Documents/GitHub/LR-ProjectManager/vendor/laravel/framework/src/Illuminate/Routing/Router.php(753): Illuminate\\Routing\\Router->dispatchToRoute(Object(Illuminate\\Http\\Request))
#47 /Users/huzai/Documents/GitHub/LR-ProjectManager/vendor/laravel/framework/src/Illuminate/Foundation/Http/Kernel.php(200): Illuminate\\Routing\\Router->dispatch(Object(Illuminate\\Http\\Request))
#48 /Users/huzai/Documents/GitHub/LR-ProjectManager/vendor/laravel/framework/src/Illuminate/Pipeline/Pipeline.php(180): Illuminate\\Foundation\\Http\\Kernel->{closure:Illuminate\\Foundation\\Http\\Kernel::dispatchToRouter():197}(Object(Illuminate\\Http\\Request))
#49 /Users/huzai/Documents/GitHub/LR-ProjectManager/vendor/inertiajs/inertia-laravel/src/Middleware/EnsureGetOnRedirect.php(19): Illuminate\\Pipeline\\Pipeline->{closure:Illuminate\\Pipeline\\Pipeline::prepareDestination():178}(Object(Illuminate\\Http\\Request))
#50 /Users/huzai/Documents/GitHub/LR-ProjectManager/vendor/laravel/framework/src/Illuminate/Pipeline/Pipeline.php(219): Inertia\\Middleware\\EnsureGetOnRedirect->handle(Object(Illuminate\\Http\\Request), Object(Closure))
#51 /Users/huzai/Documents/GitHub/LR-ProjectManager/vendor/laravel/framework/src/Illuminate/Foundation/Http/Middleware/TransformsRequest.php(21): Illuminate\\Pipeline\\Pipeline->{closure:{closure:Illuminate\\Pipeline\\Pipeline::carry():194}:195}(Object(Illuminate\\Http\\Request))
#52 /Users/huzai/Documents/GitHub/LR-ProjectManager/vendor/laravel/framework/src/Illuminate/Foundation/Http/Middleware/ConvertEmptyStringsToNull.php(31): Illuminate\\Foundation\\Http\\Middleware\\TransformsRequest->handle(Object(Illuminate\\Http\\Request), Object(Closure))
#53 /Users/huzai/Documents/GitHub/LR-ProjectManager/vendor/laravel/framework/src/Illuminate/Pipeline/Pipeline.php(219): Illuminate\\Foundation\\Http\\Middleware\\ConvertEmptyStringsToNull->handle(Object(Illuminate\\Http\\Request), Object(Closure))
#54 /Users/huzai/Documents/GitHub/LR-ProjectManager/vendor/laravel/framework/src/Illuminate/Foundation/Http/Middleware/TransformsRequest.php(21): Illuminate\\Pipeline\\Pipeline->{closure:{closure:Illuminate\\Pipeline\\Pipeline::carry():194}:195}(Object(Illuminate\\Http\\Request))
#55 /Users/huzai/Documents/GitHub/LR-ProjectManager/vendor/laravel/framework/src/Illuminate/Foundation/Http/Middleware/TrimStrings.php(51): Illuminate\\Foundation\\Http\\Middleware\\TransformsRequest->handle(Object(Illuminate\\Http\\Request), Object(Closure))
#56 /Users/huzai/Documents/GitHub/LR-ProjectManager/vendor/laravel/framework/src/Illuminate/Pipeline/Pipeline.php(219): Illuminate\\Foundation\\Http\\Middleware\\TrimStrings->handle(Object(Illuminate\\Http\\Request), Object(Closure))
#57 /Users/huzai/Documents/GitHub/LR-ProjectManager/vendor/laravel/framework/src/Illuminate/Http/Middleware/ValidatePostSize.php(27): Illuminate\\Pipeline\\Pipeline->{closure:{closure:Illuminate\\Pipeline\\Pipeline::carry():194}:195}(Object(Illuminate\\Http\\Request))
#58 /Users/huzai/Documents/GitHub/LR-ProjectManager/vendor/laravel/framework/src/Illuminate/Pipeline/Pipeline.php(219): Illuminate\\Http\\Middleware\\ValidatePostSize->handle(Object(Illuminate\\Http\\Request), Object(Closure))
#59 /Users/huzai/Documents/GitHub/LR-ProjectManager/vendor/laravel/framework/src/Illuminate/Foundation/Http/Middleware/PreventRequestsDuringMaintenance.php(109): Illuminate\\Pipeline\\Pipeline->{closure:{closure:Illuminate\\Pipeline\\Pipeline::carry():194}:195}(Object(Illuminate\\Http\\Request))
#60 /Users/huzai/Documents/GitHub/LR-ProjectManager/vendor/laravel/framework/src/Illuminate/Pipeline/Pipeline.php(219): Illuminate\\Foundation\\Http\\Middleware\\PreventRequestsDuringMaintenance->handle(Object(Illuminate\\Http\\Request), Object(Closure))
#61 /Users/huzai/Documents/GitHub/LR-ProjectManager/vendor/laravel/framework/src/Illuminate/Http/Middleware/HandleCors.php(61): Illuminate\\Pipeline\\Pipeline->{closure:{closure:Illuminate\\Pipeline\\Pipeline::carry():194}:195}(Object(Illuminate\\Http\\Request))
#62 /Users/huzai/Documents/GitHub/LR-ProjectManager/vendor/laravel/framework/src/Illuminate/Pipeline/Pipeline.php(219): Illuminate\\Http\\Middleware\\HandleCors->handle(Object(Illuminate\\Http\\Request), Object(Closure))
#63 /Users/huzai/Documents/GitHub/LR-ProjectManager/vendor/laravel/framework/src/Illuminate/Http/Middleware/TrustProxies.php(58): Illuminate\\Pipeline\\Pipeline->{closure:{closure:Illuminate\\Pipeline\\Pipeline::carry():194}:195}(Object(Illuminate\\Http\\Request))
#64 /Users/huzai/Documents/GitHub/LR-ProjectManager/vendor/laravel/framework/src/Illuminate/Pipeline/Pipeline.php(219): Illuminate\\Http\\Middleware\\TrustProxies->handle(Object(Illuminate\\Http\\Request), Object(Closure))
#65 /Users/huzai/Documents/GitHub/LR-ProjectManager/vendor/laravel/framework/src/Illuminate/Foundation/Http/Middleware/InvokeDeferredCallbacks.php(22): Illuminate\\Pipeline\\Pipeline->{closure:{closure:Illuminate\\Pipeline\\Pipeline::carry():194}:195}(Object(Illuminate\\Http\\Request))
#66 /Users/huzai/Documents/GitHub/LR-ProjectManager/vendor/laravel/framework/src/Illuminate/Pipeline/Pipeline.php(219): Illuminate\\Foundation\\Http\\Middleware\\InvokeDeferredCallbacks->handle(Object(Illuminate\\Http\\Request), Object(Closure))
#67 /Users/huzai/Documents/GitHub/LR-ProjectManager/vendor/laravel/framework/src/Illuminate/Http/Middleware/ValidatePathEncoding.php(28): Illuminate\\Pipeline\\Pipeline->{closure:{closure:Illuminate\\Pipeline\\Pipeline::carry():194}:195}(Object(Illuminate\\Http\\Request))
#68 /Users/huzai/Documents/GitHub/LR-ProjectManager/vendor/laravel/framework/src/Illuminate/Pipeline/Pipeline.php(219): Illuminate\\Http\\Middleware\\ValidatePathEncoding->handle(Object(Illuminate\\Http\\Request), Object(Closure))
#69 /Users/huzai/Documents/GitHub/LR-ProjectManager/vendor/laravel/framework/src/Illuminate/Pipeline/Pipeline.php(137): Illuminate\\Pipeline\\Pipeline->{closure:{closure:Illuminate\\Pipeline\\Pipeline::carry():194}:195}(Object(Illuminate\\Http\\Request))
#70 /Users/huzai/Documents/GitHub/LR-ProjectManager/vendor/laravel/framework/src/Illuminate/Foundation/Http/Kernel.php(175): Illuminate\\Pipeline\\Pipeline->then(Object(Closure))
#71 /Users/huzai/Documents/GitHub/LR-ProjectManager/vendor/laravel/framework/src/Illuminate/Foundation/Http/Kernel.php(144): Illuminate\\Foundation\\Http\\Kernel->sendRequestThroughRouter(Object(Illuminate\\Http\\Request))
#72 /Users/huzai/Documents/GitHub/LR-ProjectManager/vendor/laravel/framework/src/Illuminate/Foundation/Testing/Concerns/MakesHttpRequests.php(607): Illuminate\\Foundation\\Http\\Kernel->handle(Object(Illuminate\\Http\\Request))
#73 /Users/huzai/Documents/GitHub/LR-ProjectManager/vendor/laravel/framework/src/Illuminate/Foundation/Testing/Concerns/MakesHttpRequests.php(368): Illuminate\\Foundation\\Testing\\TestCase->call('GET', 'http://127.0.0....', Array, Array, Array, Array)
#74 /Users/huzai/Documents/GitHub/LR-ProjectManager/tests/Feature/Settings/SecurityTest.php(66): Illuminate\\Foundation\\Testing\\TestCase->get('http://127.0.0....')
#75 /Users/huzai/Documents/GitHub/LR-ProjectManager/vendor/phpunit/phpunit/src/Framework/TestCase.php(1314): Tests\\Feature\\Settings\\SecurityTest->test_security_page_does_not_require_password_confirmation_when_disabled()
#76 /Users/huzai/Documents/GitHub/LR-ProjectManager/vendor/phpunit/phpunit/src/Framework/TestCase.php(1351): PHPUnit\\Framework\\TestCase->invokeTestMethod('test_security_p...', Array)
#77 /Users/huzai/Documents/GitHub/LR-ProjectManager/vendor/phpunit/phpunit/src/Framework/TestCase.php(521): PHPUnit\\Framework\\TestCase->runTest()
#78 /Users/huzai/Documents/GitHub/LR-ProjectManager/vendor/phpunit/phpunit/src/Framework/TestRunner/TestRunner.php(99): PHPUnit\\Framework\\TestCase->runBare()
#79 /Users/huzai/Documents/GitHub/LR-ProjectManager/vendor/phpunit/phpunit/src/Framework/TestCase.php(361): PHPUnit\\Framework\\TestRunner->run(Object(Tests\\Feature\\Settings\\SecurityTest))
#80 /Users/huzai/Documents/GitHub/LR-ProjectManager/vendor/phpunit/phpunit/src/Framework/TestSuite.php(374): PHPUnit\\Framework\\TestCase->run()
#81 /Users/huzai/Documents/GitHub/LR-ProjectManager/vendor/phpunit/phpunit/src/Framework/TestSuite.php(374): PHPUnit\\Framework\\TestSuite->run()
#82 /Users/huzai/Documents/GitHub/LR-ProjectManager/vendor/phpunit/phpunit/src/Framework/TestSuite.php(374): PHPUnit\\Framework\\TestSuite->run()
#83 /Users/huzai/Documents/GitHub/LR-ProjectManager/vendor/phpunit/phpunit/src/TextUI/TestRunner.php(64): PHPUnit\\Framework\\TestSuite->run()
#84 /Users/huzai/Documents/GitHub/LR-ProjectManager/vendor/phpunit/phpunit/src/TextUI/Application.php(229): PHPUnit\\TextUI\\TestRunner->run(Object(PHPUnit\\TextUI\\Configuration\\Configuration), Object(PHPUnit\\Runner\\ResultCache\\DefaultResultCache), Object(PHPUnit\\Framework\\TestSuite))
#85 /Users/huzai/Documents/GitHub/LR-ProjectManager/vendor/phpunit/phpunit/phpunit(104): PHPUnit\\TextUI\\Application->run(Array)
#86 {main}
"} 
[2026-05-31 12:41:15] testing.ERROR: Vite manifest not found at: /Users/huzai/Documents/GitHub/LR-ProjectManager/public/build/manifest.json (View: /Users/huzai/Documents/GitHub/LR-ProjectManager/resources/views/app.blade.php) {"userId":1,"exception":"[object] (Illuminate\\View\\ViewException(code: 0): Vite manifest not found at: /Users/huzai/Documents/GitHub/LR-ProjectManager/public/build/manifest.json (View: /Users/huzai/Documents/GitHub/LR-ProjectManager/resources/views/app.blade.php) at /Users/huzai/Documents/GitHub/LR-ProjectManager/vendor/laravel/framework/src/Illuminate/Foundation/Vite.php:960)
[stacktrace]
#0 /Users/huzai/Documents/GitHub/LR-ProjectManager/vendor/laravel/framework/src/Illuminate/View/Engines/PhpEngine.php(59): Illuminate\\View\\Engines\\CompilerEngine->handleViewException(Object(Illuminate\\Foundation\\ViteManifestNotFoundException), 1)
#1 /Users/huzai/Documents/GitHub/LR-ProjectManager/vendor/laravel/framework/src/Illuminate/View/Engines/CompilerEngine.php(76): Illuminate\\View\\Engines\\PhpEngine->evaluatePath('/Users/huzai/Do...', Array)
#2 /Users/huzai/Documents/GitHub/LR-ProjectManager/vendor/laravel/framework/src/Illuminate/View/View.php(208): Illuminate\\View\\Engines\\CompilerEngine->get('/Users/huzai/Do...', Array)
#3 /Users/huzai/Documents/GitHub/LR-ProjectManager/vendor/laravel/framework/src/Illuminate/View/View.php(191): Illuminate\\View\\View->getContents()
#4 /Users/huzai/Documents/GitHub/LR-ProjectManager/vendor/laravel/framework/src/Illuminate/View/View.php(160): Illuminate\\View\\View->renderContents()
#5 /Users/huzai/Documents/GitHub/LR-ProjectManager/vendor/laravel/framework/src/Illuminate/Http/Response.php(78): Illuminate\\View\\View->render()
#6 /Users/huzai/Documents/GitHub/LR-ProjectManager/vendor/laravel/framework/src/Illuminate/Http/Response.php(34): Illuminate\\Http\\Response->setContent(Object(Illuminate\\View\\View))
#7 /Users/huzai/Documents/GitHub/LR-ProjectManager/vendor/laravel/framework/src/Illuminate/Routing/ResponseFactory.php(61): Illuminate\\Http\\Response->__construct(Object(Illuminate\\View\\View), 200, Array)
#8 /Users/huzai/Documents/GitHub/LR-ProjectManager/vendor/laravel/framework/src/Illuminate/Routing/ResponseFactory.php(91): Illuminate\\Routing\\ResponseFactory->make(Object(Illuminate\\View\\View), 200, Array)
#9 /Users/huzai/Documents/GitHub/LR-ProjectManager/vendor/laravel/framework/src/Illuminate/Support/Facades/Facade.php(363): Illuminate\\Routing\\ResponseFactory->view('app', Array)
#10 /Users/huzai/Documents/GitHub/LR-ProjectManager/vendor/inertiajs/inertia-laravel/src/Response.php(211): Illuminate\\Support\\Facades\\Facade::__callStatic('view', Array)
#11 /Users/huzai/Documents/GitHub/LR-ProjectManager/vendor/laravel/framework/src/Illuminate/Routing/Router.php(921): Inertia\\Response->toResponse(Object(Illuminate\\Http\\Request))
#12 /Users/huzai/Documents/GitHub/LR-ProjectManager/vendor/laravel/framework/src/Illuminate/Routing/Router.php(906): Illuminate\\Routing\\Router::toResponse(Object(Illuminate\\Http\\Request), Object(Inertia\\Response))
#13 /Users/huzai/Documents/GitHub/LR-ProjectManager/vendor/laravel/framework/src/Illuminate/Routing/Router.php(821): Illuminate\\Routing\\Router->prepareResponse(Object(Illuminate\\Http\\Request), Object(Inertia\\Response))
#14 /Users/huzai/Documents/GitHub/LR-ProjectManager/vendor/laravel/framework/src/Illuminate/Pipeline/Pipeline.php(180): Illuminate\\Routing\\Router->{closure:Illuminate\\Routing\\Router::runRouteWithinStack():821}(Object(Illuminate\\Http\\Request))
#15 /Users/huzai/Documents/GitHub/LR-ProjectManager/vendor/laravel/framework/src/Illuminate/Auth/Middleware/EnsureEmailIsVerified.php(41): Illuminate\\Pipeline\\Pipeline->{closure:Illuminate\\Pipeline\\Pipeline::prepareDestination():178}(Object(Illuminate\\Http\\Request))
#16 /Users/huzai/Documents/GitHub/LR-ProjectManager/vendor/laravel/framework/src/Illuminate/Pipeline/Pipeline.php(219): Illuminate\\Auth\\Middleware\\EnsureEmailIsVerified->handle(Object(Illuminate\\Http\\Request), Object(Closure))
#17 /Users/huzai/Documents/GitHub/LR-ProjectManager/vendor/laravel/framework/src/Illuminate/Http/Middleware/AddLinkHeadersForPreloadedAssets.php(32): Illuminate\\Pipeline\\Pipeline->{closure:{closure:Illuminate\\Pipeline\\Pipeline::carry():194}:195}(Object(Illuminate\\Http\\Request))
#18 /Users/huzai/Documents/GitHub/LR-ProjectManager/vendor/laravel/framework/src/Illuminate/Pipeline/Pipeline.php(219): Illuminate\\Http\\Middleware\\AddLinkHeadersForPreloadedAssets->handle(Object(Illuminate\\Http\\Request), Object(Closure))
#19 /Users/huzai/Documents/GitHub/LR-ProjectManager/vendor/inertiajs/inertia-laravel/src/Middleware.php(138): Illuminate\\Pipeline\\Pipeline->{closure:{closure:Illuminate\\Pipeline\\Pipeline::carry():194}:195}(Object(Illuminate\\Http\\Request))
#20 /Users/huzai/Documents/GitHub/LR-ProjectManager/vendor/laravel/framework/src/Illuminate/Pipeline/Pipeline.php(219): Inertia\\Middleware->handle(Object(Illuminate\\Http\\Request), Object(Closure))
#21 /Users/huzai/Documents/GitHub/LR-ProjectManager/app/Http/Middleware/HandleAppearance.php(21): Illuminate\\Pipeline\\Pipeline->{closure:{closure:Illuminate\\Pipeline\\Pipeline::carry():194}:195}(Object(Illuminate\\Http\\Request))
#22 /Users/huzai/Documents/GitHub/LR-ProjectManager/vendor/laravel/framework/src/Illuminate/Pipeline/Pipeline.php(219): App\\Http\\Middleware\\HandleAppearance->handle(Object(Illuminate\\Http\\Request), Object(Closure))
#23 /Users/huzai/Documents/GitHub/LR-ProjectManager/vendor/laravel/framework/src/Illuminate/Routing/Middleware/SubstituteBindings.php(52): Illuminate\\Pipeline\\Pipeline->{closure:{closure:Illuminate\\Pipeline\\Pipeline::carry():194}:195}(Object(Illuminate\\Http\\Request))
#24 /Users/huzai/Documents/GitHub/LR-ProjectManager/vendor/laravel/framework/src/Illuminate/Pipeline/Pipeline.php(219): Illuminate\\Routing\\Middleware\\SubstituteBindings->handle(Object(Illuminate\\Http\\Request), Object(Closure))
#25 /Users/huzai/Documents/GitHub/LR-ProjectManager/vendor/laravel/framework/src/Illuminate/Auth/Middleware/Authenticate.php(63): Illuminate\\Pipeline\\Pipeline->{closure:{closure:Illuminate\\Pipeline\\Pipeline::carry():194}:195}(Object(Illuminate\\Http\\Request))
#26 /Users/huzai/Documents/GitHub/LR-ProjectManager/vendor/laravel/framework/src/Illuminate/Pipeline/Pipeline.php(219): Illuminate\\Auth\\Middleware\\Authenticate->handle(Object(Illuminate\\Http\\Request), Object(Closure))
#27 /Users/huzai/Documents/GitHub/LR-ProjectManager/vendor/laravel/framework/src/Illuminate/Foundation/Http/Middleware/PreventRequestForgery.php(104): Illuminate\\Pipeline\\Pipeline->{closure:{closure:Illuminate\\Pipeline\\Pipeline::carry():194}:195}(Object(Illuminate\\Http\\Request))
#28 /Users/huzai/Documents/GitHub/LR-ProjectManager/vendor/laravel/framework/src/Illuminate/Pipeline/Pipeline.php(219): Illuminate\\Foundation\\Http\\Middleware\\PreventRequestForgery->handle(Object(Illuminate\\Http\\Request), Object(Closure))
#29 /Users/huzai/Documents/GitHub/LR-ProjectManager/vendor/laravel/framework/src/Illuminate/View/Middleware/ShareErrorsFromSession.php(48): Illuminate\\Pipeline\\Pipeline->{closure:{closure:Illuminate\\Pipeline\\Pipeline::carry():194}:195}(Object(Illuminate\\Http\\Request))
#30 /Users/huzai/Documents/GitHub/LR-ProjectManager/vendor/laravel/framework/src/Illuminate/Pipeline/Pipeline.php(219): Illuminate\\View\\Middleware\\ShareErrorsFromSession->handle(Object(Illuminate\\Http\\Request), Object(Closure))
#31 /Users/huzai/Documents/GitHub/LR-ProjectManager/vendor/laravel/framework/src/Illuminate/Session/Middleware/StartSession.php(120): Illuminate\\Pipeline\\Pipeline->{closure:{closure:Illuminate\\Pipeline\\Pipeline::carry():194}:195}(Object(Illuminate\\Http\\Request))
#32 /Users/huzai/Documents/GitHub/LR-ProjectManager/vendor/laravel/framework/src/Illuminate/Session/Middleware/StartSession.php(63): Illuminate\\Session\\Middleware\\StartSession->handleStatefulRequest(Object(Illuminate\\Http\\Request), Object(Illuminate\\Session\\Store), Object(Closure))
#33 /Users/huzai/Documents/GitHub/LR-ProjectManager/vendor/laravel/framework/src/Illuminate/Pipeline/Pipeline.php(219): Illuminate\\Session\\Middleware\\StartSession->handle(Object(Illuminate\\Http\\Request), Object(Closure))
#34 /Users/huzai/Documents/GitHub/LR-ProjectManager/vendor/laravel/framework/src/Illuminate/Cookie/Middleware/AddQueuedCookiesToResponse.php(36): Illuminate\\Pipeline\\Pipeline->{closure:{closure:Illuminate\\Pipeline\\Pipeline::carry():194}:195}(Object(Illuminate\\Http\\Request))
#35 /Users/huzai/Documents/GitHub/LR-ProjectManager/vendor/laravel/framework/src/Illuminate/Pipeline/Pipeline.php(219): Illuminate\\Cookie\\Middleware\\AddQueuedCookiesToResponse->handle(Object(Illuminate\\Http\\Request), Object(Closure))
#36 /Users/huzai/Documents/GitHub/LR-ProjectManager/vendor/laravel/framework/src/Illuminate/Cookie/Middleware/EncryptCookies.php(74): Illuminate\\Pipeline\\Pipeline->{closure:{closure:Illuminate\\Pipeline\\Pipeline::carry():194}:195}(Object(Illuminate\\Http\\Request))
#37 /Users/huzai/Documents/GitHub/LR-ProjectManager/vendor/laravel/framework/src/Illuminate/Pipeline/Pipeline.php(219): Illuminate\\Cookie\\Middleware\\EncryptCookies->handle(Object(Illuminate\\Http\\Request), Object(Closure))
#38 /Users/huzai/Documents/GitHub/LR-ProjectManager/vendor/laravel/framework/src/Illuminate/Pipeline/Pipeline.php(137): Illuminate\\Pipeline\\Pipeline->{closure:{closure:Illuminate\\Pipeline\\Pipeline::carry():194}:195}(Object(Illuminate\\Http\\Request))
#39 /Users/huzai/Documents/GitHub/LR-ProjectManager/vendor/laravel/framework/src/Illuminate/Routing/Router.php(821): Illuminate\\Pipeline\\Pipeline->then(Object(Closure))
#40 /Users/huzai/Documents/GitHub/LR-ProjectManager/vendor/laravel/framework/src/Illuminate/Routing/Router.php(800): Illuminate\\Routing\\Router->runRouteWithinStack(Object(Illuminate\\Routing\\Route), Object(Illuminate\\Http\\Request))
#41 /Users/huzai/Documents/GitHub/LR-ProjectManager/vendor/laravel/framework/src/Illuminate/Routing/Router.php(764): Illuminate\\Routing\\Router->runRoute(Object(Illuminate\\Http\\Request), Object(Illuminate\\Routing\\Route))
#42 /Users/huzai/Documents/GitHub/LR-ProjectManager/vendor/laravel/framework/src/Illuminate/Routing/Router.php(753): Illuminate\\Routing\\Router->dispatchToRoute(Object(Illuminate\\Http\\Request))
#43 /Users/huzai/Documents/GitHub/LR-ProjectManager/vendor/laravel/framework/src/Illuminate/Foundation/Http/Kernel.php(200): Illuminate\\Routing\\Router->dispatch(Object(Illuminate\\Http\\Request))
#44 /Users/huzai/Documents/GitHub/LR-ProjectManager/vendor/laravel/framework/src/Illuminate/Pipeline/Pipeline.php(180): Illuminate\\Foundation\\Http\\Kernel->{closure:Illuminate\\Foundation\\Http\\Kernel::dispatchToRouter():197}(Object(Illuminate\\Http\\Request))
#45 /Users/huzai/Documents/GitHub/LR-ProjectManager/vendor/inertiajs/inertia-laravel/src/Middleware/EnsureGetOnRedirect.php(19): Illuminate\\Pipeline\\Pipeline->{closure:Illuminate\\Pipeline\\Pipeline::prepareDestination():178}(Object(Illuminate\\Http\\Request))
#46 /Users/huzai/Documents/GitHub/LR-ProjectManager/vendor/laravel/framework/src/Illuminate/Pipeline/Pipeline.php(219): Inertia\\Middleware\\EnsureGetOnRedirect->handle(Object(Illuminate\\Http\\Request), Object(Closure))
#47 /Users/huzai/Documents/GitHub/LR-ProjectManager/vendor/laravel/framework/src/Illuminate/Foundation/Http/Middleware/TransformsRequest.php(21): Illuminate\\Pipeline\\Pipeline->{closure:{closure:Illuminate\\Pipeline\\Pipeline::carry():194}:195}(Object(Illuminate\\Http\\Request))
#48 /Users/huzai/Documents/GitHub/LR-ProjectManager/vendor/laravel/framework/src/Illuminate/Foundation/Http/Middleware/ConvertEmptyStringsToNull.php(31): Illuminate\\Foundation\\Http\\Middleware\\TransformsRequest->handle(Object(Illuminate\\Http\\Request), Object(Closure))
#49 /Users/huzai/Documents/GitHub/LR-ProjectManager/vendor/laravel/framework/src/Illuminate/Pipeline/Pipeline.php(219): Illuminate\\Foundation\\Http\\Middleware\\ConvertEmptyStringsToNull->handle(Object(Illuminate\\Http\\Request), Object(Closure))
#50 /Users/huzai/Documents/GitHub/LR-ProjectManager/vendor/laravel/framework/src/Illuminate/Foundation/Http/Middleware/TransformsRequest.php(21): Illuminate\\Pipeline\\Pipeline->{closure:{closure:Illuminate\\Pipeline\\Pipeline::carry():194}:195}(Object(Illuminate\\Http\\Request))
#51 /Users/huzai/Documents/GitHub/LR-ProjectManager/vendor/laravel/framework/src/Illuminate/Foundation/Http/Middleware/TrimStrings.php(51): Illuminate\\Foundation\\Http\\Middleware\\TransformsRequest->handle(Object(Illuminate\\Http\\Request), Object(Closure))
#52 /Users/huzai/Documents/GitHub/LR-ProjectManager/vendor/laravel/framework/src/Illuminate/Pipeline/Pipeline.php(219): Illuminate\\Foundation\\Http\\Middleware\\TrimStrings->handle(Object(Illuminate\\Http\\Request), Object(Closure))
#53 /Users/huzai/Documents/GitHub/LR-ProjectManager/vendor/laravel/framework/src/Illuminate/Http/Middleware/ValidatePostSize.php(27): Illuminate\\Pipeline\\Pipeline->{closure:{closure:Illuminate\\Pipeline\\Pipeline::carry():194}:195}(Object(Illuminate\\Http\\Request))
#54 /Users/huzai/Documents/GitHub/LR-ProjectManager/vendor/laravel/framework/src/Illuminate/Pipeline/Pipeline.php(219): Illuminate\\Http\\Middleware\\ValidatePostSize->handle(Object(Illuminate\\Http\\Request), Object(Closure))
#55 /Users/huzai/Documents/GitHub/LR-ProjectManager/vendor/laravel/framework/src/Illuminate/Foundation/Http/Middleware/PreventRequestsDuringMaintenance.php(109): Illuminate\\Pipeline\\Pipeline->{closure:{closure:Illuminate\\Pipeline\\Pipeline::carry():194}:195}(Object(Illuminate\\Http\\Request))
#56 /Users/huzai/Documents/GitHub/LR-ProjectManager/vendor/laravel/framework/src/Illuminate/Pipeline/Pipeline.php(219): Illuminate\\Foundation\\Http\\Middleware\\PreventRequestsDuringMaintenance->handle(Object(Illuminate\\Http\\Request), Object(Closure))
#57 /Users/huzai/Documents/GitHub/LR-ProjectManager/vendor/laravel/framework/src/Illuminate/Http/Middleware/HandleCors.php(61): Illuminate\\Pipeline\\Pipeline->{closure:{closure:Illuminate\\Pipeline\\Pipeline::carry():194}:195}(Object(Illuminate\\Http\\Request))
#58 /Users/huzai/Documents/GitHub/LR-ProjectManager/vendor/laravel/framework/src/Illuminate/Pipeline/Pipeline.php(219): Illuminate\\Http\\Middleware\\HandleCors->handle(Object(Illuminate\\Http\\Request), Object(Closure))
#59 /Users/huzai/Documents/GitHub/LR-ProjectManager/vendor/laravel/framework/src/Illuminate/Http/Middleware/TrustProxies.php(58): Illuminate\\Pipeline\\Pipeline->{closure:{closure:Illuminate\\Pipeline\\Pipeline::carry():194}:195}(Object(Illuminate\\Http\\Request))
#60 /Users/huzai/Documents/GitHub/LR-ProjectManager/vendor/laravel/framework/src/Illuminate/Pipeline/Pipeline.php(219): Illuminate\\Http\\Middleware\\TrustProxies->handle(Object(Illuminate\\Http\\Request), Object(Closure))
#61 /Users/huzai/Documents/GitHub/LR-ProjectManager/vendor/laravel/framework/src/Illuminate/Foundation/Http/Middleware/InvokeDeferredCallbacks.php(22): Illuminate\\Pipeline\\Pipeline->{closure:{closure:Illuminate\\Pipeline\\Pipeline::carry():194}:195}(Object(Illuminate\\Http\\Request))
#62 /Users/huzai/Documents/GitHub/LR-ProjectManager/vendor/laravel/framework/src/Illuminate/Pipeline/Pipeline.php(219): Illuminate\\Foundation\\Http\\Middleware\\InvokeDeferredCallbacks->handle(Object(Illuminate\\Http\\Request), Object(Closure))
#63 /Users/huzai/Documents/GitHub/LR-ProjectManager/vendor/laravel/framework/src/Illuminate/Http/Middleware/ValidatePathEncoding.php(28): Illuminate\\Pipeline\\Pipeline->{closure:{closure:Illuminate\\Pipeline\\Pipeline::carry():194}:195}(Object(Illuminate\\Http\\Request))
#64 /Users/huzai/Documents/GitHub/LR-ProjectManager/vendor/laravel/framework/src/Illuminate/Pipeline/Pipeline.php(219): Illuminate\\Http\\Middleware\\ValidatePathEncoding->handle(Object(Illuminate\\Http\\Request), Object(Closure))
#65 /Users/huzai/Documents/GitHub/LR-ProjectManager/vendor/laravel/framework/src/Illuminate/Pipeline/Pipeline.php(137): Illuminate\\Pipeline\\Pipeline->{closure:{closure:Illuminate\\Pipeline\\Pipeline::carry():194}:195}(Object(Illuminate\\Http\\Request))
#66 /Users/huzai/Documents/GitHub/LR-ProjectManager/vendor/laravel/framework/src/Illuminate/Foundation/Http/Kernel.php(175): Illuminate\\Pipeline\\Pipeline->then(Object(Closure))
#67 /Users/huzai/Documents/GitHub/LR-ProjectManager/vendor/laravel/framework/src/Illuminate/Foundation/Http/Kernel.php(144): Illuminate\\Foundation\\Http\\Kernel->sendRequestThroughRouter(Object(Illuminate\\Http\\Request))
#68 /Users/huzai/Documents/GitHub/LR-ProjectManager/vendor/laravel/framework/src/Illuminate/Foundation/Testing/Concerns/MakesHttpRequests.php(607): Illuminate\\Foundation\\Http\\Kernel->handle(Object(Illuminate\\Http\\Request))
#69 /Users/huzai/Documents/GitHub/LR-ProjectManager/vendor/laravel/framework/src/Illuminate/Foundation/Testing/Concerns/MakesHttpRequests.php(368): Illuminate\\Foundation\\Testing\\TestCase->call('GET', 'http://127.0.0....', Array, Array, Array, Array)
#70 /Users/huzai/Documents/GitHub/LR-ProjectManager/tests/Feature/Settings/SecurityTest.php(82): Illuminate\\Foundation\\Testing\\TestCase->get('http://127.0.0....')
#71 /Users/huzai/Documents/GitHub/LR-ProjectManager/vendor/phpunit/phpunit/src/Framework/TestCase.php(1314): Tests\\Feature\\Settings\\SecurityTest->test_security_page_renders_without_two_factor_when_feature_is_disabled()
#72 /Users/huzai/Documents/GitHub/LR-ProjectManager/vendor/phpunit/phpunit/src/Framework/TestCase.php(1351): PHPUnit\\Framework\\TestCase->invokeTestMethod('test_security_p...', Array)
#73 /Users/huzai/Documents/GitHub/LR-ProjectManager/vendor/phpunit/phpunit/src/Framework/TestCase.php(521): PHPUnit\\Framework\\TestCase->runTest()
#74 /Users/huzai/Documents/GitHub/LR-ProjectManager/vendor/phpunit/phpunit/src/Framework/TestRunner/TestRunner.php(99): PHPUnit\\Framework\\TestCase->runBare()
#75 /Users/huzai/Documents/GitHub/LR-ProjectManager/vendor/phpunit/phpunit/src/Framework/TestCase.php(361): PHPUnit\\Framework\\TestRunner->run(Object(Tests\\Feature\\Settings\\SecurityTest))
#76 /Users/huzai/Documents/GitHub/LR-ProjectManager/vendor/phpunit/phpunit/src/Framework/TestSuite.php(374): PHPUnit\\Framework\\TestCase->run()
#77 /Users/huzai/Documents/GitHub/LR-ProjectManager/vendor/phpunit/phpunit/src/Framework/TestSuite.php(374): PHPUnit\\Framework\\TestSuite->run()
#78 /Users/huzai/Documents/GitHub/LR-ProjectManager/vendor/phpunit/phpunit/src/Framework/TestSuite.php(374): PHPUnit\\Framework\\TestSuite->run()
#79 /Users/huzai/Documents/GitHub/LR-ProjectManager/vendor/phpunit/phpunit/src/TextUI/TestRunner.php(64): PHPUnit\\Framework\\TestSuite->run()
#80 /Users/huzai/Documents/GitHub/LR-ProjectManager/vendor/phpunit/phpunit/src/TextUI/Application.php(229): PHPUnit\\TextUI\\TestRunner->run(Object(PHPUnit\\TextUI\\Configuration\\Configuration), Object(PHPUnit\\Runner\\ResultCache\\DefaultResultCache), Object(PHPUnit\\Framework\\TestSuite))
#81 /Users/huzai/Documents/GitHub/LR-ProjectManager/vendor/phpunit/phpunit/phpunit(104): PHPUnit\\TextUI\\Application->run(Array)
#82 {main}

[previous exception] [object] (Illuminate\\Foundation\\ViteManifestNotFoundException(code: 0): Vite manifest not found at: /Users/huzai/Documents/GitHub/LR-ProjectManager/public/build/manifest.json at /Users/huzai/Documents/GitHub/LR-ProjectManager/vendor/laravel/framework/src/Illuminate/Foundation/Vite.php:960)
[stacktrace]
#0 /Users/huzai/Documents/GitHub/LR-ProjectManager/vendor/laravel/framework/src/Illuminate/Foundation/Vite.php(398): Illuminate\\Foundation\\Vite->manifest('build')
#1 /Users/huzai/Documents/GitHub/LR-ProjectManager/storage/framework/views/cc980059043f8a994bd2e0d5afbf0963.php(40): Illuminate\\Foundation\\Vite->__invoke(Object(Illuminate\\Support\\Collection))
#2 /Users/huzai/Documents/GitHub/LR-ProjectManager/vendor/laravel/framework/src/Illuminate/Filesystem/Filesystem.php(123): require('/Users/huzai/Do...')
#3 /Users/huzai/Documents/GitHub/LR-ProjectManager/vendor/laravel/framework/src/Illuminate/Filesystem/Filesystem.php(124): Illuminate\\Filesystem\\Filesystem::{closure:Illuminate\\Filesystem\\Filesystem::getRequire():120}()
#4 /Users/huzai/Documents/GitHub/LR-ProjectManager/vendor/laravel/framework/src/Illuminate/View/Engines/PhpEngine.php(57): Illuminate\\Filesystem\\Filesystem->getRequire('/Users/huzai/Do...', Array)
#5 /Users/huzai/Documents/GitHub/LR-ProjectManager/vendor/laravel/framework/src/Illuminate/View/Engines/CompilerEngine.php(76): Illuminate\\View\\Engines\\PhpEngine->evaluatePath('/Users/huzai/Do...', Array)
#6 /Users/huzai/Documents/GitHub/LR-ProjectManager/vendor/laravel/framework/src/Illuminate/View/View.php(208): Illuminate\\View\\Engines\\CompilerEngine->get('/Users/huzai/Do...', Array)
#7 /Users/huzai/Documents/GitHub/LR-ProjectManager/vendor/laravel/framework/src/Illuminate/View/View.php(191): Illuminate\\View\\View->getContents()
#8 /Users/huzai/Documents/GitHub/LR-ProjectManager/vendor/laravel/framework/src/Illuminate/View/View.php(160): Illuminate\\View\\View->renderContents()
#9 /Users/huzai/Documents/GitHub/LR-ProjectManager/vendor/laravel/framework/src/Illuminate/Http/Response.php(78): Illuminate\\View\\View->render()
#10 /Users/huzai/Documents/GitHub/LR-ProjectManager/vendor/laravel/framework/src/Illuminate/Http/Response.php(34): Illuminate\\Http\\Response->setContent(Object(Illuminate\\View\\View))
#11 /Users/huzai/Documents/GitHub/LR-ProjectManager/vendor/laravel/framework/src/Illuminate/Routing/ResponseFactory.php(61): Illuminate\\Http\\Response->__construct(Object(Illuminate\\View\\View), 200, Array)
#12 /Users/huzai/Documents/GitHub/LR-ProjectManager/vendor/laravel/framework/src/Illuminate/Routing/ResponseFactory.php(91): Illuminate\\Routing\\ResponseFactory->make(Object(Illuminate\\View\\View), 200, Array)
#13 /Users/huzai/Documents/GitHub/LR-ProjectManager/vendor/laravel/framework/src/Illuminate/Support/Facades/Facade.php(363): Illuminate\\Routing\\ResponseFactory->view('app', Array)
#14 /Users/huzai/Documents/GitHub/LR-ProjectManager/vendor/inertiajs/inertia-laravel/src/Response.php(211): Illuminate\\Support\\Facades\\Facade::__callStatic('view', Array)
#15 /Users/huzai/Documents/GitHub/LR-ProjectManager/vendor/laravel/framework/src/Illuminate/Routing/Router.php(921): Inertia\\Response->toResponse(Object(Illuminate\\Http\\Request))
#16 /Users/huzai/Documents/GitHub/LR-ProjectManager/vendor/laravel/framework/src/Illuminate/Routing/Router.php(906): Illuminate\\Routing\\Router::toResponse(Object(Illuminate\\Http\\Request), Object(Inertia\\Response))
#17 /Users/huzai/Documents/GitHub/LR-ProjectManager/vendor/laravel/framework/src/Illuminate/Routing/Router.php(821): Illuminate\\Routing\\Router->prepareResponse(Object(Illuminate\\Http\\Request), Object(Inertia\\Response))
#18 /Users/huzai/Documents/GitHub/LR-ProjectManager/vendor/laravel/framework/src/Illuminate/Pipeline/Pipeline.php(180): Illuminate\\Routing\\Router->{closure:Illuminate\\Routing\\Router::runRouteWithinStack():821}(Object(Illuminate\\Http\\Request))
#19 /Users/huzai/Documents/GitHub/LR-ProjectManager/vendor/laravel/framework/src/Illuminate/Auth/Middleware/EnsureEmailIsVerified.php(41): Illuminate\\Pipeline\\Pipeline->{closure:Illuminate\\Pipeline\\Pipeline::prepareDestination():178}(Object(Illuminate\\Http\\Request))
#20 /Users/huzai/Documents/GitHub/LR-ProjectManager/vendor/laravel/framework/src/Illuminate/Pipeline/Pipeline.php(219): Illuminate\\Auth\\Middleware\\EnsureEmailIsVerified->handle(Object(Illuminate\\Http\\Request), Object(Closure))
#21 /Users/huzai/Documents/GitHub/LR-ProjectManager/vendor/laravel/framework/src/Illuminate/Http/Middleware/AddLinkHeadersForPreloadedAssets.php(32): Illuminate\\Pipeline\\Pipeline->{closure:{closure:Illuminate\\Pipeline\\Pipeline::carry():194}:195}(Object(Illuminate\\Http\\Request))
#22 /Users/huzai/Documents/GitHub/LR-ProjectManager/vendor/laravel/framework/src/Illuminate/Pipeline/Pipeline.php(219): Illuminate\\Http\\Middleware\\AddLinkHeadersForPreloadedAssets->handle(Object(Illuminate\\Http\\Request), Object(Closure))
#23 /Users/huzai/Documents/GitHub/LR-ProjectManager/vendor/inertiajs/inertia-laravel/src/Middleware.php(138): Illuminate\\Pipeline\\Pipeline->{closure:{closure:Illuminate\\Pipeline\\Pipeline::carry():194}:195}(Object(Illuminate\\Http\\Request))
#24 /Users/huzai/Documents/GitHub/LR-ProjectManager/vendor/laravel/framework/src/Illuminate/Pipeline/Pipeline.php(219): Inertia\\Middleware->handle(Object(Illuminate\\Http\\Request), Object(Closure))
#25 /Users/huzai/Documents/GitHub/LR-ProjectManager/app/Http/Middleware/HandleAppearance.php(21): Illuminate\\Pipeline\\Pipeline->{closure:{closure:Illuminate\\Pipeline\\Pipeline::carry():194}:195}(Object(Illuminate\\Http\\Request))
#26 /Users/huzai/Documents/GitHub/LR-ProjectManager/vendor/laravel/framework/src/Illuminate/Pipeline/Pipeline.php(219): App\\Http\\Middleware\\HandleAppearance->handle(Object(Illuminate\\Http\\Request), Object(Closure))
#27 /Users/huzai/Documents/GitHub/LR-ProjectManager/vendor/laravel/framework/src/Illuminate/Routing/Middleware/SubstituteBindings.php(52): Illuminate\\Pipeline\\Pipeline->{closure:{closure:Illuminate\\Pipeline\\Pipeline::carry():194}:195}(Object(Illuminate\\Http\\Request))
#28 /Users/huzai/Documents/GitHub/LR-ProjectManager/vendor/laravel/framework/src/Illuminate/Pipeline/Pipeline.php(219): Illuminate\\Routing\\Middleware\\SubstituteBindings->handle(Object(Illuminate\\Http\\Request), Object(Closure))
#29 /Users/huzai/Documents/GitHub/LR-ProjectManager/vendor/laravel/framework/src/Illuminate/Auth/Middleware/Authenticate.php(63): Illuminate\\Pipeline\\Pipeline->{closure:{closure:Illuminate\\Pipeline\\Pipeline::carry():194}:195}(Object(Illuminate\\Http\\Request))
#30 /Users/huzai/Documents/GitHub/LR-ProjectManager/vendor/laravel/framework/src/Illuminate/Pipeline/Pipeline.php(219): Illuminate\\Auth\\Middleware\\Authenticate->handle(Object(Illuminate\\Http\\Request), Object(Closure))
#31 /Users/huzai/Documents/GitHub/LR-ProjectManager/vendor/laravel/framework/src/Illuminate/Foundation/Http/Middleware/PreventRequestForgery.php(104): Illuminate\\Pipeline\\Pipeline->{closure:{closure:Illuminate\\Pipeline\\Pipeline::carry():194}:195}(Object(Illuminate\\Http\\Request))
#32 /Users/huzai/Documents/GitHub/LR-ProjectManager/vendor/laravel/framework/src/Illuminate/Pipeline/Pipeline.php(219): Illuminate\\Foundation\\Http\\Middleware\\PreventRequestForgery->handle(Object(Illuminate\\Http\\Request), Object(Closure))
#33 /Users/huzai/Documents/GitHub/LR-ProjectManager/vendor/laravel/framework/src/Illuminate/View/Middleware/ShareErrorsFromSession.php(48): Illuminate\\Pipeline\\Pipeline->{closure:{closure:Illuminate\\Pipeline\\Pipeline::carry():194}:195}(Object(Illuminate\\Http\\Request))
#34 /Users/huzai/Documents/GitHub/LR-ProjectManager/vendor/laravel/framework/src/Illuminate/Pipeline/Pipeline.php(219): Illuminate\\View\\Middleware\\ShareErrorsFromSession->handle(Object(Illuminate\\Http\\Request), Object(Closure))
#35 /Users/huzai/Documents/GitHub/LR-ProjectManager/vendor/laravel/framework/src/Illuminate/Session/Middleware/StartSession.php(120): Illuminate\\Pipeline\\Pipeline->{closure:{closure:Illuminate\\Pipeline\\Pipeline::carry():194}:195}(Object(Illuminate\\Http\\Request))
#36 /Users/huzai/Documents/GitHub/LR-ProjectManager/vendor/laravel/framework/src/Illuminate/Session/Middleware/StartSession.php(63): Illuminate\\Session\\Middleware\\StartSession->handleStatefulRequest(Object(Illuminate\\Http\\Request), Object(Illuminate\\Session\\Store), Object(Closure))
#37 /Users/huzai/Documents/GitHub/LR-ProjectManager/vendor/laravel/framework/src/Illuminate/Pipeline/Pipeline.php(219): Illuminate\\Session\\Middleware\\StartSession->handle(Object(Illuminate\\Http\\Request), Object(Closure))
#38 /Users/huzai/Documents/GitHub/LR-ProjectManager/vendor/laravel/framework/src/Illuminate/Cookie/Middleware/AddQueuedCookiesToResponse.php(36): Illuminate\\Pipeline\\Pipeline->{closure:{closure:Illuminate\\Pipeline\\Pipeline::carry():194}:195}(Object(Illuminate\\Http\\Request))
#39 /Users/huzai/Documents/GitHub/LR-ProjectManager/vendor/laravel/framework/src/Illuminate/Pipeline/Pipeline.php(219): Illuminate\\Cookie\\Middleware\\AddQueuedCookiesToResponse->handle(Object(Illuminate\\Http\\Request), Object(Closure))
#40 /Users/huzai/Documents/GitHub/LR-ProjectManager/vendor/laravel/framework/src/Illuminate/Cookie/Middleware/EncryptCookies.php(74): Illuminate\\Pipeline\\Pipeline->{closure:{closure:Illuminate\\Pipeline\\Pipeline::carry():194}:195}(Object(Illuminate\\Http\\Request))
#41 /Users/huzai/Documents/GitHub/LR-ProjectManager/vendor/laravel/framework/src/Illuminate/Pipeline/Pipeline.php(219): Illuminate\\Cookie\\Middleware\\EncryptCookies->handle(Object(Illuminate\\Http\\Request), Object(Closure))
#42 /Users/huzai/Documents/GitHub/LR-ProjectManager/vendor/laravel/framework/src/Illuminate/Pipeline/Pipeline.php(137): Illuminate\\Pipeline\\Pipeline->{closure:{closure:Illuminate\\Pipeline\\Pipeline::carry():194}:195}(Object(Illuminate\\Http\\Request))
#43 /Users/huzai/Documents/GitHub/LR-ProjectManager/vendor/laravel/framework/src/Illuminate/Routing/Router.php(821): Illuminate\\Pipeline\\Pipeline->then(Object(Closure))
#44 /Users/huzai/Documents/GitHub/LR-ProjectManager/vendor/laravel/framework/src/Illuminate/Routing/Router.php(800): Illuminate\\Routing\\Router->runRouteWithinStack(Object(Illuminate\\Routing\\Route), Object(Illuminate\\Http\\Request))
#45 /Users/huzai/Documents/GitHub/LR-ProjectManager/vendor/laravel/framework/src/Illuminate/Routing/Router.php(764): Illuminate\\Routing\\Router->runRoute(Object(Illuminate\\Http\\Request), Object(Illuminate\\Routing\\Route))
#46 /Users/huzai/Documents/GitHub/LR-ProjectManager/vendor/laravel/framework/src/Illuminate/Routing/Router.php(753): Illuminate\\Routing\\Router->dispatchToRoute(Object(Illuminate\\Http\\Request))
#47 /Users/huzai/Documents/GitHub/LR-ProjectManager/vendor/laravel/framework/src/Illuminate/Foundation/Http/Kernel.php(200): Illuminate\\Routing\\Router->dispatch(Object(Illuminate\\Http\\Request))
#48 /Users/huzai/Documents/GitHub/LR-ProjectManager/vendor/laravel/framework/src/Illuminate/Pipeline/Pipeline.php(180): Illuminate\\Foundation\\Http\\Kernel->{closure:Illuminate\\Foundation\\Http\\Kernel::dispatchToRouter():197}(Object(Illuminate\\Http\\Request))
#49 /Users/huzai/Documents/GitHub/LR-ProjectManager/vendor/inertiajs/inertia-laravel/src/Middleware/EnsureGetOnRedirect.php(19): Illuminate\\Pipeline\\Pipeline->{closure:Illuminate\\Pipeline\\Pipeline::prepareDestination():178}(Object(Illuminate\\Http\\Request))
#50 /Users/huzai/Documents/GitHub/LR-ProjectManager/vendor/laravel/framework/src/Illuminate/Pipeline/Pipeline.php(219): Inertia\\Middleware\\EnsureGetOnRedirect->handle(Object(Illuminate\\Http\\Request), Object(Closure))
#51 /Users/huzai/Documents/GitHub/LR-ProjectManager/vendor/laravel/framework/src/Illuminate/Foundation/Http/Middleware/TransformsRequest.php(21): Illuminate\\Pipeline\\Pipeline->{closure:{closure:Illuminate\\Pipeline\\Pipeline::carry():194}:195}(Object(Illuminate\\Http\\Request))
#52 /Users/huzai/Documents/GitHub/LR-ProjectManager/vendor/laravel/framework/src/Illuminate/Foundation/Http/Middleware/ConvertEmptyStringsToNull.php(31): Illuminate\\Foundation\\Http\\Middleware\\TransformsRequest->handle(Object(Illuminate\\Http\\Request), Object(Closure))
#53 /Users/huzai/Documents/GitHub/LR-ProjectManager/vendor/laravel/framework/src/Illuminate/Pipeline/Pipeline.php(219): Illuminate\\Foundation\\Http\\Middleware\\ConvertEmptyStringsToNull->handle(Object(Illuminate\\Http\\Request), Object(Closure))
#54 /Users/huzai/Documents/GitHub/LR-ProjectManager/vendor/laravel/framework/src/Illuminate/Foundation/Http/Middleware/TransformsRequest.php(21): Illuminate\\Pipeline\\Pipeline->{closure:{closure:Illuminate\\Pipeline\\Pipeline::carry():194}:195}(Object(Illuminate\\Http\\Request))
#55 /Users/huzai/Documents/GitHub/LR-ProjectManager/vendor/laravel/framework/src/Illuminate/Foundation/Http/Middleware/TrimStrings.php(51): Illuminate\\Foundation\\Http\\Middleware\\TransformsRequest->handle(Object(Illuminate\\Http\\Request), Object(Closure))
#56 /Users/huzai/Documents/GitHub/LR-ProjectManager/vendor/laravel/framework/src/Illuminate/Pipeline/Pipeline.php(219): Illuminate\\Foundation\\Http\\Middleware\\TrimStrings->handle(Object(Illuminate\\Http\\Request), Object(Closure))
#57 /Users/huzai/Documents/GitHub/LR-ProjectManager/vendor/laravel/framework/src/Illuminate/Http/Middleware/ValidatePostSize.php(27): Illuminate\\Pipeline\\Pipeline->{closure:{closure:Illuminate\\Pipeline\\Pipeline::carry():194}:195}(Object(Illuminate\\Http\\Request))
#58 /Users/huzai/Documents/GitHub/LR-ProjectManager/vendor/laravel/framework/src/Illuminate/Pipeline/Pipeline.php(219): Illuminate\\Http\\Middleware\\ValidatePostSize->handle(Object(Illuminate\\Http\\Request), Object(Closure))
#59 /Users/huzai/Documents/GitHub/LR-ProjectManager/vendor/laravel/framework/src/Illuminate/Foundation/Http/Middleware/PreventRequestsDuringMaintenance.php(109): Illuminate\\Pipeline\\Pipeline->{closure:{closure:Illuminate\\Pipeline\\Pipeline::carry():194}:195}(Object(Illuminate\\Http\\Request))
#60 /Users/huzai/Documents/GitHub/LR-ProjectManager/vendor/laravel/framework/src/Illuminate/Pipeline/Pipeline.php(219): Illuminate\\Foundation\\Http\\Middleware\\PreventRequestsDuringMaintenance->handle(Object(Illuminate\\Http\\Request), Object(Closure))
#61 /Users/huzai/Documents/GitHub/LR-ProjectManager/vendor/laravel/framework/src/Illuminate/Http/Middleware/HandleCors.php(61): Illuminate\\Pipeline\\Pipeline->{closure:{closure:Illuminate\\Pipeline\\Pipeline::carry():194}:195}(Object(Illuminate\\Http\\Request))
#62 /Users/huzai/Documents/GitHub/LR-ProjectManager/vendor/laravel/framework/src/Illuminate/Pipeline/Pipeline.php(219): Illuminate\\Http\\Middleware\\HandleCors->handle(Object(Illuminate\\Http\\Request), Object(Closure))
#63 /Users/huzai/Documents/GitHub/LR-ProjectManager/vendor/laravel/framework/src/Illuminate/Http/Middleware/TrustProxies.php(58): Illuminate\\Pipeline\\Pipeline->{closure:{closure:Illuminate\\Pipeline\\Pipeline::carry():194}:195}(Object(Illuminate\\Http\\Request))
#64 /Users/huzai/Documents/GitHub/LR-ProjectManager/vendor/laravel/framework/src/Illuminate/Pipeline/Pipeline.php(219): Illuminate\\Http\\Middleware\\TrustProxies->handle(Object(Illuminate\\Http\\Request), Object(Closure))
#65 /Users/huzai/Documents/GitHub/LR-ProjectManager/vendor/laravel/framework/src/Illuminate/Foundation/Http/Middleware/InvokeDeferredCallbacks.php(22): Illuminate\\Pipeline\\Pipeline->{closure:{closure:Illuminate\\Pipeline\\Pipeline::carry():194}:195}(Object(Illuminate\\Http\\Request))
#66 /Users/huzai/Documents/GitHub/LR-ProjectManager/vendor/laravel/framework/src/Illuminate/Pipeline/Pipeline.php(219): Illuminate\\Foundation\\Http\\Middleware\\InvokeDeferredCallbacks->handle(Object(Illuminate\\Http\\Request), Object(Closure))
#67 /Users/huzai/Documents/GitHub/LR-ProjectManager/vendor/laravel/framework/src/Illuminate/Http/Middleware/ValidatePathEncoding.php(28): Illuminate\\Pipeline\\Pipeline->{closure:{closure:Illuminate\\Pipeline\\Pipeline::carry():194}:195}(Object(Illuminate\\Http\\Request))
#68 /Users/huzai/Documents/GitHub/LR-ProjectManager/vendor/laravel/framework/src/Illuminate/Pipeline/Pipeline.php(219): Illuminate\\Http\\Middleware\\ValidatePathEncoding->handle(Object(Illuminate\\Http\\Request), Object(Closure))
#69 /Users/huzai/Documents/GitHub/LR-ProjectManager/vendor/laravel/framework/src/Illuminate/Pipeline/Pipeline.php(137): Illuminate\\Pipeline\\Pipeline->{closure:{closure:Illuminate\\Pipeline\\Pipeline::carry():194}:195}(Object(Illuminate\\Http\\Request))
#70 /Users/huzai/Documents/GitHub/LR-ProjectManager/vendor/laravel/framework/src/Illuminate/Foundation/Http/Kernel.php(175): Illuminate\\Pipeline\\Pipeline->then(Object(Closure))
#71 /Users/huzai/Documents/GitHub/LR-ProjectManager/vendor/laravel/framework/src/Illuminate/Foundation/Http/Kernel.php(144): Illuminate\\Foundation\\Http\\Kernel->sendRequestThroughRouter(Object(Illuminate\\Http\\Request))
#72 /Users/huzai/Documents/GitHub/LR-ProjectManager/vendor/laravel/framework/src/Illuminate/Foundation/Testing/Concerns/MakesHttpRequests.php(607): Illuminate\\Foundation\\Http\\Kernel->handle(Object(Illuminate\\Http\\Request))
#73 /Users/huzai/Documents/GitHub/LR-ProjectManager/vendor/laravel/framework/src/Illuminate/Foundation/Testing/Concerns/MakesHttpRequests.php(368): Illuminate\\Foundation\\Testing\\TestCase->call('GET', 'http://127.0.0....', Array, Array, Array, Array)
#74 /Users/huzai/Documents/GitHub/LR-ProjectManager/tests/Feature/Settings/SecurityTest.php(82): Illuminate\\Foundation\\Testing\\TestCase->get('http://127.0.0....')
#75 /Users/huzai/Documents/GitHub/LR-ProjectManager/vendor/phpunit/phpunit/src/Framework/TestCase.php(1314): Tests\\Feature\\Settings\\SecurityTest->test_security_page_renders_without_two_factor_when_feature_is_disabled()
#76 /Users/huzai/Documents/GitHub/LR-ProjectManager/vendor/phpunit/phpunit/src/Framework/TestCase.php(1351): PHPUnit\\Framework\\TestCase->invokeTestMethod('test_security_p...', Array)
#77 /Users/huzai/Documents/GitHub/LR-ProjectManager/vendor/phpunit/phpunit/src/Framework/TestCase.php(521): PHPUnit\\Framework\\TestCase->runTest()
#78 /Users/huzai/Documents/GitHub/LR-ProjectManager/vendor/phpunit/phpunit/src/Framework/TestRunner/TestRunner.php(99): PHPUnit\\Framework\\TestCase->runBare()
#79 /Users/huzai/Documents/GitHub/LR-ProjectManager/vendor/phpunit/phpunit/src/Framework/TestCase.php(361): PHPUnit\\Framework\\TestRunner->run(Object(Tests\\Feature\\Settings\\SecurityTest))
#80 /Users/huzai/Documents/GitHub/LR-ProjectManager/vendor/phpunit/phpunit/src/Framework/TestSuite.php(374): PHPUnit\\Framework\\TestCase->run()
#81 /Users/huzai/Documents/GitHub/LR-ProjectManager/vendor/phpunit/phpunit/src/Framework/TestSuite.php(374): PHPUnit\\Framework\\TestSuite->run()
#82 /Users/huzai/Documents/GitHub/LR-ProjectManager/vendor/phpunit/phpunit/src/Framework/TestSuite.php(374): PHPUnit\\Framework\\TestSuite->run()
#83 /Users/huzai/Documents/GitHub/LR-ProjectManager/vendor/phpunit/phpunit/src/TextUI/TestRunner.php(64): PHPUnit\\Framework\\TestSuite->run()
#84 /Users/huzai/Documents/GitHub/LR-ProjectManager/vendor/phpunit/phpunit/src/TextUI/Application.php(229): PHPUnit\\TextUI\\TestRunner->run(Object(PHPUnit\\TextUI\\Configuration\\Configuration), Object(PHPUnit\\Runner\\ResultCache\\DefaultResultCache), Object(PHPUnit\\Framework\\TestSuite))
#85 /Users/huzai/Documents/GitHub/LR-ProjectManager/vendor/phpunit/phpunit/phpunit(104): PHPUnit\\TextUI\\Application->run(Array)
#86 {main}
"} 
[2026-05-31 12:46:00] local.ERROR: Vite manifest not found at: /Users/huzai/Documents/GitHub/LR-ProjectManager/public/build/manifest.json (View: /Users/huzai/Documents/GitHub/LR-ProjectManager/resources/views/app.blade.php) {"exception":"[object] (Illuminate\\View\\ViewException(code: 0): Vite manifest not found at: /Users/huzai/Documents/GitHub/LR-ProjectManager/public/build/manifest.json (View: /Users/huzai/Documents/GitHub/LR-ProjectManager/resources/views/app.blade.php) at /Users/huzai/Documents/GitHub/LR-ProjectManager/vendor/laravel/framework/src/Illuminate/Foundation/Vite.php:960)
[stacktrace]
#0 /Users/huzai/Documents/GitHub/LR-ProjectManager/vendor/laravel/framework/src/Illuminate/View/Engines/PhpEngine.php(59): Illuminate\\View\\Engines\\CompilerEngine->handleViewException(Object(Illuminate\\Foundation\\ViteManifestNotFoundException), 1)
#1 /Users/huzai/Documents/GitHub/LR-ProjectManager/vendor/laravel/framework/src/Illuminate/View/Engines/CompilerEngine.php(76): Illuminate\\View\\Engines\\PhpEngine->evaluatePath('/Users/huzai/Do...', Array)
#2 /Users/huzai/Documents/GitHub/LR-ProjectManager/vendor/laravel/framework/src/Illuminate/View/View.php(208): Illuminate\\View\\Engines\\CompilerEngine->get('/Users/huzai/Do...', Array)
#3 /Users/huzai/Documents/GitHub/LR-ProjectManager/vendor/laravel/framework/src/Illuminate/View/View.php(191): Illuminate\\View\\View->getContents()
#4 /Users/huzai/Documents/GitHub/LR-ProjectManager/vendor/laravel/framework/src/Illuminate/View/View.php(160): Illuminate\\View\\View->renderContents()
#5 /Users/huzai/Documents/GitHub/LR-ProjectManager/vendor/laravel/framework/src/Illuminate/Http/Response.php(78): Illuminate\\View\\View->render()
#6 /Users/huzai/Documents/GitHub/LR-ProjectManager/vendor/laravel/framework/src/Illuminate/Http/Response.php(34): Illuminate\\Http\\Response->setContent(Object(Illuminate\\View\\View))
#7 /Users/huzai/Documents/GitHub/LR-ProjectManager/vendor/laravel/framework/src/Illuminate/Routing/ResponseFactory.php(61): Illuminate\\Http\\Response->__construct(Object(Illuminate\\View\\View), 200, Array)
#8 /Users/huzai/Documents/GitHub/LR-ProjectManager/vendor/laravel/framework/src/Illuminate/Routing/ResponseFactory.php(91): Illuminate\\Routing\\ResponseFactory->make(Object(Illuminate\\View\\View), 200, Array)
#9 /Users/huzai/Documents/GitHub/LR-ProjectManager/vendor/laravel/framework/src/Illuminate/Support/Facades/Facade.php(363): Illuminate\\Routing\\ResponseFactory->view('app', Array)
#10 /Users/huzai/Documents/GitHub/LR-ProjectManager/vendor/inertiajs/inertia-laravel/src/Response.php(211): Illuminate\\Support\\Facades\\Facade::__callStatic('view', Array)
#11 /Users/huzai/Documents/GitHub/LR-ProjectManager/vendor/laravel/fortify/src/Http/Responses/SimpleViewResponse.php(56): Inertia\\Response->toResponse(Object(Illuminate\\Http\\Request))
#12 /Users/huzai/Documents/GitHub/LR-ProjectManager/vendor/laravel/framework/src/Illuminate/Routing/Router.php(921): Laravel\\Fortify\\Http\\Responses\\SimpleViewResponse->toResponse(Object(Illuminate\\Http\\Request))
#13 /Users/huzai/Documents/GitHub/LR-ProjectManager/vendor/laravel/framework/src/Illuminate/Routing/Router.php(906): Illuminate\\Routing\\Router::toResponse(Object(Illuminate\\Http\\Request), Object(Laravel\\Fortify\\Http\\Responses\\SimpleViewResponse))
#14 /Users/huzai/Documents/GitHub/LR-ProjectManager/vendor/laravel/framework/src/Illuminate/Routing/Router.php(821): Illuminate\\Routing\\Router->prepareResponse(Object(Illuminate\\Http\\Request), Object(Laravel\\Fortify\\Http\\Responses\\SimpleViewResponse))
#15 /Users/huzai/Documents/GitHub/LR-ProjectManager/vendor/laravel/framework/src/Illuminate/Pipeline/Pipeline.php(180): Illuminate\\Routing\\Router->{closure:Illuminate\\Routing\\Router::runRouteWithinStack():821}(Object(Illuminate\\Http\\Request))
#16 /Users/huzai/Documents/GitHub/LR-ProjectManager/vendor/laravel/framework/src/Illuminate/Auth/Middleware/RedirectIfAuthenticated.php(47): Illuminate\\Pipeline\\Pipeline->{closure:Illuminate\\Pipeline\\Pipeline::prepareDestination():178}(Object(Illuminate\\Http\\Request))
#17 /Users/huzai/Documents/GitHub/LR-ProjectManager/vendor/laravel/framework/src/Illuminate/Pipeline/Pipeline.php(219): Illuminate\\Auth\\Middleware\\RedirectIfAuthenticated->handle(Object(Illuminate\\Http\\Request), Object(Closure), 'web')
#18 /Users/huzai/Documents/GitHub/LR-ProjectManager/vendor/laravel/framework/src/Illuminate/Http/Middleware/AddLinkHeadersForPreloadedAssets.php(32): Illuminate\\Pipeline\\Pipeline->{closure:{closure:Illuminate\\Pipeline\\Pipeline::carry():194}:195}(Object(Illuminate\\Http\\Request))
#19 /Users/huzai/Documents/GitHub/LR-ProjectManager/vendor/laravel/framework/src/Illuminate/Pipeline/Pipeline.php(219): Illuminate\\Http\\Middleware\\AddLinkHeadersForPreloadedAssets->handle(Object(Illuminate\\Http\\Request), Object(Closure))
#20 /Users/huzai/Documents/GitHub/LR-ProjectManager/vendor/inertiajs/inertia-laravel/src/Middleware.php(138): Illuminate\\Pipeline\\Pipeline->{closure:{closure:Illuminate\\Pipeline\\Pipeline::carry():194}:195}(Object(Illuminate\\Http\\Request))
#21 /Users/huzai/Documents/GitHub/LR-ProjectManager/vendor/laravel/framework/src/Illuminate/Pipeline/Pipeline.php(219): Inertia\\Middleware->handle(Object(Illuminate\\Http\\Request), Object(Closure))
#22 /Users/huzai/Documents/GitHub/LR-ProjectManager/app/Http/Middleware/HandleAppearance.php(21): Illuminate\\Pipeline\\Pipeline->{closure:{closure:Illuminate\\Pipeline\\Pipeline::carry():194}:195}(Object(Illuminate\\Http\\Request))
#23 /Users/huzai/Documents/GitHub/LR-ProjectManager/vendor/laravel/framework/src/Illuminate/Pipeline/Pipeline.php(219): App\\Http\\Middleware\\HandleAppearance->handle(Object(Illuminate\\Http\\Request), Object(Closure))
#24 /Users/huzai/Documents/GitHub/LR-ProjectManager/vendor/laravel/framework/src/Illuminate/Routing/Middleware/SubstituteBindings.php(52): Illuminate\\Pipeline\\Pipeline->{closure:{closure:Illuminate\\Pipeline\\Pipeline::carry():194}:195}(Object(Illuminate\\Http\\Request))
#25 /Users/huzai/Documents/GitHub/LR-ProjectManager/vendor/laravel/framework/src/Illuminate/Pipeline/Pipeline.php(219): Illuminate\\Routing\\Middleware\\SubstituteBindings->handle(Object(Illuminate\\Http\\Request), Object(Closure))
#26 /Users/huzai/Documents/GitHub/LR-ProjectManager/vendor/laravel/framework/src/Illuminate/Foundation/Http/Middleware/PreventRequestForgery.php(104): Illuminate\\Pipeline\\Pipeline->{closure:{closure:Illuminate\\Pipeline\\Pipeline::carry():194}:195}(Object(Illuminate\\Http\\Request))
#27 /Users/huzai/Documents/GitHub/LR-ProjectManager/vendor/laravel/framework/src/Illuminate/Pipeline/Pipeline.php(219): Illuminate\\Foundation\\Http\\Middleware\\PreventRequestForgery->handle(Object(Illuminate\\Http\\Request), Object(Closure))
#28 /Users/huzai/Documents/GitHub/LR-ProjectManager/vendor/laravel/framework/src/Illuminate/View/Middleware/ShareErrorsFromSession.php(48): Illuminate\\Pipeline\\Pipeline->{closure:{closure:Illuminate\\Pipeline\\Pipeline::carry():194}:195}(Object(Illuminate\\Http\\Request))
#29 /Users/huzai/Documents/GitHub/LR-ProjectManager/vendor/laravel/framework/src/Illuminate/Pipeline/Pipeline.php(219): Illuminate\\View\\Middleware\\ShareErrorsFromSession->handle(Object(Illuminate\\Http\\Request), Object(Closure))
#30 /Users/huzai/Documents/GitHub/LR-ProjectManager/vendor/laravel/framework/src/Illuminate/Session/Middleware/StartSession.php(120): Illuminate\\Pipeline\\Pipeline->{closure:{closure:Illuminate\\Pipeline\\Pipeline::carry():194}:195}(Object(Illuminate\\Http\\Request))
#31 /Users/huzai/Documents/GitHub/LR-ProjectManager/vendor/laravel/framework/src/Illuminate/Session/Middleware/StartSession.php(63): Illuminate\\Session\\Middleware\\StartSession->handleStatefulRequest(Object(Illuminate\\Http\\Request), Object(Illuminate\\Session\\Store), Object(Closure))
#32 /Users/huzai/Documents/GitHub/LR-ProjectManager/vendor/laravel/framework/src/Illuminate/Pipeline/Pipeline.php(219): Illuminate\\Session\\Middleware\\StartSession->handle(Object(Illuminate\\Http\\Request), Object(Closure))
#33 /Users/huzai/Documents/GitHub/LR-ProjectManager/vendor/laravel/framework/src/Illuminate/Cookie/Middleware/AddQueuedCookiesToResponse.php(36): Illuminate\\Pipeline\\Pipeline->{closure:{closure:Illuminate\\Pipeline\\Pipeline::carry():194}:195}(Object(Illuminate\\Http\\Request))
#34 /Users/huzai/Documents/GitHub/LR-ProjectManager/vendor/laravel/framework/src/Illuminate/Pipeline/Pipeline.php(219): Illuminate\\Cookie\\Middleware\\AddQueuedCookiesToResponse->handle(Object(Illuminate\\Http\\Request), Object(Closure))
#35 /Users/huzai/Documents/GitHub/LR-ProjectManager/vendor/laravel/framework/src/Illuminate/Cookie/Middleware/EncryptCookies.php(74): Illuminate\\Pipeline\\Pipeline->{closure:{closure:Illuminate\\Pipeline\\Pipeline::carry():194}:195}(Object(Illuminate\\Http\\Request))
#36 /Users/huzai/Documents/GitHub/LR-ProjectManager/vendor/laravel/framework/src/Illuminate/Pipeline/Pipeline.php(219): Illuminate\\Cookie\\Middleware\\EncryptCookies->handle(Object(Illuminate\\Http\\Request), Object(Closure))
#37 /Users/huzai/Documents/GitHub/LR-ProjectManager/vendor/laravel/framework/src/Illuminate/Pipeline/Pipeline.php(137): Illuminate\\Pipeline\\Pipeline->{closure:{closure:Illuminate\\Pipeline\\Pipeline::carry():194}:195}(Object(Illuminate\\Http\\Request))
#38 /Users/huzai/Documents/GitHub/LR-ProjectManager/vendor/laravel/framework/src/Illuminate/Routing/Router.php(821): Illuminate\\Pipeline\\Pipeline->then(Object(Closure))
#39 /Users/huzai/Documents/GitHub/LR-ProjectManager/vendor/laravel/framework/src/Illuminate/Routing/Router.php(800): Illuminate\\Routing\\Router->runRouteWithinStack(Object(Illuminate\\Routing\\Route), Object(Illuminate\\Http\\Request))
#40 /Users/huzai/Documents/GitHub/LR-ProjectManager/vendor/laravel/framework/src/Illuminate/Routing/Router.php(764): Illuminate\\Routing\\Router->runRoute(Object(Illuminate\\Http\\Request), Object(Illuminate\\Routing\\Route))
#41 /Users/huzai/Documents/GitHub/LR-ProjectManager/vendor/laravel/framework/src/Illuminate/Routing/Router.php(753): Illuminate\\Routing\\Router->dispatchToRoute(Object(Illuminate\\Http\\Request))
#42 /Users/huzai/Documents/GitHub/LR-ProjectManager/vendor/laravel/framework/src/Illuminate/Foundation/Http/Kernel.php(200): Illuminate\\Routing\\Router->dispatch(Object(Illuminate\\Http\\Request))
#43 /Users/huzai/Documents/GitHub/LR-ProjectManager/vendor/laravel/framework/src/Illuminate/Pipeline/Pipeline.php(180): Illuminate\\Foundation\\Http\\Kernel->{closure:Illuminate\\Foundation\\Http\\Kernel::dispatchToRouter():197}(Object(Illuminate\\Http\\Request))
#44 /Users/huzai/Documents/GitHub/LR-ProjectManager/vendor/inertiajs/inertia-laravel/src/Middleware/EnsureGetOnRedirect.php(19): Illuminate\\Pipeline\\Pipeline->{closure:Illuminate\\Pipeline\\Pipeline::prepareDestination():178}(Object(Illuminate\\Http\\Request))
#45 /Users/huzai/Documents/GitHub/LR-ProjectManager/vendor/laravel/framework/src/Illuminate/Pipeline/Pipeline.php(219): Inertia\\Middleware\\EnsureGetOnRedirect->handle(Object(Illuminate\\Http\\Request), Object(Closure))
#46 /Users/huzai/Documents/GitHub/LR-ProjectManager/vendor/laravel/framework/src/Illuminate/Foundation/Http/Middleware/TransformsRequest.php(21): Illuminate\\Pipeline\\Pipeline->{closure:{closure:Illuminate\\Pipeline\\Pipeline::carry():194}:195}(Object(Illuminate\\Http\\Request))
#47 /Users/huzai/Documents/GitHub/LR-ProjectManager/vendor/laravel/framework/src/Illuminate/Foundation/Http/Middleware/ConvertEmptyStringsToNull.php(31): Illuminate\\Foundation\\Http\\Middleware\\TransformsRequest->handle(Object(Illuminate\\Http\\Request), Object(Closure))
#48 /Users/huzai/Documents/GitHub/LR-ProjectManager/vendor/laravel/framework/src/Illuminate/Pipeline/Pipeline.php(219): Illuminate\\Foundation\\Http\\Middleware\\ConvertEmptyStringsToNull->handle(Object(Illuminate\\Http\\Request), Object(Closure))
#49 /Users/huzai/Documents/GitHub/LR-ProjectManager/vendor/laravel/framework/src/Illuminate/Foundation/Http/Middleware/TransformsRequest.php(21): Illuminate\\Pipeline\\Pipeline->{closure:{closure:Illuminate\\Pipeline\\Pipeline::carry():194}:195}(Object(Illuminate\\Http\\Request))
#50 /Users/huzai/Documents/GitHub/LR-ProjectManager/vendor/laravel/framework/src/Illuminate/Foundation/Http/Middleware/TrimStrings.php(51): Illuminate\\Foundation\\Http\\Middleware\\TransformsRequest->handle(Object(Illuminate\\Http\\Request), Object(Closure))
#51 /Users/huzai/Documents/GitHub/LR-ProjectManager/vendor/laravel/framework/src/Illuminate/Pipeline/Pipeline.php(219): Illuminate\\Foundation\\Http\\Middleware\\TrimStrings->handle(Object(Illuminate\\Http\\Request), Object(Closure))
#52 /Users/huzai/Documents/GitHub/LR-ProjectManager/vendor/laravel/framework/src/Illuminate/Http/Middleware/ValidatePostSize.php(27): Illuminate\\Pipeline\\Pipeline->{closure:{closure:Illuminate\\Pipeline\\Pipeline::carry():194}:195}(Object(Illuminate\\Http\\Request))
#53 /Users/huzai/Documents/GitHub/LR-ProjectManager/vendor/laravel/framework/src/Illuminate/Pipeline/Pipeline.php(219): Illuminate\\Http\\Middleware\\ValidatePostSize->handle(Object(Illuminate\\Http\\Request), Object(Closure))
#54 /Users/huzai/Documents/GitHub/LR-ProjectManager/vendor/laravel/framework/src/Illuminate/Foundation/Http/Middleware/PreventRequestsDuringMaintenance.php(109): Illuminate\\Pipeline\\Pipeline->{closure:{closure:Illuminate\\Pipeline\\Pipeline::carry():194}:195}(Object(Illuminate\\Http\\Request))
#55 /Users/huzai/Documents/GitHub/LR-ProjectManager/vendor/laravel/framework/src/Illuminate/Pipeline/Pipeline.php(219): Illuminate\\Foundation\\Http\\Middleware\\PreventRequestsDuringMaintenance->handle(Object(Illuminate\\Http\\Request), Object(Closure))
#56 /Users/huzai/Documents/GitHub/LR-ProjectManager/vendor/laravel/framework/src/Illuminate/Http/Middleware/HandleCors.php(61): Illuminate\\Pipeline\\Pipeline->{closure:{closure:Illuminate\\Pipeline\\Pipeline::carry():194}:195}(Object(Illuminate\\Http\\Request))
#57 /Users/huzai/Documents/GitHub/LR-ProjectManager/vendor/laravel/framework/src/Illuminate/Pipeline/Pipeline.php(219): Illuminate\\Http\\Middleware\\HandleCors->handle(Object(Illuminate\\Http\\Request), Object(Closure))
#58 /Users/huzai/Documents/GitHub/LR-ProjectManager/vendor/laravel/framework/src/Illuminate/Http/Middleware/TrustProxies.php(58): Illuminate\\Pipeline\\Pipeline->{closure:{closure:Illuminate\\Pipeline\\Pipeline::carry():194}:195}(Object(Illuminate\\Http\\Request))
#59 /Users/huzai/Documents/GitHub/LR-ProjectManager/vendor/laravel/framework/src/Illuminate/Pipeline/Pipeline.php(219): Illuminate\\Http\\Middleware\\TrustProxies->handle(Object(Illuminate\\Http\\Request), Object(Closure))
#60 /Users/huzai/Documents/GitHub/LR-ProjectManager/vendor/laravel/framework/src/Illuminate/Foundation/Http/Middleware/InvokeDeferredCallbacks.php(22): Illuminate\\Pipeline\\Pipeline->{closure:{closure:Illuminate\\Pipeline\\Pipeline::carry():194}:195}(Object(Illuminate\\Http\\Request))
#61 /Users/huzai/Documents/GitHub/LR-ProjectManager/vendor/laravel/framework/src/Illuminate/Pipeline/Pipeline.php(219): Illuminate\\Foundation\\Http\\Middleware\\InvokeDeferredCallbacks->handle(Object(Illuminate\\Http\\Request), Object(Closure))
#62 /Users/huzai/Documents/GitHub/LR-ProjectManager/vendor/laravel/framework/src/Illuminate/Http/Middleware/ValidatePathEncoding.php(28): Illuminate\\Pipeline\\Pipeline->{closure:{closure:Illuminate\\Pipeline\\Pipeline::carry():194}:195}(Object(Illuminate\\Http\\Request))
#63 /Users/huzai/Documents/GitHub/LR-ProjectManager/vendor/laravel/framework/src/Illuminate/Pipeline/Pipeline.php(219): Illuminate\\Http\\Middleware\\ValidatePathEncoding->handle(Object(Illuminate\\Http\\Request), Object(Closure))
#64 /Users/huzai/Documents/GitHub/LR-ProjectManager/vendor/laravel/framework/src/Illuminate/Pipeline/Pipeline.php(137): Illuminate\\Pipeline\\Pipeline->{closure:{closure:Illuminate\\Pipeline\\Pipeline::carry():194}:195}(Object(Illuminate\\Http\\Request))
#65 /Users/huzai/Documents/GitHub/LR-ProjectManager/vendor/laravel/framework/src/Illuminate/Foundation/Http/Kernel.php(175): Illuminate\\Pipeline\\Pipeline->then(Object(Closure))
#66 /Users/huzai/Documents/GitHub/LR-ProjectManager/vendor/laravel/framework/src/Illuminate/Foundation/Http/Kernel.php(144): Illuminate\\Foundation\\Http\\Kernel->sendRequestThroughRouter(Object(Illuminate\\Http\\Request))
#67 /Users/huzai/Documents/GitHub/LR-ProjectManager/vendor/laravel/framework/src/Illuminate/Foundation/Application.php(1220): Illuminate\\Foundation\\Http\\Kernel->handle(Object(Illuminate\\Http\\Request))
#68 /Users/huzai/Documents/GitHub/LR-ProjectManager/public/index.php(20): Illuminate\\Foundation\\Application->handleRequest(Object(Illuminate\\Http\\Request))
#69 /Users/huzai/Documents/GitHub/LR-ProjectManager/vendor/laravel/framework/src/Illuminate/Foundation/resources/server.php(23): require_once('/Users/huzai/Do...')
#70 {main}

[previous exception] [object] (Illuminate\\Foundation\\ViteManifestNotFoundException(code: 0): Vite manifest not found at: /Users/huzai/Documents/GitHub/LR-ProjectManager/public/build/manifest.json at /Users/huzai/Documents/GitHub/LR-ProjectManager/vendor/laravel/framework/src/Illuminate/Foundation/Vite.php:960)
[stacktrace]
#0 /Users/huzai/Documents/GitHub/LR-ProjectManager/vendor/laravel/framework/src/Illuminate/Foundation/Vite.php(398): Illuminate\\Foundation\\Vite->manifest('build')
#1 /Users/huzai/Documents/GitHub/LR-ProjectManager/storage/framework/views/cc980059043f8a994bd2e0d5afbf0963.php(40): Illuminate\\Foundation\\Vite->__invoke(Object(Illuminate\\Support\\Collection))
#2 /Users/huzai/Documents/GitHub/LR-ProjectManager/vendor/laravel/framework/src/Illuminate/Filesystem/Filesystem.php(123): require('/Users/huzai/Do...')
#3 /Users/huzai/Documents/GitHub/LR-ProjectManager/vendor/laravel/framework/src/Illuminate/Filesystem/Filesystem.php(124): Illuminate\\Filesystem\\Filesystem::{closure:Illuminate\\Filesystem\\Filesystem::getRequire():120}()
#4 /Users/huzai/Documents/GitHub/LR-ProjectManager/vendor/laravel/framework/src/Illuminate/View/Engines/PhpEngine.php(57): Illuminate\\Filesystem\\Filesystem->getRequire('/Users/huzai/Do...', Array)
#5 /Users/huzai/Documents/GitHub/LR-ProjectManager/vendor/laravel/framework/src/Illuminate/View/Engines/CompilerEngine.php(76): Illuminate\\View\\Engines\\PhpEngine->evaluatePath('/Users/huzai/Do...', Array)
#6 /Users/huzai/Documents/GitHub/LR-ProjectManager/vendor/laravel/framework/src/Illuminate/View/View.php(208): Illuminate\\View\\Engines\\CompilerEngine->get('/Users/huzai/Do...', Array)
#7 /Users/huzai/Documents/GitHub/LR-ProjectManager/vendor/laravel/framework/src/Illuminate/View/View.php(191): Illuminate\\View\\View->getContents()
#8 /Users/huzai/Documents/GitHub/LR-ProjectManager/vendor/laravel/framework/src/Illuminate/View/View.php(160): Illuminate\\View\\View->renderContents()
#9 /Users/huzai/Documents/GitHub/LR-ProjectManager/vendor/laravel/framework/src/Illuminate/Http/Response.php(78): Illuminate\\View\\View->render()
#10 /Users/huzai/Documents/GitHub/LR-ProjectManager/vendor/laravel/framework/src/Illuminate/Http/Response.php(34): Illuminate\\Http\\Response->setContent(Object(Illuminate\\View\\View))
#11 /Users/huzai/Documents/GitHub/LR-ProjectManager/vendor/laravel/framework/src/Illuminate/Routing/ResponseFactory.php(61): Illuminate\\Http\\Response->__construct(Object(Illuminate\\View\\View), 200, Array)
#12 /Users/huzai/Documents/GitHub/LR-ProjectManager/vendor/laravel/framework/src/Illuminate/Routing/ResponseFactory.php(91): Illuminate\\Routing\\ResponseFactory->make(Object(Illuminate\\View\\View), 200, Array)
#13 /Users/huzai/Documents/GitHub/LR-ProjectManager/vendor/laravel/framework/src/Illuminate/Support/Facades/Facade.php(363): Illuminate\\Routing\\ResponseFactory->view('app', Array)
#14 /Users/huzai/Documents/GitHub/LR-ProjectManager/vendor/inertiajs/inertia-laravel/src/Response.php(211): Illuminate\\Support\\Facades\\Facade::__callStatic('view', Array)
#15 /Users/huzai/Documents/GitHub/LR-ProjectManager/vendor/laravel/fortify/src/Http/Responses/SimpleViewResponse.php(56): Inertia\\Response->toResponse(Object(Illuminate\\Http\\Request))
#16 /Users/huzai/Documents/GitHub/LR-ProjectManager/vendor/laravel/framework/src/Illuminate/Routing/Router.php(921): Laravel\\Fortify\\Http\\Responses\\SimpleViewResponse->toResponse(Object(Illuminate\\Http\\Request))
#17 /Users/huzai/Documents/GitHub/LR-ProjectManager/vendor/laravel/framework/src/Illuminate/Routing/Router.php(906): Illuminate\\Routing\\Router::toResponse(Object(Illuminate\\Http\\Request), Object(Laravel\\Fortify\\Http\\Responses\\SimpleViewResponse))
#18 /Users/huzai/Documents/GitHub/LR-ProjectManager/vendor/laravel/framework/src/Illuminate/Routing/Router.php(821): Illuminate\\Routing\\Router->prepareResponse(Object(Illuminate\\Http\\Request), Object(Laravel\\Fortify\\Http\\Responses\\SimpleViewResponse))
#19 /Users/huzai/Documents/GitHub/LR-ProjectManager/vendor/laravel/framework/src/Illuminate/Pipeline/Pipeline.php(180): Illuminate\\Routing\\Router->{closure:Illuminate\\Routing\\Router::runRouteWithinStack():821}(Object(Illuminate\\Http\\Request))
#20 /Users/huzai/Documents/GitHub/LR-ProjectManager/vendor/laravel/framework/src/Illuminate/Auth/Middleware/RedirectIfAuthenticated.php(47): Illuminate\\Pipeline\\Pipeline->{closure:Illuminate\\Pipeline\\Pipeline::prepareDestination():178}(Object(Illuminate\\Http\\Request))
#21 /Users/huzai/Documents/GitHub/LR-ProjectManager/vendor/laravel/framework/src/Illuminate/Pipeline/Pipeline.php(219): Illuminate\\Auth\\Middleware\\RedirectIfAuthenticated->handle(Object(Illuminate\\Http\\Request), Object(Closure), 'web')
#22 /Users/huzai/Documents/GitHub/LR-ProjectManager/vendor/laravel/framework/src/Illuminate/Http/Middleware/AddLinkHeadersForPreloadedAssets.php(32): Illuminate\\Pipeline\\Pipeline->{closure:{closure:Illuminate\\Pipeline\\Pipeline::carry():194}:195}(Object(Illuminate\\Http\\Request))
#23 /Users/huzai/Documents/GitHub/LR-ProjectManager/vendor/laravel/framework/src/Illuminate/Pipeline/Pipeline.php(219): Illuminate\\Http\\Middleware\\AddLinkHeadersForPreloadedAssets->handle(Object(Illuminate\\Http\\Request), Object(Closure))
#24 /Users/huzai/Documents/GitHub/LR-ProjectManager/vendor/inertiajs/inertia-laravel/src/Middleware.php(138): Illuminate\\Pipeline\\Pipeline->{closure:{closure:Illuminate\\Pipeline\\Pipeline::carry():194}:195}(Object(Illuminate\\Http\\Request))
#25 /Users/huzai/Documents/GitHub/LR-ProjectManager/vendor/laravel/framework/src/Illuminate/Pipeline/Pipeline.php(219): Inertia\\Middleware->handle(Object(Illuminate\\Http\\Request), Object(Closure))
#26 /Users/huzai/Documents/GitHub/LR-ProjectManager/app/Http/Middleware/HandleAppearance.php(21): Illuminate\\Pipeline\\Pipeline->{closure:{closure:Illuminate\\Pipeline\\Pipeline::carry():194}:195}(Object(Illuminate\\Http\\Request))
#27 /Users/huzai/Documents/GitHub/LR-ProjectManager/vendor/laravel/framework/src/Illuminate/Pipeline/Pipeline.php(219): App\\Http\\Middleware\\HandleAppearance->handle(Object(Illuminate\\Http\\Request), Object(Closure))
#28 /Users/huzai/Documents/GitHub/LR-ProjectManager/vendor/laravel/framework/src/Illuminate/Routing/Middleware/SubstituteBindings.php(52): Illuminate\\Pipeline\\Pipeline->{closure:{closure:Illuminate\\Pipeline\\Pipeline::carry():194}:195}(Object(Illuminate\\Http\\Request))
#29 /Users/huzai/Documents/GitHub/LR-ProjectManager/vendor/laravel/framework/src/Illuminate/Pipeline/Pipeline.php(219): Illuminate\\Routing\\Middleware\\SubstituteBindings->handle(Object(Illuminate\\Http\\Request), Object(Closure))
#30 /Users/huzai/Documents/GitHub/LR-ProjectManager/vendor/laravel/framework/src/Illuminate/Foundation/Http/Middleware/PreventRequestForgery.php(104): Illuminate\\Pipeline\\Pipeline->{closure:{closure:Illuminate\\Pipeline\\Pipeline::carry():194}:195}(Object(Illuminate\\Http\\Request))
#31 /Users/huzai/Documents/GitHub/LR-ProjectManager/vendor/laravel/framework/src/Illuminate/Pipeline/Pipeline.php(219): Illuminate\\Foundation\\Http\\Middleware\\PreventRequestForgery->handle(Object(Illuminate\\Http\\Request), Object(Closure))
#32 /Users/huzai/Documents/GitHub/LR-ProjectManager/vendor/laravel/framework/src/Illuminate/View/Middleware/ShareErrorsFromSession.php(48): Illuminate\\Pipeline\\Pipeline->{closure:{closure:Illuminate\\Pipeline\\Pipeline::carry():194}:195}(Object(Illuminate\\Http\\Request))
#33 /Users/huzai/Documents/GitHub/LR-ProjectManager/vendor/laravel/framework/src/Illuminate/Pipeline/Pipeline.php(219): Illuminate\\View\\Middleware\\ShareErrorsFromSession->handle(Object(Illuminate\\Http\\Request), Object(Closure))
#34 /Users/huzai/Documents/GitHub/LR-ProjectManager/vendor/laravel/framework/src/Illuminate/Session/Middleware/StartSession.php(120): Illuminate\\Pipeline\\Pipeline->{closure:{closure:Illuminate\\Pipeline\\Pipeline::carry():194}:195}(Object(Illuminate\\Http\\Request))
#35 /Users/huzai/Documents/GitHub/LR-ProjectManager/vendor/laravel/framework/src/Illuminate/Session/Middleware/StartSession.php(63): Illuminate\\Session\\Middleware\\StartSession->handleStatefulRequest(Object(Illuminate\\Http\\Request), Object(Illuminate\\Session\\Store), Object(Closure))
#36 /Users/huzai/Documents/GitHub/LR-ProjectManager/vendor/laravel/framework/src/Illuminate/Pipeline/Pipeline.php(219): Illuminate\\Session\\Middleware\\StartSession->handle(Object(Illuminate\\Http\\Request), Object(Closure))
#37 /Users/huzai/Documents/GitHub/LR-ProjectManager/vendor/laravel/framework/src/Illuminate/Cookie/Middleware/AddQueuedCookiesToResponse.php(36): Illuminate\\Pipeline\\Pipeline->{closure:{closure:Illuminate\\Pipeline\\Pipeline::carry():194}:195}(Object(Illuminate\\Http\\Request))
#38 /Users/huzai/Documents/GitHub/LR-ProjectManager/vendor/laravel/framework/src/Illuminate/Pipeline/Pipeline.php(219): Illuminate\\Cookie\\Middleware\\AddQueuedCookiesToResponse->handle(Object(Illuminate\\Http\\Request), Object(Closure))
#39 /Users/huzai/Documents/GitHub/LR-ProjectManager/vendor/laravel/framework/src/Illuminate/Cookie/Middleware/EncryptCookies.php(74): Illuminate\\Pipeline\\Pipeline->{closure:{closure:Illuminate\\Pipeline\\Pipeline::carry():194}:195}(Object(Illuminate\\Http\\Request))
#40 /Users/huzai/Documents/GitHub/LR-ProjectManager/vendor/laravel/framework/src/Illuminate/Pipeline/Pipeline.php(219): Illuminate\\Cookie\\Middleware\\EncryptCookies->handle(Object(Illuminate\\Http\\Request), Object(Closure))
#41 /Users/huzai/Documents/GitHub/LR-ProjectManager/vendor/laravel/framework/src/Illuminate/Pipeline/Pipeline.php(137): Illuminate\\Pipeline\\Pipeline->{closure:{closure:Illuminate\\Pipeline\\Pipeline::carry():194}:195}(Object(Illuminate\\Http\\Request))
#42 /Users/huzai/Documents/GitHub/LR-ProjectManager/vendor/laravel/framework/src/Illuminate/Routing/Router.php(821): Illuminate\\Pipeline\\Pipeline->then(Object(Closure))
#43 /Users/huzai/Documents/GitHub/LR-ProjectManager/vendor/laravel/framework/src/Illuminate/Routing/Router.php(800): Illuminate\\Routing\\Router->runRouteWithinStack(Object(Illuminate\\Routing\\Route), Object(Illuminate\\Http\\Request))
#44 /Users/huzai/Documents/GitHub/LR-ProjectManager/vendor/laravel/framework/src/Illuminate/Routing/Router.php(764): Illuminate\\Routing\\Router->runRoute(Object(Illuminate\\Http\\Request), Object(Illuminate\\Routing\\Route))
#45 /Users/huzai/Documents/GitHub/LR-ProjectManager/vendor/laravel/framework/src/Illuminate/Routing/Router.php(753): Illuminate\\Routing\\Router->dispatchToRoute(Object(Illuminate\\Http\\Request))
#46 /Users/huzai/Documents/GitHub/LR-ProjectManager/vendor/laravel/framework/src/Illuminate/Foundation/Http/Kernel.php(200): Illuminate\\Routing\\Router->dispatch(Object(Illuminate\\Http\\Request))
#47 /Users/huzai/Documents/GitHub/LR-ProjectManager/vendor/laravel/framework/src/Illuminate/Pipeline/Pipeline.php(180): Illuminate\\Foundation\\Http\\Kernel->{closure:Illuminate\\Foundation\\Http\\Kernel::dispatchToRouter():197}(Object(Illuminate\\Http\\Request))
#48 /Users/huzai/Documents/GitHub/LR-ProjectManager/vendor/inertiajs/inertia-laravel/src/Middleware/EnsureGetOnRedirect.php(19): Illuminate\\Pipeline\\Pipeline->{closure:Illuminate\\Pipeline\\Pipeline::prepareDestination():178}(Object(Illuminate\\Http\\Request))
#49 /Users/huzai/Documents/GitHub/LR-ProjectManager/vendor/laravel/framework/src/Illuminate/Pipeline/Pipeline.php(219): Inertia\\Middleware\\EnsureGetOnRedirect->handle(Object(Illuminate\\Http\\Request), Object(Closure))
#50 /Users/huzai/Documents/GitHub/LR-ProjectManager/vendor/laravel/framework/src/Illuminate/Foundation/Http/Middleware/TransformsRequest.php(21): Illuminate\\Pipeline\\Pipeline->{closure:{closure:Illuminate\\Pipeline\\Pipeline::carry():194}:195}(Object(Illuminate\\Http\\Request))
#51 /Users/huzai/Documents/GitHub/LR-ProjectManager/vendor/laravel/framework/src/Illuminate/Foundation/Http/Middleware/ConvertEmptyStringsToNull.php(31): Illuminate\\Foundation\\Http\\Middleware\\TransformsRequest->handle(Object(Illuminate\\Http\\Request), Object(Closure))
#52 /Users/huzai/Documents/GitHub/LR-ProjectManager/vendor/laravel/framework/src/Illuminate/Pipeline/Pipeline.php(219): Illuminate\\Foundation\\Http\\Middleware\\ConvertEmptyStringsToNull->handle(Object(Illuminate\\Http\\Request), Object(Closure))
#53 /Users/huzai/Documents/GitHub/LR-ProjectManager/vendor/laravel/framework/src/Illuminate/Foundation/Http/Middleware/TransformsRequest.php(21): Illuminate\\Pipeline\\Pipeline->{closure:{closure:Illuminate\\Pipeline\\Pipeline::carry():194}:195}(Object(Illuminate\\Http\\Request))
#54 /Users/huzai/Documents/GitHub/LR-ProjectManager/vendor/laravel/framework/src/Illuminate/Foundation/Http/Middleware/TrimStrings.php(51): Illuminate\\Foundation\\Http\\Middleware\\TransformsRequest->handle(Object(Illuminate\\Http\\Request), Object(Closure))
#55 /Users/huzai/Documents/GitHub/LR-ProjectManager/vendor/laravel/framework/src/Illuminate/Pipeline/Pipeline.php(219): Illuminate\\Foundation\\Http\\Middleware\\TrimStrings->handle(Object(Illuminate\\Http\\Request), Object(Closure))
#56 /Users/huzai/Documents/GitHub/LR-ProjectManager/vendor/laravel/framework/src/Illuminate/Http/Middleware/ValidatePostSize.php(27): Illuminate\\Pipeline\\Pipeline->{closure:{closure:Illuminate\\Pipeline\\Pipeline::carry():194}:195}(Object(Illuminate\\Http\\Request))
#57 /Users/huzai/Documents/GitHub/LR-ProjectManager/vendor/laravel/framework/src/Illuminate/Pipeline/Pipeline.php(219): Illuminate\\Http\\Middleware\\ValidatePostSize->handle(Object(Illuminate\\Http\\Request), Object(Closure))
#58 /Users/huzai/Documents/GitHub/LR-ProjectManager/vendor/laravel/framework/src/Illuminate/Foundation/Http/Middleware/PreventRequestsDuringMaintenance.php(109): Illuminate\\Pipeline\\Pipeline->{closure:{closure:Illuminate\\Pipeline\\Pipeline::carry():194}:195}(Object(Illuminate\\Http\\Request))
#59 /Users/huzai/Documents/GitHub/LR-ProjectManager/vendor/laravel/framework/src/Illuminate/Pipeline/Pipeline.php(219): Illuminate\\Foundation\\Http\\Middleware\\PreventRequestsDuringMaintenance->handle(Object(Illuminate\\Http\\Request), Object(Closure))
#60 /Users/huzai/Documents/GitHub/LR-ProjectManager/vendor/laravel/framework/src/Illuminate/Http/Middleware/HandleCors.php(61): Illuminate\\Pipeline\\Pipeline->{closure:{closure:Illuminate\\Pipeline\\Pipeline::carry():194}:195}(Object(Illuminate\\Http\\Request))
#61 /Users/huzai/Documents/GitHub/LR-ProjectManager/vendor/laravel/framework/src/Illuminate/Pipeline/Pipeline.php(219): Illuminate\\Http\\Middleware\\HandleCors->handle(Object(Illuminate\\Http\\Request), Object(Closure))
#62 /Users/huzai/Documents/GitHub/LR-ProjectManager/vendor/laravel/framework/src/Illuminate/Http/Middleware/TrustProxies.php(58): Illuminate\\Pipeline\\Pipeline->{closure:{closure:Illuminate\\Pipeline\\Pipeline::carry():194}:195}(Object(Illuminate\\Http\\Request))
#63 /Users/huzai/Documents/GitHub/LR-ProjectManager/vendor/laravel/framework/src/Illuminate/Pipeline/Pipeline.php(219): Illuminate\\Http\\Middleware\\TrustProxies->handle(Object(Illuminate\\Http\\Request), Object(Closure))
#64 /Users/huzai/Documents/GitHub/LR-ProjectManager/vendor/laravel/framework/src/Illuminate/Foundation/Http/Middleware/InvokeDeferredCallbacks.php(22): Illuminate\\Pipeline\\Pipeline->{closure:{closure:Illuminate\\Pipeline\\Pipeline::carry():194}:195}(Object(Illuminate\\Http\\Request))
#65 /Users/huzai/Documents/GitHub/LR-ProjectManager/vendor/laravel/framework/src/Illuminate/Pipeline/Pipeline.php(219): Illuminate\\Foundation\\Http\\Middleware\\InvokeDeferredCallbacks->handle(Object(Illuminate\\Http\\Request), Object(Closure))
#66 /Users/huzai/Documents/GitHub/LR-ProjectManager/vendor/laravel/framework/src/Illuminate/Http/Middleware/ValidatePathEncoding.php(28): Illuminate\\Pipeline\\Pipeline->{closure:{closure:Illuminate\\Pipeline\\Pipeline::carry():194}:195}(Object(Illuminate\\Http\\Request))
#67 /Users/huzai/Documents/GitHub/LR-ProjectManager/vendor/laravel/framework/src/Illuminate/Pipeline/Pipeline.php(219): Illuminate\\Http\\Middleware\\ValidatePathEncoding->handle(Object(Illuminate\\Http\\Request), Object(Closure))
#68 /Users/huzai/Documents/GitHub/LR-ProjectManager/vendor/laravel/framework/src/Illuminate/Pipeline/Pipeline.php(137): Illuminate\\Pipeline\\Pipeline->{closure:{closure:Illuminate\\Pipeline\\Pipeline::carry():194}:195}(Object(Illuminate\\Http\\Request))
#69 /Users/huzai/Documents/GitHub/LR-ProjectManager/vendor/laravel/framework/src/Illuminate/Foundation/Http/Kernel.php(175): Illuminate\\Pipeline\\Pipeline->then(Object(Closure))
#70 /Users/huzai/Documents/GitHub/LR-ProjectManager/vendor/laravel/framework/src/Illuminate/Foundation/Http/Kernel.php(144): Illuminate\\Foundation\\Http\\Kernel->sendRequestThroughRouter(Object(Illuminate\\Http\\Request))
#71 /Users/huzai/Documents/GitHub/LR-ProjectManager/vendor/laravel/framework/src/Illuminate/Foundation/Application.php(1220): Illuminate\\Foundation\\Http\\Kernel->handle(Object(Illuminate\\Http\\Request))
#72 /Users/huzai/Documents/GitHub/LR-ProjectManager/public/index.php(20): Illuminate\\Foundation\\Application->handleRequest(Object(Illuminate\\Http\\Request))
#73 /Users/huzai/Documents/GitHub/LR-ProjectManager/vendor/laravel/framework/src/Illuminate/Foundation/resources/server.php(23): require_once('/Users/huzai/Do...')
#74 {main}
"} 
